ID,CATID,RA,DEC,FIELD,KRON_RADIUS,A_IMAGE,B_IMAGE,THETA_IMAGE,RH_F200W,FWHM_F200W,FLUX_115,FLUXERR_115,FLUX_150,FLUXERR_150,FLUX_200,FLUXERR_200,FLUX_277,FLUXERR_277,FLUX_356,FLUXERR_356,FLUX_410,FLUXERR_410,FLUX_444,FLUXERR_444,FLUX_606,FLUXERR_606,FLUX_814,FLUXERR_814,FLUX_105,FLUXERR_105,FLUX_125,FLUXERR_125,FLUX_140,FLUXERR_140,FLUX_160,FLUXERR_160,c_Hmag,c_zbest,c_zspec,c_mass,c_sfrtot,c_U,c_V,c_J,c_gf_phy_re_h,c_zhu_sig1,c_ACS_F606W_FLUX,c_ACS_F606W_FLUXERR,c_ACS_F814W_FLUX,c_ACS_F814W_FLUXERR,c_WFC3_F140W_FLUX,c_WFC3_F140W_FLUXERR,c_WFC3_F125W_FLUX,c_WFC3_F125W_FLUXERR,c_WFC3_F160W_FLUX,c_WFC3_F160W_FLUXERR,sepmos,Kmag,m_zspec,m_zspec_zqual,m_zspec_use,id_2,ra,dec,z_spec,nusefilt,z_ml,z_ml_chi2,z_ml_risk,z_phot,z_phot_chi2,z_phot_risk,z_min_risk,min_risk,z_raw_chi2,raw_chi2,z025,z160,z500,z840,z975,restU,restU_err,restB,restB_err,restV,restV_err,restJ,restJ_err,dL,Lv,mass,sfr,LIR,energy_abs,Av,lw_age_V,MLv,UV,VJ,lmass,ZA_finkelstein,ZPEAK_finkelstein,fullname,fullname_v02,id,fast_z,fast_ltau,fast_metal,fast_lage,fast_Av,fast_lmass,fast_lsfr,fast_lssfr,fast_la2t,fast_chi2,with_miri,excess,flag,F115W_MAG,F115W_MAG_ERR,F115W_RE,F115W_RE_ERR,F115W_N,F115W_N_ERR,F115W_Q,F115W_Q_ERR,F115W_PA,F115W_PA_ERR,F115W_FLAG,F150W_MAG,F150W_MAG_ERR,F150W_RE,F150W_RE_ERR,F150W_N,F150W_N_ERR,F150W_Q,F150W_Q_ERR,F150W_PA,F150W_PA_ERR,F150W_FLAG,F200W_MAG,F200W_MAG_ERR,F200W_RE,F200W_RE_ERR,F200W_N,F200W_N_ERR,F200W_Q,F200W_Q_ERR,F200W_PA,F200W_PA_ERR,F200W_FLAG,F277W_MAG,F277W_MAG_ERR,F277W_RE,F277W_RE_ERR,F277W_N,F277W_N_ERR,F277W_Q,F277W_Q_ERR,F277W_PA,F277W_PA_ERR,F277W_FLAG,F356W_MAG,F356W_MAG_ERR,F356W_RE,F356W_RE_ERR,F356W_N,F356W_N_ERR,F356W_Q,F356W_Q_ERR,F356W_PA,F356W_PA_ERR,F356W_FLAG,F444W_MAG,F444W_MAG_ERR,F444W_RE,F444W_RE_ERR,F444W_N,F444W_N_ERR,F444W_Q,F444W_Q_ERR,F444W_PA,F444W_PA_ERR,F444W_FLAG,lgSigma1,nSigma1,beta,beta_dark,lmass_p
962,1047,214.9761426,52.9914881,1,1.69,14.484,12.401,49.36,10.124,16.55,294.3249591,15.03474272,1128.747472,17.5821683,1757.123353,16.99298531,2585.133705,16.99954198,3973.3517,22.89580788,4964.522377,44.09436053,6063.279402,38.69507472,88.58785625,76.30154407,152.5469618,137.0186381,0,2.76E+13,513.2171719,61.20089579,615.6145554,44.5411278,1222.764244,142.7878376,23.5429,2.18,2.526873112,10.57,193.412,-19.873238,-21.394343,-22.881779,3.711540402,-99,89.7602372,24.6230979,209.777655,46.1394257,982.886605,93.6757399,537.470639,54.4897336,1389.38633,68.2080959,0.034450726,23.28799437,2.526873,2,2.526873,962,214.9761426,52.9914881,2.526873112,12,2.569101,78.66015,0.004481651,2.569101,78.66015,0.004481651,2.5606756,0.004595359,2.5606756,78.76966,2.4915566,2.53298,2.5688522,2.6019182,2.6376417,463.99484,26.178345,1240.5875,33.675964,1716.2653,26.948608,6085.882,65.9458,21077.87969,36535068940,38000389913,0.093501899,8298391937,0,1.131232469,-99,1.040107245,1.4201783,1.3743478,10.57978805,2.56,2.57127092,nircam1-1047,nircam1-824,962,2.57,8.3,0.02,8.3,1.9,10.32,1.93,-8.4,0,101,0,26.77165354,1,25.6766,0.0297,0.312312,0.014397,0.7017,0.0587,0.788,0.0265,55.3367,6.6617,0,23.8041,0.0112,0.465417,0.007431,1.0087,0.0211,0.8008,0.0085,36.2987,2.188,0,23.2539,0.008,0.458136,0.004827,1.5676,0.0177,0.7899,0.005,17.163902,1.3157,0,22.8975,0.0067,0.36886197,0.00405,2.5196,0.0258,0.7629,0.0043,2.022499,0.6856,0,22.437,0.0046,0.294063,0.002817,4.6598,0.0395,0.7044,0.0031,-0.2546997,0.3759,0,22.0313,0.0059,0.17919599,0.002469,8,0.1132,0.6484,0.0032,-4.4678993,0.3236,0,9.71E+00,4.28E-01,8.67E-02,1.922187665,10.69188699
1290,1394,214.9578766,52.98030101,1,1.6,5.653,5.001,14.85,2.667,3.99,136.3431678,5.513563732,323.3279659,7.909276488,1316.15883,11.17405409,1940.723885,10.65171347,1973.5666,9.142647399,2304.232679,13.14134952,2482.756004,9.405581769,21.98047513,22.91672625,58.1205985,55.99824609,0,8.32E+12,165.5309639,21.79415018,195.6341149,17.11126374,316.0093093,46.05053642,-99,-99,-99,-99,-99,-99,-99,-99,-99,-99,-99,-99,-99,-99,-99,-99,-99,-99,-99,-99,0.319155707,23.60172925,-99,-99,-99,1290,214.9578766,52.98030101,-99,12,3.454054,82.23994,0.001686772,3.454054,82.23994,0.001686772,3.436875,0.00246137,3.436875,82.57523,3.405683,3.4284494,3.454548,3.4815295,3.5159514,438.6168,37.788116,1228.7924,22.27362,1723.0144,28.58374,2910.2087,811.68604,30096.30199,59922542979,45297904703,0.583000637,10451377193,0,0.224333578,-99,0.755940961,1.4855093,0.5690881,10.65607811,3.61,3.580593991,nircam1-1394,nircam1-1085,1290,3.45,8.3,0.02,9,0,10.45,0.19,-10.26,0.7,68,0,12.58992806,0,25.9883,0,0.095685,0,3.8177,0,0.6001,0,64.7776,0,0,25.1299,0.0164,0.071885996,0.001935,3.1697,0.1826,0.6322,0.0149,73.8376,1.6534,0,23.6188,0,0.064047,0,3.1062,0.0001,0.5976,0,76.4962,0,0,23.2202,0.0013,0.054468,0.000255,3.5662,0.0394,0.5988,0.0034,77.255905,0.3121,0,23.2037,0,0.047721,0,3.613,0,0.6222,0,77.8767,0,0,22.9724,0,0.05106,0,3.1509,0,0.5592,0,79.035,0,0,1.01E+01,7.89E-01,-4.86E-01,-99,10.75137168
2490,2662,214.9818175,52.99123408,1,1.6,7.532,6.612,3.09,3.573,4.99,232.2632366,6.718568795,700.6631379,9.723357362,2665.771948,15.50547681,3777.545221,15.18684344,4303.622047,14.21666034,4925.418197,21.58630231,5232.460007,15.99663875,20.55073286,31.82616332,109.266283,61.91297671,0,1.13E+13,304.8030157,25.40711744,529.4896704,19.72231741,733.0290176,58.43721285,24.0747,3.096,-1,10.9,97.3942,-21.266775,-22.874225,-23.647001,1.006789476,-99,44.0404747,15.6826419,147.104378,30.07706,587.884383,51.9205028,370.216649,29.8451939,851.378355,30.3597682,0.015689311,22.83544252,1.00E+20,999999,1.00E+20,2490,214.9818175,52.99123408,-1,12,3.4113662,54.272778,0.001803871,3.4113662,54.272778,0.001803871,3.3927274,0.002811679,3.3927274,54.57557,3.3641384,3.3866057,3.4129214,3.442791,3.4764798,933.4384,28.495758,2449.7568,51.234497,3332.8198,51.638184,6028.739,1567.0159,29652.26319,1.14E+11,98541037534,0.214208546,13794336335,0,0.165892812,-99,0.867425516,1.3818154,0.6435367,10.99361713,3.4,3.420466944,nircam1-2662,nircam1-2080,2490,3.41,8.3,0.02,9,0.1,10.79,0.52,-10.26,0.7,52.7,0,-3.25203252,0,24.9122,0.0645,0.334965,0.044676,5.8883,0.4235,0.6859,0.0216,64.5768,2.4844,1,-99,-99,-99,-99,-99,0,-99,-99,-99,-99,3,22.7769,0.0025,0.106326,0.00048,3.8237,0.03,0.7866,0.0027,59.581802,0.5197,0,22.4513,0.0012,0.089375995,0.000228,3.6523,0.0222,0.7926,0.0019,59.608,0.3188,0,22.3462,0.0008,0.084114,0.000183,3.1498,0.0168,0.7709,0.0016,60.3571,0.2537,0,22.1496,0.0011,0.080088,0.000216,3.2108,0.0225,0.7957,0.002,61.6131,0.3659,0,1.03E+01,6.61E-01,-4.51E-02,-99,11.08466915
4091,4341,215.007146,53.00124264,1,1.6,9.423,6.374,-21.72,5.483,8.21,338.8764915,8.723425205,572.5443933,10.69570062,1193.519799,11.95725171,1881.145538,10.06352794,2070.49663,9.914646075,2674.833826,17.64573918,2802.090629,12.13601993,103.1782685,34.53091244,214.2932282,73.10644359,0,1.36E+13,410.1501247,29.78892417,405.5775813,22.42153077,591.0716672,73.47396496,24.4193,3.392,-1,10.11,92.6645,-21.26276,-22.129917,-22.964757,2.676931064,-99,121.292061,15.439577,220.588282,30.2381297,411.538046,51.5365816,415.353013,30.3932807,619.84791,31.800651,0.008592544,23.70792593,1.00E+20,999999,1.00E+20,4091,215.007146,53.00124264,-1,12,3.459411,6.0923944,0.018684223,3.459411,6.0923944,0.018684223,3.3927274,0.011473506,3.4814665,7.1436377,3.2545254,3.3214407,3.4202657,3.46974,3.492983,708.6946,25.87558,1121.8135,16.591553,1497.0247,125.375244,3196.9585,1156.117,30152.08067,52193522067,30803337652,40.73571205,2.27E+11,0,0.698423164,-99,0.590175494,0.8119246,0.82377017,10.48859778,3.46,3.410928697,nircam1-4341,nircam1-3285,4091,3.46,8.3,0.02,8.6,0.9,10.38,1.44,-8.94,0.3,58.3,0,3.275862069,0,-99,-99,-99,-99,-99,0,-99,-99,-99,-99,3,-99,-99,-99,-99,-99,0,-99,-99,-99,-99,3,23.6371,0.0086,0.24220799,0.003507,2.4376,0.0351,0.6619,0.0053,9.231701,0.6453,0,23.193,0.003,0.213192,0.001092,2.2813,0.0152,0.6491,0.0025,13.246201,0.2845,0,23.1085,0.0027,0.20783699,0.000978,2.0945,0.014,0.6517,0.0024,15.095299,0.2784,0,22.8148,0.0028,0.17939699,0.000891,2.4545,0.0198,0.6454,0.0026,14.717598,0.284,0,9.60E+00,4.06E-01,-9.69E-01,-99,10.58290434
5489,6028,214.942148,52.94641413,1,1.6,20.27,15.35,-33.57,12.362,14.04,979.6628502,21.15188615,3411.215645,28.04070782,6798.508099,33.12465069,12434.6552,36.14079169,16596.14098,40.82448724,20140.16959,65.29024622,22439.35332,57.72856923,43.05925612,74.05885864,174.9298322,147.3816067,0,3.51E+13,1490.100402,73.10397988,2192.738287,53.83200191,3252.867246,223.9829081,22.2925,2.004,-1,11.2,42.7013,-20.382716,-22.483762,-24.015809,5.22942404,9.297,33.625386,28.3522925,221.180446,45.1721362,3127.04875,139.202852,1936.72026,77.596738,4395.5182,87.7433441,0.043926546,21.81896595,1.00E+20,999999,1.00E+20,5489,214.942148,52.94641413,-1,12,2.709271,15.642846,0.22091354,2.709271,15.642846,0.22091354,2.4554417,0.10681853,2.7059896,15.616779,2.1828475,2.2508163,2.4454753,2.709773,2.7420638,1952.3197,55.264404,4402.2974,138.28662,6988.2534,360.44604,23625.014,448.21777,22477.39881,1.63E+11,1.83E+11,113.1219921,7.96E+11,0,1.337984935,-99,1.122128865,1.3845444,1.3225085,11.26164545,2.29,2.38139344,nircam1-6028,nircam1-4576,5489,2.71,8.5,0.02,8.9,1.4,11.29,1.93,-9.36,0.4,146,0,41.56862745,1,23.925,0.0147,0.58913696,0.011007,0.9267,0.0206,0.8786,0.0098,-15.2001,4.1192,0,22.3949,0.0079,0.67434,0.007152,1.6092,0.0142,0.9048,0.0047,14.479401,2.1796,0,-99,-99,-99,-99,-99,0,-99,-99,-99,-99,3,21.1715,0.0011,0.48239702,0.000792,2.2866,0.0036,0.7765,0.0008,-4.4519005,0.137,0,20.8843,0.0008,0.43191597,0.000606,2.6054,0.0035,0.7559,0.0005,-5.3566017,0.1043,0,20.5817,0.0011,0.398682,0.000744,2.8374,0.0053,0.7389,0.0008,-6.669899,0.0938,0,1.00E+01,1.89E-01,2.73E-01,2.336412509,11.74172704
7878,8576,215.0215369,52.99129822,1,1.6,10.405,7.6,41.03,8.634,38.49,75.0903689,12.37802889,318.0293883,12.64690549,758.8987604,9.562246136,1919.110323,9.389253225,4142.949418,12.44975284,5920.504007,22.77104364,6912.999165,17.51495203,14.47778395,43.31707341,-5.359628693,102.1713795,0,1.72E+13,54.09542549,39.27279728,164.2040666,28.40043226,275.9965212,92.79667542,24.2061,2.829,-1,10.78,401.356,-20.49314,-21.899459,-23.571261,23.24437815,-99,42.3118825,30.339503,108.477569,53.596881,464.059035,119.746571,123.029746,63.5328533,754.307312,56.48198,0.173767791,24.19954039,1.00E+20,999999,1.00E+20,7878,215.0215369,52.99129822,-1,11,2.9133248,26.86794,0.004418689,2.9133248,26.86794,0.004418689,2.8959997,0.00532863,2.8959997,27.120008,2.8381271,2.8765419,2.914169,2.9528708,2.9946697,203.73958,9.393639,529.65533,16.600647,943.13727,60.628418,8265.472,343.84937,24535.79375,24811883819,76080382015,0.074180902,18272429673,0,2.152425573,-99,3.066288016,1.6637487,2.356732,10.88127268,2.86,2.772984867,nircam1-8576,nircam1-6588,7878,2.91,8.7,0.02,7.6,3.5,10.38,2.83,-7.54,-1.1,13.6,0,6.829268293,0,25.7454,0.1352,0.995457,0.130674,0.3293,0.119,0.489,0.0625,10.065102,7.516,1,24.4037,0.048,0.826029,0.048591,0.8699,0.056,0.4269,0.0128,73.5497,1.3291,1,24.1674,0.0093,0.414609,0.004056,0.3654,0.0151,0.5387,0.0057,-89.61,0.7996,0,23.198,0.0046,0.359388,0.002496,1.1172,0.0115,0.5482,0.0026,86.7977,0.3146,0,22.5196,0.0015,0.29101798,0.000798,1.0426,0.0068,0.4771,0.0011,-89.448395,0.1248,0,22.0242,0.0011,0.270051,0.000513,0.935,0.0043,0.4376,0.0009,-88.128,0.0901,0,9.65E+00,1.86E-01,2.60E+00,-99,11.68976365
9106,9859,214.9774828,52.95349135,1,1.67,14.245,7.948,73.3,11.698,63.88,79.18076379,13.14077128,270.240863,14.93739431,653.9728021,12.40874855,1469.185204,10.97308791,2541.126145,12.32810523,3541.512546,23.53962676,4302.979731,20.07180193,24.49800876,58.32946411,13.23303381,96.85444935,0,2.41E+13,128.3629133,60.95975183,79.88323675,40.30060732,285.1993038,130.9671633,-99,-99,-99,-99,-99,-99,-99,-99,-99,-99,-99,-99,-99,-99,-99,-99,-99,-99,-99,-99,0.574803575,24.36110078,-99,-99,-99,9106,214.9774828,52.95349135,-99,12,3.0095215,13.28208,0.059660025,3.0095215,13.28208,0.059660025,3.0146506,0.059789877,3.0146506,13.324759,2.7824416,2.8781297,3.0111358,3.153806,3.7433157,199.50903,10.69342,496.14264,19.602081,850.74805,54.390625,5429.78,285.77173,25514.25703,23621354029,49770352507,4.258117473,37986025647,0,1.786154946,-99,2.107006755,1.574596,2.012453,10.69697072,2.98,2.948924978,nircam1-9859,nircam1-7723,9106,3.01,8.3,0.02,8.3,2.8,10.52,2.12,-8.4,0,40.6,0,-5.660377358,0,25.6231,0.0485,1.1798639,0.080369994,0.3992,0.0723,0.4613,0.0305,-49.4131,3.2415,1,24.7118,0.0194,0.933726,0.024387,0.3815,0.0295,0.4586,0.0119,-70.5687,1.3108,1,-99,-99,-99,-99,-99,0,-99,-99,-99,-99,3,23.5725,0.0029,0.56358904,0.002133,0.6064,0.0061,0.4538,0.0014,-75.0362,0.1817,0,23.1307,0.0016,0.471051,0.001074,0.7956,0.0046,0.3712,0.0008,-75.3673,0.0818,0,22.6625,0.0013,0.40716597,0.000792,0.899,0.005,0.3177,0.0007,-74.787,0.069,0,9.18E+00,9.46E-02,1.83E+00,-99,11.2907104
10066,10882,215.0217572,52.97929591,1,1.6,14.192,9.967,89.96,12.174,41.12,1192.225754,17.19858998,2839.145562,20.79305808,4022.065919,16.72936305,5491.763203,14.90867057,7510.048233,14.90435422,8442.806499,27.38999172,9112.022421,22.62902496,380.545688,79.62260828,518.0914988,128.9388578,0,2.59E+13,1536.513121,55.58611703,2098.248277,30.34220214,2583.392578,131.7543946,22.6278,2.63,-1,10.76,169.643,-22.115918,-23.111697,-23.921968,5.504272645,-99,629.20602,33.4758777,772.76504,47.0288459,2676.91638,68.8815677,1893.03316,56.2526244,3227.57513,54.8072512,0.033614682,22.38887704,1.00E+20,999999,1.00E+20,10066,215.0217572,52.97929591,-1,12,2.5537715,5.162727,0.032097038,2.5537715,5.162727,0.032097038,2.5252464,0.02804023,2.5606756,5.324288,2.314031,2.3844674,2.5472732,2.5782194,2.6065917,1770.8396,34.289978,3015.4038,115.45581,3883.8445,74.328735,9143.75,102.69287,20925.57777,81838516558,43685436511,51.89527724,3.13E+11,0,0.963416927,-99,0.533800444,0.85270655,0.92965627,10.64033668,2.29,2.363876032,nircam1-10882,nircam1-8594,10066,2.55,8.7,0.02,8.6,1.2,10.57,1.95,-8.63,-0.1,61.7,0,24.20382166,1,-99,-99,-99,-99,-99,0,-99,-99,-99,-99,3,-99,-99,-99,-99,-99,0,-99,-99,-99,-99,3,22.3113,0.0028,0.632166,0.002019,0.7574,0.0044,0.6318,0.0015,-42.256,0.3191,0,22.0588,0.0018,0.58728,0.000858,0.6644,0.0025,0.6304,0.0008,-41.140602,0.153,0,21.7319,0.0009,0.57674694,0.000654,0.6944,0.0021,0.6086,0.0006,-39.2281,0.1102,0,21.5192,0.0017,0.48200998,0.0012,0.943,0.0033,0.8662,0.0016,-70.139496,0.5159,0,8.97E+00,6.77E-02,3.22E-01,-99,11.30070049
11038,327,214.8293075,52.8939246,2,1.6,10.316,7.154,-76.18,7.195,15.75,151.5614755,8.634579348,511.764336,10.39411499,1491.182868,10.98074976,3955.827102,13.101619,7076.173388,16.92140626,9659.334892,26.6907293,10911.14758,22.20455009,27.89574342,37.47651276,29.91653812,84.44164916,0,6.68E+13,206.6833396,37.51649975,374.0602313,25.09232704,469.330242,85.32327502,24.2385,2.551,-1,11.15,286.881,-20.090634,-21.900693,-23.933364,4.541551374,-99,47.7689865,16.8499325,107.598418,30.6711116,692.852775,66.839817,319.426059,40.3622488,732.173454,50.0199701,0.141915713,23.46617274,1.00E+20,999999,1.00E+20,11038,214.8293075,52.8939246,-1,12,2.740125,3.615631,0.061728228,2.740125,3.615631,0.061728228,2.7808557,0.05938194,2.7432353,3.6056888,2.3418064,2.6587586,2.7784305,2.9069042,3.0154696,314.35312,14.49823,728.5936,29.671234,1616.2052,40.868958,11694.995,519.9951,22787.08183,38372346829,1.72E+11,43.1154668,3.13E+11,0,2.006853799,-99,4.485766471,1.7776968,2.148759,11.23585502,2.92,2.771039955,nircam2-327,nircam2-686,11038,2.74,9.5,0.02,9.2,2.7,11.19,2.07,-9.11,-0.3,67.4,0,16.91176471,1,25.2352,0.0227,0.610677,0.012777,0.2,0.0169,0.4697,0.0115,-30.7064,1.1675,1,24.0273,0.0145,0.58052397,0.011847,0.921,0.0262,0.5392,0.0068,-23.166,0.9626,1,-99,-99,-99,-99,-99,0,-99,-99,-99,-99,3,22.3612,0.0015,0.307836,0.000798,1.711,0.0058,0.5313,0.001,-35.0534,0.1037,0,21.8489,0.0007,0.255612,0.000342,1.4683,0.0042,0.5032,0.0006,-36.5123,0.0629,0,21.4386,0.0005,0.23633099,0.000231,1.2914,0.0031,0.4947,0.0005,-36.7955,0.0503,0,1.01E+01,2.47E-01,1.49E+00,1.640341262,11.55331423
13497,2927,214.9048498,52.9353504,2,1.6,6.136,5.621,-11.87,2.826,4.1,188.0638349,5.526775194,481.3068595,8.738875171,1518.863843,12.1634788,2121.650407,10.94961668,2439.995717,9.679441737,2801.529276,16.59941122,2974.806188,11.1989505,42.98951576,25.76609382,106.960908,47.04109872,0,3.94E+13,214.2527914,20.25243984,373.1214738,15.56408946,515.4746073,50.09168503,24.4211,3.043,-1,10.63,54.4617,-20.889208,-22.311431,-22.958391,1.142983598,-99,55.6387341,12.437791,118.134737,23.230201,482.300683,47.6007989,259.907175,25.8394918,618.808928,31.4387769,0.04561347,23.44620289,-999,0,-999,13497,214.9048498,52.9353504,-1,12,3.283397,18.315897,0.003058294,3.283397,18.315897,0.003058294,3.3057456,0.003551013,3.2629027,18.650936,3.2259724,3.25753,3.288219,3.3259885,3.366711,536.28735,24.439713,1339.1433,54.69641,1855.5775,16.663452,3352.6462,590.08044,28326.06681,59442067200,46511168946,0.122696301,7713084478,0,0.329282486,-99,0.782462171,1.3477039,0.6422716,10.66755725,3.25,3.282431815,nircam2-2927,nircam2-2225,13497,3.28,8.3,0.02,9,0.1,10.5,0.24,-10.26,0.7,22.9,0,-0.388349515,0,25.548,0.0397,0.139242,0.010281,3.7663,0.2661,0.5845,0.0188,22.3367,1.8495,0,24.7334,0.0102,0.080754004,0.001329,2.8997,0.1081,0.5005,0.0091,24.642998,0.7524,0,23.4764,0.0025,0.072252,0.000417,3.3641,0.0378,0.5144,0.0035,26.389801,0.2815,0,23.111,0.0018,0.064587,0.000264,4.0059,0.0448,0.5419,0.0027,24.993698,0.215,0,22.9698,0.0013,0.061577994,0.000201,3.5582,0.0318,0.5654,0.0024,26.942001,0.2011,0,22.7466,0,0.059159998,0,4.0686,0,0.574,0,26.823502,0,0,1.00E+01,7.19E-01,-7.37E-01,-99,10.79200906
13788,3236,214.8771133,52.91280748,2,1.6,11.706,9.677,44.81,7.742,14.71,394.5694856,11.64678313,870.2376643,13.6980795,1542.582732,15.27974083,2607.594768,12.89396063,2896.415748,12.72536807,3600.311514,21.64923074,3849.151177,19.05264677,150.0691243,47.13972769,188.0304596,104.7716536,0,8.92E+13,461.6081091,48.39880738,565.542115,40.07236605,940.7475719,104.535232,23.81,2.325,-1,10.22,11.7063,-20.137555,-21.263689,-22.369564,2.426201086,9.022,173.204013,20.7781905,214.389629,35.2353964,677.21669,88.3429124,552.147914,42.4925154,1086.42811,46.8465757,0.074544514,23.42937884,1.00E+20,999999,1.00E+20,13788,214.8771133,52.91280748,-1,12,3.0807183,27.645788,0.07607633,3.0807183,27.645788,0.07607633,2.9747043,0.044063337,3.095752,28.449602,2.7641535,2.8305721,2.9429162,3.092343,3.1431668,750.1479,13.611572,1399.8014,282.30115,1725.9495,52.974182,4364.9,449.53076,26241.58808,49808361271,23987584006,58.12529334,3.45E+11,0,1.05198346,-99,0.481597535,0.904703,1.0073656,10.37998651,3.07,3.039833132,nircam2-3236,nircam2-2601,13788,3.08,8.9,0.02,9.2,0.4,10.57,1.08,-9.49,0.3,87,0,-22.97592998,0,25.0493,0.018,0.32700297,0.008103,0.9778,0.0399,0.7409,0.0144,74.701996,3.1334,0,24.059,0.0122,0.330789,0.005661,1.1454,0.0217,0.9186,0.0103,65.3142,6.0586,0,23.4936,0.0058,0.28706098,0.002454,1.2028,0.0127,0.9848,0.0055,-6.2714996,15.584,0,22.9252,0.0016,0.286443,0.000801,1.4837,0.0075,0.898,0.0026,-78.548096,0.9981,0,22.8954,0.0015,0.24021299,0.000633,1.448,0.0065,0.8954,0.0021,-71.7119,0.7731,0,22.6767,0.0016,0.216216,0.000588,1.3365,0.0064,0.8319,0.0017,-77.2963,0.4913,0,9.35E+00,2.91E-01,-8.46E-01,-99,10.64716662
14583,4057,214.9110583,52.93312137,2,1.6,10.17,6.77,52.93,3.053,5.33,1262.62984,14.13845661,3733.870044,27.55212479,7255.458698,39.52685553,9036.766308,33.29936728,10545.55005,28.19280605,12518.18666,42.62713766,12683.83738,37.49853777,315.0406858,29.08331329,648.650725,61.16872649,0,5.29E+13,1501.878838,26.83355572,2453.204608,20.45926219,4197.379721,66.98949909,22.3341,2.987,-1,11.17,70.9226,-22.707131,-24.029776,-24.518731,1.279472514,-99,346.844363,20.7688676,678.356855,43.4557064,2529.55546,69.9519902,1417.17441,40.5695497,4230.36984,39.3005332,0.028895724,21.74833781,1.00E+20,999999,1.00E+20,14583,214.9110583,52.93312137,-1,12,2.8341837,49.44137,0.0016041,2.8341837,49.44137,0.0016041,2.8188539,0.002369114,2.8188539,49.92265,2.791151,2.8120883,2.8344402,2.8593895,2.8835618,2354.5488,29.888794,5666.585,144.41016,7720.2627,135.6018,13068.888,264.4834,23734.61851,1.94E+11,1.42E+11,0.61568364,25648753707,0,0.356444753,-99,0.730792645,1.289311,0.5715164,11.15154838,2.89,2.879321872,nircam2-4057,nircam2-3248,14583,2.83,8.3,0.02,8.9,0.4,11,1.18,-9.82,0.6,125,0,14.76510067,0,23.6556,0.0002,0.051489,1.20E-05,3.4972,0.0016,0.9045,0,29.030998,0.0012,0,22.5425,0.0011,0.07368,0.000234,2.6289,0.0222,0.3409,0.0016,70.083,0.1013,0,-99,-99,-99,-99,-99,0,-99,-99,-99,-99,3,21.5453,0.0002,0.043368,0,3.714,0.004,0.8808,0,28.894897,0.0012,0,-99,-99,-99,-99,-99,0,-99,-99,-99,-99,3,-99,-99,-99,-99,-99,0,-99,-99,-99,-99,3,nan,nan,-7.56E-01,-99,11.29124683
15860,5418,214.9049662,52.92240942,2,1.6,12.336,10.008,72.59,8.668,24.08,305.6681035,10.92036592,700.0676766,14.7813022,1516.767468,17.11462165,3243.645382,11.85959432,4279.183981,12.99606531,6003.113907,26.85372968,6696.161533,20.51254871,52.03660876,40.6801276,181.1482484,88.67016314,0,8.62E+13,372.8450064,42.11610817,401.792672,37.9559258,711.6289582,104.0967905,24.144,2.853,3.219110012,10.38,134.825,-20.750965,-21.869303,-23.613737,2.238994315,-99,61.2124057,14.9944748,189.032662,28.4469764,473.756591,79.3408276,421.475274,37.7474659,798.745992,46.6519615,0.160540709,23.44770249,3.21911,7,3.21911,15860,214.9049662,52.92240942,3.219110012,12,3.2225318,24.0789,0.002316556,3.2225318,24.0789,0.002316556,3.2204862,0.002347531,3.2204862,24.027828,3.180195,3.1995893,3.2186809,3.2445095,3.2869928,720.6872,17.249664,1239.9291,29.859253,1995.0085,46.30713,8457.619,1115.824,27697.98474,61986726654,43775246081,94.93920343,6.18E+11,0,2.022409204,-99,0.706203545,1.105495,1.5682584,10.6412286,3.31,3.339502181,nircam2-5418,nircam2-4231,15860,3.22,8.5,0.02,8.6,1.8,10.79,2.05,-8.74,0.1,191,0,0.458715596,0,25.5716,0.0134,0.29022598,0.005214,0.2,0.0143,0.6504,0.0137,68.0886,1.8542,0,24.6086,nan,0.28515,nan,0.2894,nan,0.7873,nan,71.877,nan,0,23.6254,0.0043,0.304428,0.002139,0.5967,0.0107,0.8102,0.0049,-88.7413,1.2654,0,22.7692,0.0014,0.294588,0.000705,0.7303,0.0041,0.804,0.0016,-71.1485,0.4078,0,-99,-99,-99,-99,-99,0,-99,-99,-99,-99,3,22.012,nan,0.262269,nan,0.9399,nan,0.7184,nan,-66.5653,nan,0,9.45E+00,2.04E-01,3.49E-01,-99,11.29864233
16646,6539,214.9314778,52.93552773,2,1.6,9.453,6.965,-67.97,6.042,12.12,710.773143,9.809751852,1228.116175,11.9875413,1990.291093,12.76455616,2874.713916,11.72494112,3331.066733,12.3364947,4107.011853,22.79398203,4405.15695,16.5065357,214.5727384,36.30559825,406.8478063,67.24759553,0,6.30E+13,692.6031244,31.41902855,926.1749078,23.70244477,1204.761002,77.75163048,23.3517,2.925,3.05905509,10.34,78.6732,-21.784592,-22.63329,-23.149528,3.5511099,-99,375.364545,25.3768112,594.371475,42.325707,1304.3298,75.7919906,889.471614,43.7855153,1657.0295,47.6659588,0.013648182,23.1527085,3.059055,7,3.059055,16646,214.9314778,52.93552773,3.05905509,12,3.0621476,16.54738,0.005915356,3.0621476,16.54738,0.005915356,3.0549986,0.005534361,3.0549986,16.651072,2.9415352,3.002592,3.0577512,3.0903163,3.1196802,1139.8547,43.928772,1709.4377,32.96997,2118.9636,58.33618,4986.103,441.45483,26051.62209,60543544109,27079608930,41.48301868,2.23E+11,0,0.907163567,-99,0.447274921,0.673185,0.9290943,10.43264239,3.1,3.066875383,nircam2-6539,nircam2-5176,16646,3.06,8.5,0.02,8.6,0.9,10.4,1.66,-8.74,0.1,78,0,-1.904761905,0,24.2061,0.0128,0.36100197,0.007269,1.8352,0.0362,0.3949,0.0044,-24.535,0.4216,0,23.4531,0.0106,0.421893,0.006978,2.128,0.0312,0.4333,0.0034,-25.8914,0.325,0,23.0349,0.0053,0.34948498,0.003042,2.2072,0.0186,0.4623,0.002,-24.5603,0.198,0,22.7194,0.002,0.272376,0.000936,2.1036,0.009,0.5345,0.0012,-23.1272,0.1205,0,22.6294,0.0015,0.213762,0.000588,2.4125,0.0097,0.5493,0.0013,-20.1193,0.1184,0,22.3981,0.0017,0.17239499,0.000504,2.5831,0.0144,0.5611,0.0015,-17.3559,0.1384,0,9.55E+00,4.08E-01,-9.85E-01,-99,10.54924179
17481,7419,214.8660523,52.88425171,2,1.6,6.022,5.082,-27.33,2.841,3.91,368.5972328,7.966940333,945.4488387,12.34871945,3855.722351,23.09013873,5009.131322,16.52641144,5163.460497,14.57001455,6005.727398,21.60536127,6402.289694,17.03299612,32.17693443,23.18401461,164.1610831,38.70070413,0,3.57E+13,423.2472952,19.33113876,639.1843563,9.83820743,920.1887196,45.87641566,23.5745,3.745,-1,11.32,1043.23,-22.887674,-24.125108,-24.823956,2.623133066,-99,37.5758018,16.4428756,222.613983,25.886556,911.524057,40.5174673,574.499243,34.1480994,1349.56293,33.8756458,0.094752433,22.43473562,-999,0,-999,17481,214.8660523,52.88425171,-1,12,3.4247103,168.43875,0.000700437,3.4247103,168.43875,0.000700437,3.436875,0.000776379,3.436875,169.66888,3.3935964,3.4069965,3.421582,3.436207,3.4534953,1254.5055,32.84369,3542.735,62.77832,4464.754,63.61743,7282.2397,1818.81,29790.98001,1.53E+11,1.15E+11,0.29808248,17393369869,0,0.110746929,-99,0.750786453,1.3783123,0.53116864,11.06062922,3.58,3.520737065,nircam2-7419,nircam2-5860,17481,3.42,8.3,0.02,9,0,10.86,0.59,-10.26,0.7,223,0,11.72707889,0,24.9068,0.0124,0.066753,0.001389,3.8919,0.0949,0.8236,0.0026,-35.0533,0.1022,0,23.9035,0.0093,0.077892,0.001242,3.63,0.1185,0.587,0.0071,8.0256,0.7768,0,22.424,0.0017,0.070815004,0.000297,3.199,0.0319,0.5534,0.0025,9.530102,0.2165,0,22.1713,0.0011,0.067742996,0.000204,2.9519,0.0236,0.5013,0.0021,8.4995,0.1541,0,22.1314,0.0012,0.066492,0.000213,2.987,0.0337,0.5023,0.0025,9.4842,0.1881,0,21.9167,0.0009,0.067254,0.000201,2.7772,0.0219,0.5183,0.0024,9.7416,0.1895,0,1.04E+01,7.27E-01,1.05E+00,-99,11.12966313
17497,7435,214.8660438,52.88408282,2,1.6,7.761,5.599,76.59,4.547,8.64,152.8402862,7.483644591,411.8106423,10.15545232,1637.841003,12.42148904,2737.136628,11.68890056,3170.04719,11.15138049,4045.17098,18.43408671,4589.092716,14.94297099,6.557128536,31.46762666,49.29618644,50.5542049,0,4.85E+13,156.6138838,27.26715,293.0340726,13.36310849,401.489741,60.35880689,-99,-99,-99,-99,-99,-99,-99,-99,-99,-99,-99,-99,-99,-99,-99,-99,-99,-99,-99,-99,0.54346749,23.36432065,-99,-99,-99,17497,214.8660438,52.88408282,-99,12,3.4618428,50.782948,0.002274083,3.4618428,50.782948,0.002274083,3.4814665,0.002869887,3.4814665,51.203426,3.4064112,3.4331849,3.463181,3.4957137,3.5339775,571.92126,20.471619,1530.5315,31.378296,2338.145,88.99805,6073.049,1181.929,30177.40719,81611541091,68267729063,10.72054396,91835183455,0,1.16893349,-99,0.836496017,1.5288379,1.0363383,10.83421546,3.61,3.554981717,nircam2-7435,nircam2-5870,17497,3.46,8.3,0.02,8.9,0.8,10.79,0.97,-9.82,0.6,129,0,11.96581197,0,25.6156,0.105,0.315063,0.054099,3.1796,0.3931,0.4824,0.0308,-37.5551,2.7544,0,24.9893,0.0063,0.18486299,0.000561,1.7813,0.0156,0.451,0.0059,-38.2242,0.0132,0,-99,-99,-99,-99,-99,0,-99,-99,-99,-99,3,22.9201,0.0013,0.171195,0.000447,1.8504,0.0111,0.4106,0.0007,-41.7091,0.0354,0,-99,-99,-99,-99,-99,0,-99,-99,-99,-99,3,22.4253,0.001,0.138792,0.000144,1.6222,0.0032,0.3936,0.0003,-42.8591,0.002,0,1.00E+01,4.92E-01,-1.89E-01,-99,11.00620962
20383,10433,214.9024287,52.89423963,2,1.6,11.266,5.972,15.44,7.449,30.73,369.1209512,8.618529246,971.095758,9.643403192,1745.354811,9.976050081,3162.517367,10.57956466,4680.119373,11.07455601,6131.145597,20.60417987,6837.506567,16.82102392,99.67289538,36.48124693,95.94217746,67.03400153,0,6.29E+13,455.4126353,27.67774267,648.6011745,17.34639243,901.607135,67.61852145,23.9001,2.035,-1,10.58,11.3181,-19.581387,-20.957957,-22.730762,2.982164759,8.627,118.325854,16.7504048,123.807858,22.1342023,813.528689,45.2148775,545.538014,28.7058458,999.897158,29.3226307,0.091336146,23.29529068,1.00E+20,999999,1.00E+20,20383,214.9024287,52.89423963,-1,12,2.726981,5.1604056,0.014494939,2.726981,5.1604056,0.014494939,2.7059896,0.015033175,2.7432353,5.2644787,2.574291,2.674562,2.7240462,2.7718215,2.8454757,612.47943,17.616608,1204.9601,40.38275,1780.5759,115.63934,7258.6978,230.04785,22655.08488,41933895957,50395549623,21.87898629,1.36E+11,0,1.368635344,-99,1.201785536,1.1586725,1.5257455,10.70239219,2.26,2.61799916,nircam2-10433,nircam2-8258,20383,2.73,8.7,0.02,8.3,2.1,10.46,2.2,-8.26,-0.4,178,1,41.15853659,1,-99,-99,-99,-99,-99,0,-99,-99,-99,-99,3,23.9004,0.0012,0.393105,0.000222,0.4418,0.0006,0.5346,0.0001,66.655,0.001,0,-99,-99,-99,-99,-99,0,-99,-99,-99,-99,3,22.6705,0.002,0.36100498,0.001131,0.9531,0.0068,0.3791,0.001,56.8033,0.097,0,22.2834,0.0013,0.329748,0.000753,1.1842,0.0064,0.3315,0.0008,56.237198,0.0641,0,21.8892,0.0013,0.303501,0.000714,1.4328,0.0067,0.3292,0.0007,56.359703,0.0633,0,9.47E+00,1.85E-01,1.21E+00,0.376702894,11.29340271
21414,513,214.7606245,52.84531499,3,1.6,13.439,12.126,-20.96,6.155,5.97,609.6465963,15.67473389,2061.386884,25.95440643,6711.991998,40.85935392,10763.59557,42.07054556,11759.79477,42.4368974,13806.48871,58.24895238,15027.91647,46.93955259,60.99529516,55.95294592,255.8539082,112.7867682,0,1.07E+14,781.2386295,48.84624066,0,2.82E+13,2198.750079,113.2119538,23.0407,3.099,-1,11.41,101.642,-22.277467,-23.948498,-24.809126,2.679208459,-99,58.3513917,22.3327716,248.536879,39.5899485,-99000,-99000,768.560629,43.635909,2206.63124,44.8328879,0.08662604,21.83287142,1.00E+20,999999,1.00E+20,21414,214.7606245,52.84531499,-1,11,3.232374,33.33803,0.002824968,3.232374,33.33803,0.002824968,3.2204862,0.003127762,3.2204862,33.480568,3.1706383,3.1971738,3.231685,3.2672355,3.299332,2201.7793,42.14099,5633.223,184.33838,8730.127,104.71484,17504.115,2668.3438,27799.43003,2.73E+11,3.00E+11,0.470234509,34721089300,0,0.120086844,-99,1.101528901,1.495617,0.75529903,11.4775347,3.22,3.218669534,nircam3-513,nircam3-444,21414,3.23,8.3,0.02,9.1,0,11.19,0.38,-10.81,0.8,115,1,7.632093933,0,24.3041,0.0249,0.358845,0.015162,3.35,0.0941,0.8107,0.0127,12.9785,2.448,0,22.9233,0.0105,0.364848,0.006999,4.0236,0.0504,0.8357,0.0054,32.1045,1.1279,0,21.6879,0.0033,0.317019,0.002148,4.6019,0.0231,0.7963,0.0019,30.960701,0.3309,0,21.1309,0.002,0.331767,0.001518,5.8589,0.0213,0.7952,0.0012,28.028397,0.2055,0,21.04,0.0018,0.317976,0.001302,6.2443,0.0215,0.7878,0.0011,27.326202,0.1738,0,20.7886,0.0021,0.304779,0.001437,6.5601,0.025,0.7802,0.0012,28.808197,0.178,0,1.05E+01,3.28E-01,-3.55E-01,-99,11.51261321
21416,515,214.7937745,52.86896322,3,1.6,13.506,10.517,48.65,7.802,9.55,431.626482,11.72044701,1005.340586,14.83880415,1913.055354,15.57189731,3769.893022,17.83944875,5406.440324,20.34453546,7258.530598,34.2234235,7832.483331,23.87660226,98.64943223,43.66774971,138.6469632,99.35657647,0,1.06E+14,460.2315901,48.78658452,778.8892129,30.31776315,953.2294734,110.8989846,23.2629,2.619,-1,10.58,29.7717,-21.222047,-22.220849,-23.690757,3.19573686,-99,222.369513,32.6451673,348.516304,56.6904966,1240.1055,87.2595074,829.441351,70.4553883,1798.27888,88.9140585,0.118845473,23.19568116,1.00E+20,999999,1.00E+20,21416,214.7937745,52.86896322,-1,12,2.8272107,10.975732,0.13516694,2.8272107,10.975732,0.13516694,2.7808557,0.13403994,2.8188539,11.010142,2.1347601,2.2210765,2.8134105,2.880539,2.9249854,771.4632,21.491577,1321.1715,71.19232,2045.6133,97.31769,8470.647,431.53076,23664.19725,51186474638,56607414424,65.31133693,4.07E+11,0,1.636858685,-99,1.105905707,1.0587709,1.5427327,10.75287332,2.89,2.652273512,nircam3-515,nircam3-470,21416,2.83,8.3,0.02,8.3,2.1,10.61,2.22,-8.4,0,72.5,0,23.14814815,1,-99,-99,-99,-99,-99,0,-99,-99,-99,-99,3,25.308,0.0634,0.014483999,0.003249,8,5.2503,0.9008,0.2405,-70.4452,76.0059,2,-99,-99,-99,-99,-99,0,-99,-99,-99,-99,3,-99,-99,-99,-99,-99,0,-99,-99,-99,-99,3,22.2234,0.002,0.22773899,0.000696,2.9275,0.0116,0.7125,0.0005,-70.1207,0.0153,0,21.8808,0.0022,0.170766,0.000591,3.1624,0.0154,0.8148,0.0034,-57.0728,0.0515,0,9.87E+00,4.12E-01,1.22E+00,0.946166084,11.42986636
23619,2789,214.7780825,52.84755691,3,1.6,12.721,9.01,-80.29,7.189,5.52,516.3424547,14.97453294,1185.057539,21.97757035,1911.484445,20.92684976,2846.07009,17.61998613,3408.698104,18.63706798,3887.080959,27.18462868,4177.884595,21.04728652,156.4913664,48.95716032,234.4979037,109.6833522,0,9.88E+13,607.2749658,45.53083829,0,2.65E+13,1202.455604,105.3313376,23.6503,2.208,-1,10.28,10.1824,-20.089784,-21.509899,-22.390003,3.207624547,9.163,162.062832,22.8497162,251.852294,39.1976756,-99000,-99000,628.170345,40.8396812,1258.59456,44.6789002,0.037820157,23.19657308,1.00E+20,999999,1.00E+20,23619,214.7780825,52.84755691,-1,11,2.7216702,0.51136315,0.18730532,2.7216702,0.51136315,0.18730532,2.632606,0.17611206,2.7059896,0.53445464,2.003371,2.162335,2.7007923,2.7729673,2.8630772,813.81573,49.82071,1432.7651,69.05835,1944.5686,336.93713,4322.3657,182.85156,22601.78151,45645842256,26182590330,34.6908211,2.07E+11,0,0.926534565,-99,0.573602962,0.945743,0.8672457,10.41801261,2.8,2.487265015,nircam3-2789,nircam3-2149,23619,2.72,8.7,0.02,9,0.7,10.49,1.18,-9.31,0.3,25.2,0,13.77118644,0,24.0468,0.0589,0.902286,0.095931,4.9205,0.2421,0.6837,0.0176,22.963501,2.0678,1,22.9048,0.0455,1.247205,0.10743,6.3413,0.2102,0.9314,0.0139,16.639801,6.4528,1,22.5121,0.0229,1.0479391,0.048375,6.6066,0.1257,0.8829,0.0072,-38.1888,1.9561,1,22.4838,0.0076,0.502134,0.007554,4.837,0.0473,0.7856,0.0036,-37.7813,0.5824,0,22.3547,0.0053,0.4425,0.004971,5.4733,0.0418,0.728,0.0029,-36.7351,0.3666,0,22.1676,0.0072,0.410853,0.006318,5.6506,0.0594,0.737,0.0034,-34.729202,0.4438,0,9.32E+00,2.52E-01,-2.01E-01,-99,10.95179742
26470,5848,214.8131564,52.85891774,3,1.6,7.134,6.451,-38.25,4.546,7.45,87.46953007,8.394060612,218.8297424,11.34939822,517.7365474,12.18252139,997.8337419,8.556883406,1442.587461,9.759109699,2024.382122,17.92378223,2306.860932,12.6051246,18.51018231,30.60841008,53.42134642,57.90178626,0,6.34E+13,116.0382587,29.82928314,132.0819303,23.07366894,226.9223771,67.74471483,25.1079,4.01,-1,10.25,116.792,-21.042828,-21.918293,-22.95293,3.505950223,-99,37.2048958,14.4654296,95.2430982,23.3854533,174.110713,51.0660776,189.873213,28.4530649,328.73406,35.7718332,0.251654861,24.61472794,1.00E+20,999999,1.00E+20,26470,214.8131564,52.85891774,-1,12,3.2812552,3.224007,0.022327509,3.2812552,3.224007,0.022327509,3.3057456,0.020334575,3.2629027,3.2138896,3.1359327,3.220587,3.3139615,3.4195735,3.4728346,238.59998,11.584114,428.18634,12.53833,673.4507,67.842285,3021.374,404.3994,28303.9376,21550577244,27938199299,18.9079213,1.20E+11,0,1.524890488,-99,1.296401437,1.1265885,1.6297467,10.44619841,3.31,3.223806973,nircam3-5848,nircam3-4452,26470,3.28,8.3,0.02,8.4,2.1,10.31,1.76,-8.56,0.1,24,0,7.745098039,0,26.856,0.0793,0.18375899,0.023814,2.388,0.3469,0.3356,0.0279,49.246796,2.5067,0,25.1503,0.1114,0.49133697,0.100719,4.8004,0.5231,0.5917,0.0314,58.209602,2.9807,1,24.665,0.0254,0.215361,0.009707999,3.3583,0.1345,0.6056,0.0127,62.572098,1.2573,0,23.9966,0.0078,0.190002,0.002565,2.8985,0.0502,0.6369,0.0049,65.2107,0.5716,0,23.7581,0.0035,0.12864299,0.000684,2.7065,0.0384,0.5803,0.0042,64.4024,0.4044,0,23.2244,0.0048,0.10695,0.000783,3.9114,0.08,0.6096,0.0051,71.067795,0.4885,0,9.70E+00,5.63E-01,-1.52E-01,-99,10.63864383
26834,6437,214.8368571,52.8734497,3,1.6,6.402,5.646,-32.66,2.772,3.05,229.6815263,8.525034528,520.5069506,11.57863399,1495.753502,16.19249956,2154.359501,11.17453181,2544.723537,12.274733,3017.292749,16.41164079,3181.870386,11.38189962,59.60266951,18.07305076,128.7300261,40.0670381,0,4.46E+13,250.4221691,21.60384471,223.4922898,24.74663147,548.5657357,52.21248595,24.5758,3.139,-1,10.64,39.6425,-20.808459,-22.299269,-23.065444,0.628814079,-99,68.4318331,9.85847014,116.796947,17.3964182,317.703015,59.6646764,229.828415,22.4683231,536.624813,22.8401951,0.086919332,23.46284993,1.00E+20,999999,1.00E+20,26834,214.8368571,52.8734497,-1,12,3.284261,33.528316,0.004252072,3.284261,33.528316,0.004252072,3.3057456,0.005190309,3.2629027,33.89506,3.2066813,3.2457762,3.2847958,3.3256013,3.379696,574.53546,15.406036,1311.8895,53.835876,1854.0593,53.19818,3518.927,1523.8179,28334.99562,59418894766,42024049380,3.537632326,33667441860,0,0.819680029,-99,0.707250607,1.272017,0.6957166,10.6234979,3.31,3.28889228,nircam3-6437,nircam3-4833,26834,3.28,8.3,0.02,8.9,0.5,10.55,0.72,-9.82,0.6,19.7,0,1.875,0,-99,-99,-99,-99,-99,0,-99,-99,-99,-99,3,24.3575,0.0303,0.11334,0.008055,8,0.484,0.7504,0.0155,22.384804,2.1133,0,23.304,0.0091,0.079932004,0.001506,8,0.1951,0.835,0.0068,6.961399,1.3358,0,22.9325,0.0039,0.072741,0.000447,8,0.1086,0.856,0.0037,1.0472984,0.8451,0,22.7643,0.0036,0.069267005,0.000432,7.985,0.1095,0.8694,0.0037,6.808899,0.977,0,22.5465,0.0036,0.06318,0.000399,7.9987,0.1115,0.8719,0.0042,-4.726799,1.041,0,9.94E+00,6.47E-01,-3.35E-01,-99,10.95017979
27035,6644,214.7959339,52.84319598,3,1.6,14.752,7.229,-23.05,10.064,55,298.867739,11.17402467,685.780511,14.07386478,1225.714543,12.09345389,2267.670952,10.26387797,2748.830045,10.63744066,3566.411842,18.59034878,3878.371377,16.4980315,85.38407992,41.37879331,143.4585893,87.14655854,171.812623,70.18900467,319.2142686,48.44969248,473.8377799,35.37656294,663.2216571,103.4461047,24.1091,2.664,-1,10.23,23.905,-20.481008,-21.376579,-22.785856,5.509384327,-99,119.678574,18.0538166,201.567007,28.5959407,593.950443,70.2903214,385.536186,39.503113,824.788631,48.3683515,0.058322414,23.67902665,1.00E+20,999999,1.00E+20,27035,214.7959339,52.84319598,-1,12,2.8960803,27.379097,0.17715704,2.8960803,27.379097,0.17715704,2.8959997,0.17715275,2.8959997,27.379108,1.6322713,1.7100279,2.8562078,2.9647546,3.1112137,510.02142,63.952087,965.1394,80.93881,1321.6843,67.23938,4300.8438,222.6128,24360.92262,34428479023,25254255260,43.10368051,2.62E+11,0,1.320475939,-99,0.733528055,1.0338483,1.2810649,10.40233457,2.92,2.710366667,nircam3-6644,nircam3-5011,27035,2.9,8.3,0.02,8.6,1.4,10.43,1.49,-8.94,0.3,122,0,12.43902439,0,25.1481,0.0172,0.711573,0.011210999,0.2,0.0149,0.3312,0.0061,14.725098,0.5738,0,24.0745,0.0114,0.692148,0.010596,0.7269,0.0208,0.4163,0.0043,16.937302,0.5438,0,-99,-99,-99,-99,-99,0,-99,-99,-99,-99,3,23.025,0.0019,0.54693,0.001221,0.766,0.0043,0.4024,0.0009,14.286903,0.099,0,-99,-99,-99,-99,-99,0,-99,-99,-99,-99,3,22.5593,0.0018,0.449436,0.001293,1.0438,0.0052,0.4115,0.0009,14.425499,0.092,0,8.84E+00,8.67E-02,4.03E-01,-99,11.05653974
27388,7007,214.7914919,52.83803597,3,1.6,10.885,7.052,-44.21,7.412,17.26,121.9163926,7.949489443,492.1584565,10.84472897,1384.027998,12.60325835,3606.300053,15.16561753,5851.714964,16.02940313,8814.791813,29.44979742,10340.83413,21.68288322,22.96609726,35.12165619,2.73647901,64.25845821,64.18659831,49.14594044,133.9127524,34.45760326,196.1199482,27.98369156,491.4434662,81.82403318,24.2461,4.596,-1,11.45,29.7391,-22.51989,-23.916918,-25.374668,3.962227642,-99,27.944781,19.0973697,12.7575789,22.694737,389.087007,72.7206788,235.855139,39.5507171,727.012436,45.5102959,0.138684226,23.54713781,-999,0,-999,27388,214.7914919,52.83803597,-1,12,3.3032374,56.00101,0.08292711,3.3032374,56.00101,0.08292711,3.2204862,0.07151817,3.3057456,56.12656,2.90294,2.9860146,3.2800274,3.4156632,3.4413185,567.83636,14.206268,1121.7473,64.385254,2206.2173,66.44812,14328.736,1875.0815,28531.18683,71371229110,1.80E+11,109.7559447,7.69E+11,0,2.117686127,-99,2.527672566,1.4735627,2.031399,11.25624399,2.98,2.967380495,nircam3-7007,nircam3-5269,27388,3.3,8.3,0.02,8.4,2.8,11.1,2.54,-8.56,0.1,173,0,7.32177264,0,24.619,0.1085,1.591515,0.24750601,2.6932,0.2321,0.785,0.0442,-15.737801,8.0827,1,24.3215,0.0179,0.491472,0.012882,1.5626,0.0359,0.6256,0.0107,-8.861698,1.397,0,23.309,0.0085,0.45840898,0.005976,2.0563,0.0233,0.5883,0.0038,-6.3171997,0.4269,0,22.442,0.0018,0.36518398,0.001083,1.558,0.0061,0.5328,0.0011,-4.4141006,0.1163,0,22.033,0.0009,0.308703,0.000546,1.5127,0.0048,0.5047,0.0007,-3.4034996,0.0746,0,21.493,0.0009,0.27432,0.000414,1.4885,0.0049,0.4829,0.0008,-2.3139992,0.0718,0,1.01E+01,2.31E-01,9.75E-01,-99,11.26666426
28056,7695,214.7672274,52.81771171,3,1.6,10.064,7.853,84.94,4.63,7.99,157.9789063,8.827379077,383.9333761,11.29641524,1382.44965,12.91700141,2047.126688,12.45743127,2142.380245,12.80747453,2558.650472,19.59406121,2805.109335,15.61363215,27.32086116,31.65083038,75.36919294,64.53388031,0,7.63E+13,122.1609777,34.65636853,261.018383,26.97505002,367.8161657,81.63970844,24.6991,3.002,-1,10.53,13.7684,-20.358219,-22.086494,-22.619609,6.878815093,-99,57.7496931,14.1665985,112.224617,23.2083291,279.361774,55.2033911,145.143374,31.5468971,479.018294,39.38732,0.144666423,23.54837669,1.00E+20,999999,1.00E+20,28056,214.7672274,52.81771171,-1,12,3.408704,46.30936,0.002334572,3.408704,46.30936,0.002334572,3.3927274,0.002813414,3.3927274,46.54677,3.341107,3.3787374,3.4093578,3.4365816,3.4689465,499.0058,23.50763,1266.3539,27.69513,1800.0356,43.37079,3427.745,769.4447,29624.59474,61278133122,44812131319,8.200280498,58837976435,0,0.407504624,-99,0.73129074,1.3929389,0.6993186,10.6513956,3.4,3.455364461,nircam3-7695,nircam3-5772,28056,3.41,8.3,0.02,9,0.1,10.51,0.24,-10.26,0.7,41.7,1,5.211267606,0,24.9227,0.1978,1.543707,0.61333203,7.3506,1.0001,0.6344,0.0399,2.7905006,4.0248,1,24.0332,0.0992,1.266363,0.266997,8,0.5915,0.7096,0.0219,13.455601,2.6798,1,23.2897,0.0187,0.368583,0.016686,8,0.1999,0.5275,0.0051,25.075897,0.4261,0,22.981,0.0061,0.23275499,0.003384,8,0.0925,0.6139,0.0034,20.734596,0.3157,0,22.9498,0.0061,0.19072801,0.002757,8,0.1121,0.5689,0.003,22.971,0.249,0,22.7791,0.0063,0.126171,0.001686,8,0.1447,0.6058,0.004,22.754204,0.3588,0,9.87E+00,5.14E-01,4.15E-01,-99,11.36641544
28062,7701,214.8010535,52.84164136,3,1.6,10.048,8.045,-64.5,6.889,14.2,886.0880974,9.20217978,2157.566067,13.03698107,3261.052808,13.65062029,4305.256519,13.68375268,4851.945059,14.36208255,5585.730644,22.76719265,6023.3043,17.63496435,332.2145669,33.91722736,481.2188936,71.40152313,681.4341739,43.64523198,912.2531704,33.21823554,1463.07215,26.36614168,2166.387213,79.21210749,22.9329,2.706,-1,10.57,37.9191,-21.769496,-22.68333,-23.409675,2.37299876,-99,421.37423,25.6333047,544.150323,40.4513209,1661.93561,73.4019533,1091.54411,43.7572065,2436.98593,41.3251686,0.045995207,22.61660542,1.00E+20,999999,1.00E+20,28062,214.8010535,52.84164136,-1,12,2.7824998,2.4907074,0.003892977,2.7824998,2.4907074,0.003892977,2.7808557,0.003845084,2.7808557,2.5172637,2.6989527,2.7433417,2.7807496,2.8113596,2.8382864,1340.257,22.628174,2722.7766,119.01941,3359.9275,322.01038,6355.197,266.96118,23213.32261,81857052569,43174087215,7.413196942,59607619901,0,0.628313085,-99,0.527432712,0.9978546,0.6919979,10.63522316,2.86,2.835055126,nircam3-7701,nircam3-5778,28062,2.78,8.3,0.02,8.7,0.6,10.54,1.36,-9.18,0.4,135,0,33.92130258,1,24.0243,0.0057,0.306675,0.002679,0.8294,0.0123,0.689,0.0042,-14.374901,0.7598,0,23.0716,0.0031,0.286995,0.001446,0.9929,0.0079,0.7048,0.0025,-17.9767,0.4396,0,22.6125,0.0021,0.276108,0.000972,1.2404,0.0047,0.7129,0.0018,-22.0496,0.2952,0,22.3437,0.0014,0.24160801,0.000579,1.7614,0.0053,0.6777,0.0013,-21.6108,0.1619,0,22.2194,0.0014,0.206388,0.000522,2.5267,0.0092,0.6815,0.0013,-21.6794,0.1548,0,21.9316,0.0021,0.204036,0.000816,3.6835,0.0195,0.6577,0.0017,-21.3355,0.1792,0,9.70E+00,3.69E-01,-4.40E-01,-0.043995085,10.74427903
29161,8852,214.7856892,52.8258188,3,1.6,8.33,7.451,60.35,5.857,14.61,119.4103674,7.864813238,347.6115849,9.545099863,794.3294291,9.611394128,1880.52686,10.36956845,2767.118548,11.1178749,4071.631429,19.6503004,4694.682041,15.67689754,19.41552349,35.66738874,37.45427365,62.69524864,0,7.05E+13,118.6789319,33.10110585,297.9889835,29.38870947,312.2417244,76.01123469,24.8301,2.673,-1,10.25,125.825,-19.680306,-20.98656,-23.037497,5.456505185,-99,38.2812715,17.811838,50.3141305,21.2698769,288.343694,60.6374312,178.337012,34.5053623,424.574761,36.2195193,0.039073537,24.14999837,1.00E+20,999999,1.00E+20,29161,214.7856892,52.8258188,-1,12,3.2343118,36.771465,0.006351994,3.2343118,36.771465,0.006351994,3.2204862,0.007083718,3.2204862,36.9594,3.1751525,3.208936,3.2354305,3.260132,3.4604511,372.03516,9.989227,644.43243,17.188416,1113.9585,35.038696,6210.666,714.7993,27819.40924,34818693468,54604185892,54.13808034,3.58E+11,0,1.995045887,-99,1.56824339,1.1907126,1.865673,10.73722594,2.8,2.808051725,nircam3-8852,nircam3-6606,29161,3.23,8.3,0.02,8.4,2.4,10.65,2.09,-8.56,0.1,113,0,11.80555556,0,25.5527,0.0167,0.778626,0.007131,3.0694,0.0282,0.2724,0.0073,-76.5989,0.0156,1,24.9928,0.0228,0.292149,0.009531,1.2619,0.0443,0.6012,0.0119,-77.4914,1.4996,0,24.3226,0.012,0.217107,0.004134,0.8455,0.0301,0.753,0.0107,-78.656204,1.9951,0,23.3661,0.0018,0.21811199,0.000705,0.9648,0.0062,0.7674,0.0023,-69.3387,0.4408,0,22.9657,0.0012,0.201729,0.000474,1.0934,0.0058,0.7224,0.0016,-67.7176,0.2438,0,22.467,0.0011,0.180885,0.000366,0.9983,0.0057,0.6654,0.0015,-64.1014,0.192,0,9.78E+00,3.49E-01,2.80E-01,-99,10.72372345
30155,9866,214.8505883,52.86641404,3,1.6,15.686,14.197,-79.21,11.536,9.25,1384.114583,21.57443582,4285.817291,33.33595115,8452.151743,40.88000277,13766.25528,38.38747135,21499.07524,46.47953521,26640.19423,76.7924204,27926.27161,56.42775758,112.2434873,66.29556381,277.1267209,139.9937997,0,1.49E+14,1878.628595,66.07323727,0.30482061,3.86E+13,4151.813714,155.2190032,22.1741,2.071,-1,11.26,295.023,-21.110303,-22.830084,-24.448886,7.673737629,-99,112.379519,29.4587991,327.637256,42.9713603,-99000,-99000,2276.97043,67.5545455,4901.69505,64.8149374,0.045760626,21.58258179,1.00E+20,999999,1.00E+20,30155,214.8505883,52.86641404,-1,12,2.9807022,751.623,0.061290085,2.9807022,751.623,0.061290085,2.9747043,0.06085798,2.9747043,752.1485,2.3012993,2.3082826,2.964818,2.9905741,3.0055826,2596.4473,33.72998,6121.233,88.52246,11308.929,226.56055,35332.965,809.2344,25220.6001,3.09E+11,3.27E+11,21.31312971,2.23E+11,0,1.294777144,-99,1.056727403,1.5976049,1.2368966,11.51396615,2.29,2.384683693,nircam3-9866,nircam3-7358,30155,2.98,8.3,0.02,8.6,1.7,11.38,2.44,-8.94,0.3,151,0,1.914893617,0,22.8481,0.036,1.965726,0.128016,5.7819,0.1419,0.6625,0.0085,-24.1725,0.9442,1,21.6484,0.0144,1.666407,0.042786,5.1945,0.0569,0.6621,0.0036,-17.658401,0.3997,1,21.1648,0.0059,1.0715549,0.010842,3.9215,0.0229,0.6467,0.0019,-11.440102,0.2168,0,20.8464,0.003,0.7689,0.003936,3.2425,0.0127,0.627,0.0013,-9.5079,0.139,0,20.4714,0.0022,0.65490294,0.002535,2.9271,0.0098,0.6148,0.0012,-8.7369,0.1246,0,20.1883,0.0026,0.66911095,0.003111,3.2828,0.0128,0.573,0.0011,-7.0567017,0.1102,0,1.01E+01,1.23E-01,1.22E-01,-99,11.53383683
30193,9905,214.7737591,52.81176967,3,1.6,11.024,7.795,-27.43,6.296,15.4,393.5940292,10.59252071,982.5427352,13.92950393,1631.511877,13.91864432,2295.393192,12.48148499,2780.734658,12.66522237,3324.596032,21.60565303,3571.32631,17.1538518,82.36110324,43.830765,77.60301799,88.02054785,0,7.81E+13,469.0797281,36.66523768,649.7223688,29.23503,929.1256919,102.8370671,24.0183,2.005,-1,10.18,0,-19.269115,-20.825333,-22.052728,2.410029698,-99,243.799571,26.1957062,102.368424,29.2192945,588.842586,53.5823786,452.59877,33.3142938,896.733343,30.403214,0.092091385,23.3685244,1.00E+20,999999,1.00E+20,30193,214.7737591,52.81176967,-1,12,2.8197453,5.7771063,0.027817683,2.8197453,5.7771063,0.027817683,2.7808557,0.023988167,2.8188539,5.7744184,2.603948,2.7091646,2.793415,2.85502,2.8979578,690.71204,36.064392,1312.9938,90.61566,1705.1982,59.94928,3784.4453,175.29358,23588.83469,42479947381,28126843366,9.214091666,58460488951,0,0.731057936,-99,0.662120485,0.9811946,0.86556846,10.44912099,2.26,2.591251545,nircam3-9905,nircam3-7401,30193,2.82,8.3,0.02,8.7,0.9,10.37,1.19,-9.18,0.4,41.8,1,19.34032984,1,-99,-99,-99,-99,-99,0,-99,-99,-99,-99,3,24.0325,0.0011,0.267447,0.000252,0.9532,0.0014,0.5384,0.0003,-6.077202,0.0053,0,-99,-99,-99,-99,-99,0,-99,-99,-99,-99,3,23.1637,0.0013,0.202641,0.000432,1.4368,0.0054,0.6013,0.0013,-5.9847984,0.1416,0,22.9408,0.0011,0.181788,0.000369,1.8185,0.0062,0.5962,0.0011,-4.6324005,0.1101,0,22.6362,0.0021,0.183786,0.000678,2.443,0.0146,0.6066,0.0018,-2.716301,0.1791,0,9.53E+00,3.77E-01,-8.14E-02,0.069191,10.44659187
31476,11245,214.8539018,52.86135518,3,1.6,10.467,7.166,15.62,5.7,5.01,107.726419,9.131848954,287.0002875,12.16809145,1592.440234,18.03281671,3709.539638,18.4641418,5723.42157,21.09473179,7830.296172,34.06963078,9049.117706,25.76714806,16.100436,39.07417435,35.33075722,62.05852886,0,7.11E+13,96.27124753,27.06635427,135.034094,21.18118651,278.4668511,71.11134209,24.8393,3.301,-1,11.24,16.5285,-20.772043,-22.799967,-24.338622,2.363140603,-99,8.20959043,20.4116844,50.0911497,25.3070862,241.463805,57.6629597,151.816803,32.4177761,421.00536,35.9764203,0.068929825,23.39484215,1.00E+20,999999,1.00E+20,31476,214.8539018,52.86135518,-1,12,3.4414952,42.59027,0.006739399,3.4414952,42.59027,0.006739399,3.436875,0.007066667,3.436875,42.555466,3.3717988,3.4083939,3.4472065,3.507617,3.5931022,410.8301,35.52571,1405.8551,39.28943,2805.753,144.93152,12291.755,3152.917,29965.57911,97005460683,2.60E+11,21.26749172,2.04E+11,0,1.389899222,-99,2.680543492,2.085968,1.6039112,11.41501904,3.4,3.452082572,nircam3-11245,nircam3-8577,31476,3.44,8.3,0.02,8.8,2,11.25,1.78,-9.47,0.5,38.2,0,4.181184669,0,25.9889,0.0015,0.45813298,0.000741,0.3848,0.002,0.6058,0.0017,56.975098,0.0208,0,24.8047,0.1183,0.641496,0.155754,6.6762,0.7014,0.7828,0.039,48.249695,6.1698,1,-99,-99,-99,-99,-99,0,-99,-99,-99,-99,3,22.1951,0.0054,0.367884,0.004623,6.8712,0.0602,0.5803,0.0023,54.9,0.2029,0,21.9469,0.0021,0.226932,0.00099,4.4581,0.0234,0.5528,0.0015,54.763298,0.1266,0,21.5291,0.0016,0.19289999,0.000594,3.9676,0.019,0.5257,0.0012,52.501198,0.0675,0,1.05E+01,4.05E-01,1.15E+00,-99,11.69255576
32500,424,214.7462083,52.78343489,4,1.6,8.812,4.394,-50.64,6.441,37.35,44.57581532,6.128858522,235.1521172,7.074410645,675.4830317,6.737176174,1895.090463,11.20120127,3034.989764,13.87205399,4527.846026,24.12394703,5268.346699,19.4861008,20.38009381,23.96319465,5.14117794,51.21468369,0,2.62E+13,52.18986431,22.50955928,91.40318708,15.03535326,253.8127448,51.43461694,25.2046,3.253,-1,11.05,392.212,-20.090827,-21.722449,-23.934218,3.095476376,-99,22.7754753,17.0016997,-99000,-99000,107.883362,31.7222436,55.5072871,21.6278474,300.711237,32.8389882,0.152335716,24.32596389,1.00E+20,999999,1.00E+20,32500,214.7462083,52.78343489,-1,12,3.2349327,50.722935,0.013231847,3.2349327,50.722935,0.013231847,3.2629027,0.012743142,3.2204862,50.918217,3.081402,3.2113256,3.2500803,3.3058944,3.4301865,242.75072,7.498932,529.15894,7.7253113,1060.3076,71.292755,7063.4023,864.0254,27825.81044,33152135237,72983136460,75.12912177,5.42E+11,0,2.440503708,-99,2.201461111,1.6006784,2.0589552,10.86322252,2.59,2.708099031,nircam4-424,nircam4--1,32500,3.23,8.3,0.02,8.6,2.7,10.9,1.96,-8.94,0.3,78.3,0,5.363984674,0,27.06,0.0647,0.55967396,0.042365998,0.3335,0.1044,0.2009,0.0163,-9.010799,1.5113,0,25.0681,0.0135,0.506175,0.008475,0.4138,0.0225,0.2887,0.0047,-2.8162003,0.4609,0,24.0968,0.0047,0.445113,0.002592,0.4725,0.0089,0.2639,0.0015,-3.1665,0.1456,0,23.1453,0.0024,0.345426,0.001284,0.972,0.0089,0.2942,0.0011,-4.3404007,0.1001,0,-99,-99,-99,-99,-99,0,-99,-99,-99,-99,3,22.1304,0.0015,0.276702,0.000801,1.7549,0.0091,0.2626,0.0009,-6.0206985,0.0667,0,9.75E+00,2.41E-01,9.69E-01,-99,11.11463393
33146,1111,214.7074428,52.75260243,4,1.6,6.768,5.64,1.73,2.679,3.74,237.4657233,7.216801927,726.6605159,12.94667029,1844.699034,18.4496952,2470.093865,13.38318328,2816.058145,11.65720107,3276.228096,18.65218971,3360.251942,12.2651475,53.94862116,21.87435916,83.73946853,71.58373391,0,2.13E+13,289.4445766,22.06420861,377.8905888,17.66272887,730.2761168,57.70611235,23.9069,2.755,-1,10.48,46.1575,-20.978614,-22.214724,-22.794259,1.725983581,-99,295.423317,28.9625524,412.110703,66.5192435,642.369671,51.3741659,500.958359,30.9594845,993.710206,43.7545391,0.145524837,23.2351862,1.00E+20,999999,1.00E+20,33146,214.7074428,52.75260243,-1,12,3.0840166,34.821747,0.003150723,3.0840166,34.821747,0.003150723,3.0549986,0.003881253,3.095752,34.854088,3.0021572,3.037774,3.0818458,3.1101186,3.1300948,593.863,10.342834,1488.7198,35.91278,2145.5486,59.56079,3573.2024,199.60022,26275.34923,62026657300,49648369468,0.121345391,7815966033,0,0.276545473,-99,0.800436,1.3946304,0.55379814,10.69590499,3.1,3.101271083,nircam4-1111,nircam4--1,33146,3.08,8.3,0.02,9,0.1,10.51,0.25,-10.26,0.7,30.3,0,1.378446115,0,-99,-99,-99,-99,-99,0,-99,-99,-99,-99,3,24.2829,0.0152,0.049548,0.001392,6.4452,0.2581,0.8743,0.0141,-37.0466,3.917,0,23.2549,0.0035,0.045585,0.000276,5.7695,0.0532,0.8627,0.0005,-48.2545,0.1077,0,22.8202,0.0007,0.048825,5.10E-05,8,0.0201,0.9305,0.0001,-82.0836,0.0116,0,22.7747,0,0.046304997,0,5.4071,0.0015,0.8775,0,-75.8742,0.0001,0,22.6064,0.0004,0.039633,1.50E-05,5.7217,0.0106,0.9317,0.0001,-68.1246,0.0142,0,1.01E+01,7.65E-01,-7.18E-01,-99,10.75352275
33819,1810,214.7304391,52.76459362,4,1.6,8.133,7.336,41.85,4.408,5.23,325.9023445,8.611434436,990.3145476,12.74393248,1787.489533,15.23615754,2987.870067,14.46007149,4564.074987,16.10606306,5307.517901,25.12381305,5694.947422,18.67729451,32.11546632,28.81272957,50.71337952,61.66593971,0,2.89E+13,428.4008965,35.75792199,670.9584386,16.09921636,962.826981,83.62381464,23.8455,2.183,-1,10.58,72.9721,-19.584302,-21.324106,-22.820195,1.96593859,9.78,30.7342668,21.5828817,79.8360285,30.6750058,771.904919,38.1535683,501.449833,34.6684541,1051.52098,44.2590333,0.030157727,23.26939123,1.00E+20,999999,1.00E+20,33819,214.7304391,52.76459362,-1,12,2.5880601,5.9530663,0.011277204,2.5880601,5.9530663,0.011277204,2.5606756,0.011588041,2.596461,6.0477376,2.3426445,2.555176,2.5899937,2.6147513,2.6301963,532.2417,29.102036,1121.1001,31.443298,1736.7101,52.726562,5735.8516,200.31445,21266.45095,37435891185,34095284004,46.27039792,3.05E+11,0,1.516129855,-99,0.910764588,1.2840462,1.2971765,10.53269431,2.32,2.426945324,nircam4-1810,nircam4--1,33819,2.59,8.7,0.02,8.8,1.7,10.59,1.67,-8.93,0.1,6.89,1,17.26427623,1,24.773,0.0103,0.332274,0.006546,5.4744,0.0581,0.621,0.0013,-15.633099,0.0045,0,23.8125,0.0027,0.187614,0.000915,4.2531,0.0159,0.7464,0.0016,-14.0816,0.0036,0,-99,-99,-99,-99,-99,0,-99,-99,-99,-99,3,22.6077,0.0025,0.161034,0.000807,4.4359,0.0286,0.8772,0.0024,-49.3095,0.6503,0,22.2486,0.0013,0.12968999,0.000282,3.5924,0.0174,0.8771,0.0018,-46.182602,0.4837,0,22.0435,0.0017,0.117564,0.000303,3.5881,0.0236,0.8697,0.0022,-47.4339,0.5913,0,9.75E+00,5.18E-01,3.59E-01,0.372795513,10.89081536
34063,2068,214.7108799,52.74945551,4,1.6,12.687,10.301,-66.75,4.91,4.45,664.0596149,15.49963912,2428.506258,29.63845874,4897.578343,38.91252211,6269.425196,31.98781106,7709.425618,31.98603166,9068.378745,50.13562661,9243.324765,36.56665151,82.44426709,43.16351418,325.3576865,130.5847622,0,4.42E+13,794.7603917,42.89002788,1512.254997,35.84491833,2507.915108,118.862167,22.9228,2.659,-1,10.97,32.4312,-21.40414,-23.00985,-23.781615,2.417377529,-99,131.892269,30.0294073,288.778162,66.3055927,1397.07425,71.2541818,723.153649,39.2779539,2459.67767,53.0501897,0.014241078,22.17504652,1.00E+20,999999,1.00E+20,34063,214.7108799,52.74945551,-1,12,2.774182,54.90496,0.005959163,2.774182,54.90496,0.005959163,2.7808557,0.006166073,2.7808557,54.94025,2.683268,2.7303882,2.7721658,2.816012,2.8607607,1310.3262,28.588806,3423.474,97.941284,5179.5854,97.876465,9503.792,122.22412,23129.57297,1.26E+11,1.20E+11,0.239085619,16727769284,0,0.325680676,-99,0.953431036,1.4922891,0.6590048,11.07812722,2.86,2.806845548,nircam4-2068,nircam4--1,34063,2.77,8.3,0.02,8.9,0.6,10.88,1.06,-9.82,0.6,52.2,0,7.594936709,0,24.1917,0.0241,0.25449,0.011925,4.7082,0.1422,0.8581,0.0089,32.129204,2.9517,0,22.7745,nan,0.251337,nan,5.7366,nan,0.8796,nan,17.206398,nan,0,-99,-99,-99,-99,-99,0,-99,-99,-99,-99,3,21.7069,0.0029,0.25249198,0.001767,8,0.0434,0.8499,0.0016,-2.0299988,0.3478,0,-99,-99,-99,-99,-99,0,-99,-99,-99,-99,3,21.4074,0.0009,0.168039,0.000357,8,0.0149,0.8361,0,-2.0362015,0.004,0,1.02E+01,4.45E-01,-5.87E-02,-99,11.18881891
34143,2152,214.7138002,52.75157125,4,1.6,5.493,5.073,45.43,2.551,3.54,359.5369113,6.640978519,1480.254921,13.30102319,2510.333386,18.35858545,3141.374008,11.77495494,3781.125624,11.56523655,4302.263764,17.7185049,4499.960241,11.77398666,16.829451,21.83685193,79.62905048,55.66008648,0,1.71E+13,460.9640418,17.47093866,872.9911901,16.41295926,1488.164881,47.26564455,23.4973,2.481,-1,10.75,11.8211,-20.446645,-22.207668,-22.903712,0.485850731,9.909,10.8924248,17.217352,65.004302,35.5003748,886.870566,45.0515497,457.378479,25.9806162,1449.04322,34.518741,0.009453834,22.9006715,1.00E+20,999999,1.00E+20,34143,214.7138002,52.75157125,-1,12,2.5830295,83.11722,0.004026571,2.5830295,83.11722,0.004026571,2.596461,0.004565864,2.596461,83.37819,2.5186672,2.5491982,2.5840294,2.6195688,2.6523352,580.7364,11.403748,1674.843,32.843628,2460.179,30.812012,4556.448,49.53662,21216.39252,52855469912,54853113242,0.097317867,6572669851,0,0.191380183,-99,1.037794448,1.5674692,0.6691493,10.73920128,2.65,2.633865355,nircam4-2152,nircam4--1,34143,2.58,8.3,0.02,8.9,0.6,10.5,0.68,-9.82,0.6,102,0,9.732360097,0,24.995,0.0124,0.056985,0.001122,3.5623,0.1668,0.7491,0.0143,-86.3807,2.0886,0,23.4421,0.0034,0.055124998,0.000393,3.6662,0.0619,0.7172,0.005,-79.5134,0.6519,0,22.8439,0.0002,0.052611,1.80E-05,4.3773,0.0035,0.6958,0,-83.3743,0.0007,0,22.6394,0.0009,0.049419,0.000147,3.8036,0.0307,0.6944,0.002,-80.3209,0.2614,0,22.4181,0.0009,0.050586,0.000138,4.1874,0.0307,0.6954,0.002,-83.236694,0.2364,0,22.2646,0.001,0.047874,0.00015,3.7229,0.0364,0.6874,0.0024,-78.8201,0.2958,0,1.01E+01,7.64E-01,1.29E+00,-99,10.82257425
34970,3007,214.7632297,52.7826887,4,1.71,7.177,4.639,-61.51,5.269,20.67,42.30338709,5.466141444,111.2684477,6.386564427,286.2580061,6.542568969,704.3778862,7.272201845,1081.771483,8.095644817,1533.452733,13.25061021,1771.582898,10.50302678,5.430979059,22.84884585,20.62040383,46.21977025,0,2.44E+13,61.04160084,22.09048579,12.29908672,14.21049706,132.8001848,56.24618298,25.796,3.904,-1,10.38,87.96,-20.204146,-21.531968,-22.646349,2.192849372,-99,18.836593,21.840394,17.6725359,26.4995987,17.7414645,38.6151065,79.5952979,26.5354936,174.421072,31.7320104,0.133150328,25.2581059,1.00E+20,999999,1.00E+20,34970,214.7632297,52.7826887,-1,12,3.3100913,23.534643,0.080498815,3.3100913,23.534643,0.080498815,3.3927274,0.066871695,3.3057456,23.442741,3.1725247,3.2442346,3.4166923,3.601259,4.1513224,121.08266,6.5069275,231.85562,14.754997,489.23837,28.604279,2375.297,332.35284,28602.08549,15880347524,29427246168,20.62247889,1.46E+11,0,1.872698132,-99,1.853060591,1.5160965,1.7154937,10.46874962,3.31,3.309142208,nircam4-3007,nircam4--1,34970,3.31,8.3,0.02,8.5,2.4,10.33,1.6,-8.73,0.2,19,0,1.84501845,0,-99,-99,-99,-99,-99,0,-99,-99,-99,-99,3,25.642,0.1092,0.419961,0.062264998,1.9401,0.2227,0.8216,0.0461,51.55121,11.8223,1,25.0433,0.0064,0.215805,0.001956,2.7311,0.0218,0.7944,0.0002,80.8707,0.0264,0,24.2669,0.0003,0.22098,6.90E-05,1.8715,0.0009,0.4462,0,-21.6463,0.0018,0,-99,-99,-99,-99,-99,0,-99,-99,-99,-99,3,23.3724,0.0058,0.136872,0.001323,3.2944,0.0739,0.4399,0.005,-17.029999,0.3542,0,9.66E+00,4.93E-01,1.12E+00,-99,10.79247201
35766,3825,214.7771113,52.7888498,4,1.6,7.687,7.214,23.22,4.632,6.86,369.9017721,7.013492813,870.465233,10.77172438,1672.515697,11.46632656,3285.383076,12.01843137,4179.388847,12.46119018,5651.009705,20.66201655,6205.204203,15.84950418,110.8397017,26.54285896,180.3686312,41.3686987,0,2.83E+13,425.4860004,28.09772963,622.7908573,17.25511005,842.8176959,58.53587596,24.1584,3.041,-1,10.64,732.56,-21.108523,-22.416797,-23.751996,1.108041613,-99,94.0235719,17.3065705,179.671589,22.1050561,600.08277,33.3275659,369.484661,27.561043,788.237246,27.2729205,0.070931847,23.34157449,1.00E+20,999999,1.00E+20,35766,214.7771113,52.7888498,-1,12,2.9041238,36.863636,0.023356304,2.9041238,36.863636,0.023356304,2.9351552,0.022803403,2.8959997,36.93072,2.7801256,2.842318,2.9114764,3.0574894,3.1076171,689.29535,17.297241,1223.9554,57.337036,1849.5564,69.033936,7007.1436,538.31616,24442.46873,48402151206,45946239701,61.64634295,3.80E+11,0,1.471384298,-99,0.949260282,1.0716556,1.4461837,10.66224997,3.1,3.053864818,nircam4-3825,nircam4--1,35766,2.9,8.7,0.02,8.7,1.7,10.66,1.89,-8.77,0,246,0,18.70503597,1,25.4743,0.0063,0.108357,0.00078,0.2,0.014,0.6029,0.0051,84.9747,0.6971,0,24.0282,0.0111,0.202701,0.003897,2.7721,0.0526,0.5944,0.006,81.188995,0.6123,0,23.1972,0.0075,0.23155199,0.003303,3.8676,0.0473,0.7148,0.0043,77.781,0.5445,0,22.5766,0.0017,0.194187,0.000576,1.9198,0.0074,0.8564,0.0019,75.5726,0.4879,0,22.3412,0.001,0.185103,0.000363,1.6048,0.0057,0.9157,0.0015,74.382,0.6551,0,21.9616,0.0011,0.17210999,0.000357,1.4718,0.0058,0.9302,0.0016,84.5579,0.8937,0,9.74E+00,3.77E-01,9.14E-01,1.115631197,11.28758713
37125,5378,214.7517458,52.7618506,4,1.6,7.43,7.052,-22.42,4.173,3.8,1133.172559,12.29862145,2297.787235,17.41812947,4236.283417,20.52709436,6667.410864,19.54127468,8615.705345,20.86244837,11211.15375,32.56163361,11830.69506,24.04964926,482.1872514,25.92769728,408.3355571,56.29411365,0,2.56E+13,771.100736,26.43901513,1237.173004,20.68542079,1984.216036,71.6611512,23.0999,2.837,-1,11.03,160.116,-21.708986,-23.087021,-24.31615,1.5845259,-99,428.282996,32.9694313,362.205389,44.2660539,1280.89956,54.9827734,764.839336,34.6841395,2089.43982,40.3990228,0.047030168,22.33253748,1.00E+20,999999,1.00E+20,37125,214.7517458,52.7618506,-1,12,3.0005722,264.4597,0.002335183,3.0005722,264.4597,0.002335183,3.0146506,0.002496455,3.0146506,265.82654,2.9693105,2.9832542,2.9984531,3.0201638,3.0819218,1613.3353,17.048828,3378.4072,127.424194,4838.687,167.24756,12918.033,1121.8169,25423.02043,1.34E+11,1.41E+11,4.558599369,36193123342,0,0.623160206,-99,1.054764938,1.1925071,1.0661721,11.14924595,1.18,2.939834206,nircam4-5378,nircam4--1,37125,3,8.5,0.02,8.6,1.4,10.91,2.17,-8.74,0.1,225,1,8.450704225,0,23.8067,0.0083,0.035274,0.000459,8,0.2379,0.7731,0.0073,-44.0244,1.1374,0,22.5854,0.0094,0.259392,0.005901,8,0.1091,0.8142,0.0041,-35.0485,0.7401,0,22.0653,0.0039,0.199101,0.001707,5.9549,0.0423,0.8529,0.0026,-30.8567,0.5659,0,21.7696,0.0009,0.14348699,0.000219,3.0506,0.0101,0.8659,0.0013,-26.9525,0.3176,0,21.5401,0.0005,0.13336201,0.000144,2.4062,0.0066,0.8851,0.001,-22.3181,0.303,0,21.228,0.0006,0.122427,0.000147,2.4497,0.0076,0.8831,0.0011,-25.1444,0.326,0,1.04E+01,5.21E-01,-6.97E-01,-99,11.1808197
38028,6402,214.7338924,52.74444733,4,1.6,7.291,6.162,63.08,5.311,10.8,97.21525078,6.04868686,310.1449051,8.581191595,668.4451216,7.36063236,1374.656289,7.353074545,2138.435994,9.004210031,2853.090274,16.92156736,3127.997867,11.02429278,16.60433761,26.41125304,36.3615237,74.0713691,0,2.64E+13,119.1069055,26.51958789,173.2970999,16.29936454,299.0486139,79.89465068,24.7154,2.298,-1,10.34,5.9758,-18.790996,-20.434395,-22.1885,2.773790515,8.874,29.9736688,24.0410023,51.6018389,43.2536728,269.083875,45.1269207,171.626744,33.9358023,471.896137,47.455343,0.015752279,24.3373356,1.00E+20,999999,1.00E+20,38028,214.7338924,52.74444733,-1,12,2.854842,4.6004796,0.06945427,2.854842,4.6004796,0.06945427,2.7808557,0.05368968,2.857234,4.5916,2.3675048,2.6299617,2.8025558,2.8838797,2.9328783,189.02893,7.6474075,476.8194,18.084885,757.08734,49.127014,3460.3623,273.66602,23943.41049,19254931240,22251692638,7.779806898,63921642591,0,2.047237107,-99,1.155636048,1.5065442,1.649939,10.34736305,2.92,2.737427863,nircam4-6402,nircam4--1,38028,2.85,8.5,0.02,8.6,2.2,10.4,1.66,-8.74,0.1,31.5,1,16.06118547,1,26.2653,0.0459,0.323892,0.022721998,1.2197,0.1109,0.4893,0.0261,-68.293304,2.9533,0,24.8247,0.0232,0.330939,0.011177999,1.3865,0.0471,0.6951,0.0148,-81.4141,2.2411,0,24.1421,0.0097,0.269985,0.004011,1.4982,0.0235,0.6996,0.0068,-78.0599,1.009,0,23.5581,0.0026,0.195297,0.000873,1.5061,0.0103,0.691,0.0026,-79.8018,0.3637,0,23.1452,0.0016,0.165651,0.000471,1.6451,0.0084,0.673,0.0019,-79.4345,0.237,0,22.7981,0.0017,0.143385,0.000408,1.6757,0.011,0.6679,0.0022,-78.0344,0.2649,0,9.51E+00,4.53E-01,1.74E+00,0.662354884,11.289636
38234,6632,214.7352097,52.7451402,4,1.64,6.173,4.859,-73.17,4.606,12.9,24.00238474,5.284473405,63.16648423,6.433393402,205.8605561,5.794209911,583.3148723,5.446456038,1117.442107,6.939159973,1695.837254,13.83815559,1927.438871,10.31028427,18.64186255,24.21696755,19.90794756,65.66612572,0,2.36E+13,-7.742672396,24.02002478,44.22559779,13.87843266,110.6452696,63.01516709,-99,-99,-99,-99,-99,-99,-99,-99,-99,-99,-99,-99,-99,-99,-99,-99,-99,-99,-99,-99,1.9720242,25.61606715,-99,-99,-99,38234,214.7352097,52.7451402,-99,11,3.226182,3.16255,0.03912224,3.226182,3.16255,0.03912224,3.2204862,0.03881507,3.2204862,3.159136,2.9174738,3.092391,3.2212355,3.3362036,3.4411128,67.37601,8.929852,157.37685,9.318649,326.14047,47.44185,2495.9644,318.8109,27735.60201,10152247932,30395195913,11.83413381,91317830868,0,2.504874961,-99,2.993937512,1.7122486,2.2095842,10.48280495,3.31,3.397837749,nircam4-6632,nircam4--1,38234,3.23,8.3,0.02,8.5,3.1,10.47,1.73,-8.73,0.2,8.76,1,-0.810810811,0,26.1656,0.1985,1.434546,0.383259,1.4089,0.3282,0.3132,0.0405,1.5512009,4.1818,1,25.0518,0.3452,4.491555,2.761173,5.2784,1.2918,0.1037,0.0097,-50.622902,0.8251,1,25.5324,0.0237,0.24237299,0.008625,1.2181,0.0532,0.5122,0.0132,-40.3757,1.4491,0,24.5408,0.0064,0.187455,0.001968,1.7866,0.0301,0.5049,0.0049,-38.9528,0.4371,0,23.9944,0.0025,0.123687,0.00048,1.7474,0.0249,0.5091,0.0034,-36.3633,0.2745,0,23.4561,0.0018,0.099314995,0.000471,1.8596,0.0323,0.4563,0.0037,-34.9405,0.2664,0,9.78E+00,6.17E-01,3.25E-01,-99,10.95076162
39880,8415,214.7938251,52.77886033,4,1.6,8.841,7.309,-45.39,6.536,24.08,1480.190938,7.942156756,2256.393134,10.30077538,3416.745344,9.309170609,4727.841,10.92149838,4331.594287,9.664258443,5143.727561,17.53587606,5463.40585,13.5495355,625.0608389,25.76613393,1067.727191,48.88443802,1319.636232,38.08498539,1581.940114,43.33870645,1820.000192,24.04531352,2357.158791,115.2487187,22.8597,3.065,-1,10.44,519.289,-22.533656,-23.15905,-23.59132,2.256648503,-99,793.469093,32.7954786,1192.79917,51.392899,2111.33933,69.6768416,1697.45753,45.4324876,2606.95879,41.165842,0.067143087,22.56596847,1.00E+20,999999,1.00E+20,39880,214.7938251,52.77886033,-1,12,3.1802905,110.28268,0.001498814,3.1802905,110.28268,0.001498814,3.1784916,0.001481565,3.1784916,110.26007,3.110604,3.1568089,3.1824195,3.202116,3.223767,2290.9033,21.401978,3149.5283,73.88635,3609.4126,82.1001,6134.8706,886.78906,27263.13249,1.10E+11,26914703304,66.82870622,3.28E+11,0,0.484697845,-99,0.245232182,0.49357438,0.5759222,10.4299896,3.22,3.21292918,nircam4-8415,nircam4--1,39880,3.18,8.3,0.02,8.6,0.3,10.48,1.54,-8.94,0.3,734,0,11.02941176,0,-99,-99,-99,-99,-99,0,-99,-99,-99,-99,3,23.07,0.0029,0.24460201,0.001218,0.7464,0.0076,0.8012,0.003,-18.666,0.7908,0,-99,-99,-99,-99,-99,0,-99,-99,-99,-99,3,22.3277,0.0011,0.264087,0.000438,0.6517,0.0034,0.6168,0.0009,-25.8887,0.133,0,22.4545,0.0011,0.24551699,0.000408,0.6377,0.0037,0.6198,0.001,-28.9027,0.1456,0,22.2523,0.0012,0.24521999,0.000456,0.4761,0.004,0.5924,0.0011,-33.6019,0.1539,0,9.19E+00,1.80E-01,-7.84E-01,-99,10.75628365
41267,9896,214.8033616,52.77842313,4,1.6,7.591,5.256,-69.85,4.89,12.14,134.3440353,5.248651166,488.9299952,7.653102715,1067.013185,7.782138752,1842.616077,10.33331613,2152.775946,10.55180528,2734.743074,17.23405004,2969.660273,13.09968005,23.80653115,19.88032833,52.57828879,37.38296336,76.54706723,27.69158802,148.7563921,22.83433359,319.2894118,18.14860807,541.3701502,47.45387876,24.5463,2.452,-1,10.34,34.8766,-19.491992,-20.944638,-22.37078,1.698316707,9.176,26.8603937,12.9244497,43.9011264,17.0299018,361.204223,42.4978952,197.88662,24.3332823,551.438556,29.0027627,0.066414695,23.82957553,1.00E+20,999999,1.00E+20,41267,214.8033616,52.77842313,-1,12,2.7747254,23.964136,0.011037491,2.7747254,23.964136,0.011037491,2.7808557,0.010851651,2.7808557,23.952755,2.6770952,2.7236588,2.781493,2.8483467,2.907408,267.68045,58.527832,705.92365,31.97641,1147.0807,31.600952,3150.175,113.885254,23135.0427,27815045384,38662591023,2.031961922,18528403539,0,0.675964501,-99,1.389988421,1.5799433,1.0968518,10.58729096,2.83,2.76767164,nircam4-9896,nircam4--1,41267,2.77,8.3,0.02,8.9,1,10.43,0.61,-9.82,0.6,94.2,0,37.40458015,1,25.9055,0.0367,0.246069,0.014163,1.9432,0.1138,0.4827,0.0161,-31.5305,1.5309,0,24.704,0.0067,0.212868,0.002259,0.9413,0.0194,0.3896,0.0031,-27.8493,0.3487,0,23.8621,0.0025,0.209001,0.000861,0.9499,0.009,0.3738,0.0013,-30.2809,0.1402,0,23.3094,0.0012,0.18376501,0.000387,1.0232,0.0072,0.3546,0.0009,-30.0209,0.082,0,23.1522,0.0009,0.170919,0.000315,1.1526,0.0079,0.3091,0.001,-30.4557,0.0687,0,22.835,0.0011,0.15112199,0.000258,1.2824,0.0082,0.3039,0.0015,-30.6099,0.0901,0,9.71E+00,4.20E-01,4.55E-02,1.829847686,10.77781525
43211,2637,214.9509341,52.9239587,5,1.6,6.732,5.651,39.62,4.698,9.64,67.09854275,5.010101552,210.1271471,8.122272368,468.426169,7.976587523,1134.654606,8.757339639,1603.13358,5.632751862,2274.864341,12.6057482,2605.02951,11.1742831,8.983250109,26.13786563,22.5419194,55.32800765,37.13980574,30.68037282,97.73463226,24.51154781,159.1109587,16.56630485,214.2265152,56.31078265,25.482,4.729,-1,10.62,9.89079,-21.357612,-22.503467,-23.949326,1.159209194,-99,10.1508878,13.6220539,42.3120438,17.6087228,166.934988,43.2436504,88.7979093,19.5658348,232.906107,25.1508805,0.101575201,24.72339713,1.00E+20,999999,1.00E+20,43211,214.9509341,52.9239587,-1,12,3.219046,33.246445,0.11117014,3.219046,33.246445,0.11117014,3.349019,0.08101116,3.2204862,33.285664,3.1726136,3.206378,3.2540255,3.6396542,3.6819243,221.96269,7.6825714,380.918,11.553345,656.7814,15.12088,3348.8696,392.84778,27662.06882,20370721544,23226561165,36.30537583,2.45E+11,0,2.128765556,-99,1.140193346,1.1778522,1.7686934,10.36598491,2.8,2.540318478,nircam5-2637,nircam5--1,43211,3.22,8.3,0.02,8.4,2.3,10.37,1.81,-8.56,0.1,82.3,0,3.759398496,0,26.1588,0.1884,0.500385,0.181035,5.0033,0.9602,0.4775,0.0416,82.777695,3.7707,1,25.4924,0.0458,0.228288,0.017496,2.4853,0.1829,0.5023,0.021,82.7449,1.9076,0,-99,-99,-99,-99,-99,0,-99,-99,-99,-99,3,23.8246,0.0026,0.214008,0.000996,1.287,0.0115,0.4243,0.002,77.1998,0.172,0,-99,-99,-99,-99,-99,0,-99,-99,-99,-99,3,23.0966,0.002,0.176904,0.000636,0.6395,0.0119,0.3641,0.0024,75.387405,0.1742,0,9.39E+00,3.35E-01,3.86E-01,-99,10.59475521
43388,2841,214.9051029,52.89158258,5,1.6,8.851,7.672,37.74,5.089,6.3,403.0927505,6.824198868,953.0959014,12.31337587,2688.865242,16.77997276,4540.872546,17.72076104,5824.522343,12.11643717,7511.124609,25.61416417,8218.215777,19.93104465,57.46694887,28.0624091,166.3672644,63.87976395,0,5.77E+13,457.701554,27.74465045,684.8529395,19.62481813,946.4578637,62.16021774,23.9168,3.126,3.227226496,11.02,322.986,-21.475504,-23.013885,-24.241999,1.464634815,-99,82.4390952,14.8689193,177.956155,23.3015578,638.119501,56.4137508,458.97379,27.2392825,984.605165,29.1060761,0.088169279,22.82607741,3.2272265,2,3.2272265,43388,214.9051029,52.89158258,3.227226496,12,3.2725258,1.8992538,0.011488218,3.2725258,1.8992538,0.011488218,3.3057456,0.008507953,3.2629027,2.062231,3.2133417,3.2501066,3.3013434,3.3761325,3.434309,1041.6627,22.298004,2310.472,455.919,3442.708,502.838,10006.863,1484.0093,28213.75663,1.10E+11,98192175230,38.42335458,2.58E+11,0,1.249656124,-99,0.895177262,1.2979327,1.1584945,10.99207688,3.4,3.36771207,nircam5-2841,nircam5--1,43388,3.27,8.3,0.02,8.7,1.3,10.94,1.76,-9.18,0.4,123,1,7.729468599,0,24.6685,0.0208,0.274797,0.009993,3.3904,0.0892,0.7365,0.0133,-56.0427,1.9107,0,23.9229,0.0119,0.179502,0.003615,2.6347,0.0508,0.9337,0.0096,-78.9978,5.0524,0,-99,-99,-99,-99,-99,0,-99,-99,-99,-99,3,22.2286,nan,0.157173,nan,2.4288,nan,0.8589,nan,-5.3718987,nan,0,22.019,0.0007,0.17953499,0.000243,1.8035,0.0044,0.7692,0.001,76.262695,0.1587,0,-99,-99,-99,-99,-99,0,-99,-99,-99,-99,3,nan,nan,4.30E-01,-99,11.1135548
44463,4098,214.9165073,52.89076022,5,1.6,8.23,6.96,-45.99,7.295,23.5,31.5056969,6.301630839,193.7957275,9.3020704,556.2834955,7.988148752,1414.800657,7.967029076,2284.818259,7.111268002,3279.901493,18.16639039,3626.688119,15.17920194,11.61369941,28.8344836,23.04899099,58.95470442,0,5.91E+13,48.43903508,32.77802285,125.5625242,20.53879118,207.6229766,76.75320383,25.0109,2.78,-1,10.54,250.902,-19.550539,-21.031341,-22.850304,2.773945138,-99,19.979725,23.1032361,66.7618399,28.2518744,164.571461,83.1594591,52.5881972,43.0448464,359.457067,40.283502,0.110354362,24.53675956,1.00E+20,999999,1.00E+20,44463,214.9165073,52.89076022,-1,12,2.9019966,18.782673,0.07090865,2.9019966,18.782673,0.07090865,2.9747043,0.05949287,3.095752,18.769173,2.7390435,2.8265326,2.960412,3.1725788,3.2605424,118.4492,12.397251,348.29636,12.523087,681.6925,24.681183,4097.384,607.05676,24420.89978,17817856312,54138992078,10.84758078,91963009721,0,1.967830316,-99,3.038468328,1.900141,1.9472954,10.73351017,2.41,2.531770997,nircam5-4098,nircam5--1,44463,2.9,8.3,0.02,8.7,2.6,10.67,1.49,-9.18,0.4,76.5,1,17.77150917,1,-99,-99,-99,-99,-99,0,-99,-99,-99,-99,3,-99,-99,-99,-99,-99,0,-99,-99,-99,-99,3,24.5963,0.0002,0.27119097,1.80E-05,0.5306,0.0001,0.8889,0,2.674099,0.0166,0,23.571,0.0026,0.241209,0.000909,1.1832,0.01,0.7561,0.0032,-19.0652,0.5603,0,23.118,0.0022,0.19700699,0.00075,1.6737,0.0099,0.6975,0.0023,-22.6982,0.3138,0,22.6684,0.0001,0.15578999,2.10E-05,2.3571,0.0006,0.6804,0,-25.5132,0.0007,0,9.87E+00,4.33E-01,1.20E+00,1.886581042,11.22827713
44765,4436,214.9163617,52.89130847,5,1.61,10.098,9.704,-14.41,8.769,19.64,507.1229296,9.556716803,1058.379287,12.91598814,1769.263761,11.35842985,2416.696612,11.97839963,2926.646645,8.538304011,3677.170699,21.43432189,3932.975274,16.32924273,174.9000886,43.07872035,256.0969224,79.988649,0,8.10E+13,574.2253022,49.36554738,659.6416377,32.01550928,1068.100719,120.6626752,23.3852,2.734,-1,10.41,25.621,-21.354689,-22.330346,-23.032896,7.816157749,-99,314.701901,30.166032,423.243002,37.4378444,1108.21157,88.9117402,804.372581,50.9587898,1606.66706,62.4905899,0.154349538,23.28051854,-999,0,-999,44765,214.9163617,52.89130847,-1,12,2.9656227,7.6639957,0.002364717,2.9656227,7.6639957,0.002364717,2.9747043,0.002718506,2.9747043,7.7321253,2.9007413,2.9363332,2.9643779,2.990709,3.0185688,797.7456,15.838959,1590.3744,30.850952,1884.9921,188.98633,4346.067,356.07397,25067.1227,51078436240,29059904154,5.624875647,39614031464,0,0.899093673,-99,0.568927052,0.9336127,0.9069672,10.46329418,3.01,3.037447078,nircam5-4436,nircam5--1,44765,2.97,8.3,0.02,8.5,1,10.31,1.57,-8.73,0.2,93.3,1,17.62114537,1,24.1144,0.0462,0.696162,0.053981997,4.0521,0.1575,0.8736,0.0182,-23.1267,5.0029,1,23.309,0.023,0.778431,0.028653,3.3912,0.0698,0.7209,0.0102,-34.092598,1.3047,1,22.9603,0.0124,0.587841,0.010461,2.2825,0.0298,0.7152,0.0054,-32.0214,0.7645,0,-99,-99,-99,-99,-99,0,-99,-99,-99,-99,3,22.7575,0.0019,0.311571,0.000939,1.3377,0.0065,0.9199,0.0024,-35.734398,1.1357,0,22.5039,0.0024,0.259686,0.000966,1.5322,0.0079,0.9539,0.0028,-27.2147,2.3089,0,9.35E+00,2.39E-01,4.58E-01,-0.656026271,11.19345601
45702,5499,214.9059755,52.8770428,5,1.6,16.115,8.234,59.4,10.145,15.5,784.0086339,11.41468051,1380.614074,16.98244594,2133.443149,16.80438463,3082.351582,14.73656912,3649.381946,11.38101757,4449.783659,26.19160066,4680.684487,20.51762912,273.8921576,41.28297901,399.7655875,98.17534413,0,9.80E+13,716.8154182,53.06453518,1025.332552,24.82632681,1381.290589,124.1477256,23.2161,2.895,-1,10.31,115.12,-21.775001,-22.3844,-23.251103,6.160667513,-99,509.270174,28.0561555,629.411489,38.0751857,1365.43732,61.63362,969.689321,49.1659244,1877.42928,59.123526,0.220303433,23.07729731,-999,0,-999,45702,214.9059755,52.8770428,-1,12,2.909354,11.918195,0.008116626,2.909354,11.918195,0.008116626,2.8959997,0.008556318,2.8959997,12.126017,2.8280556,2.8699915,2.908298,2.9437041,3.0158634,1129.6868,63.592407,1800.5565,154.0274,2219.4297,155.5581,5054.9717,286.29175,24495.51211,58255910571,26044172837,42.15628585,2.27E+11,0,0.923292566,-99,0.4470649,0.73320836,0.8936933,10.41571057,2.95,2.953115783,nircam5-5499,nircam5--1,45702,2.91,8.5,0.02,8.5,1,10.34,1.75,-8.58,0,64.7,1,12.5,0,-99,-99,-99,-99,-99,0,-99,-99,-99,-99,3,23.6433,0.0184,0.421566,0.010512,3.1534,0.0524,0.7539,0.0023,6.4067993,0.0726,0,23.0621,0.011,0.550497,0.008055,2.098,0.0214,0.6512,0.0033,-67.3936,0.5386,0,22.7952,0.0057,0.347736,0.002643,2.8828,0.0166,0.8873,0.0034,4.7300987,0.1244,0,22.5937,0.0022,0.42852,0.001494,2.0643,0.0066,0.5567,0.0012,-75.2146,0.1298,0,22.3586,0.0032,0.386865,0.002043,2.3784,0.0135,0.5589,0.0018,-74.1668,0.1642,0,9.18E+00,1.81E-01,7.45E-02,-99,11.06360891
46849,6823,214.9785615,52.92153875,5,1.6,8.535,5.141,-31.08,2.897,3.05,68.74120182,5.073630702,402.0436854,10.65910998,961.181635,14.11691758,1584.690847,11.73530418,1909.440763,8.323372728,2243.457554,17.01093499,2441.020814,13.33530385,-1.09003347,18.57533393,3.213213485,41.92596512,109.577283,34.25625403,83.83818793,27.77012704,243.3761015,21.05343783,419.1887743,56.75845387,24.7348,2.435,-1,10.43,3.11011,-18.804002,-20.999439,-22.208114,1.646570013,9.369,1.31620298,9.32717893,1.21213239,10.9295102,273.08199,53.9923079,96.1158946,22.2903208,463.530891,33.731691,0.109939656,23.94298634,1.00E+20,999999,1.00E+20,46849,214.9785615,52.92153875,-1,11,2.7325425,33.608093,0.020952733,2.7325425,33.608093,0.020952733,2.7808557,0.017330995,2.7432353,33.747818,2.6592958,2.703226,2.7542176,2.8748362,2.9245672,176.22581,7.769905,575.6248,21.813751,1019.6352,20.275482,2554.354,73.169556,22710.92378,24095734566,48844397240,0.030465121,3638081486,0,0.127379186,-99,2.027097249,1.9059383,0.99709064,10.68881475,2.41,2.578910199,nircam5-6823,nircam5--1,46849,2.73,8.3,0.02,9.1,0.5,10.33,-0.48,-10.81,0.8,49.1,1,7.853403141,0,26.6687,0.1397,0.107472,0.035355,7.5416,2.0193,0.7133,0.0741,6.866699,8.6767,0,-99,-99,-99,-99,-99,0,-99,-99,-99,-99,3,23.8329,0.003,0.07484999,0.000483,8,0.0515,0.8675,0.0001,-19.2432,0.0058,0,23.372,0.0049,0.054105,0.000486,8,0.1537,0.743,0.0053,-15.948101,0.6968,0,23.1807,0.004,0.049212,0.000336,8,0.1368,0.772,0.0042,-7.047901,0.638,0,22.958,0.0065,0.040551,0.000444,8,0.2383,0.734,0.0068,-14.1656,0.8818,0,1.00E+01,7.18E-01,2.19E-01,-99,10.79765428
47065,7168,214.9127277,52.87571594,5,1.6,34.681,13.725,43.8,11.494,29.1,420.5845984,23.68025171,1022.112709,60.17882632,2507.410845,41.35483529,5258.280834,35.93275598,7868.589278,27.45877811,10706.46867,71.70278393,11646.05528,61.06689014,69.89008679,93.12320169,20.68409317,222.2848829,0,2.25E+14,207.7610237,116.9144463,361.2057098,69.0658152,1124.629362,266.0878023,23.9472,2.585,-1,10.94,14.3693,-20.044568,-21.810067,-23.596828,33.21849899,-99,29.1242311,21.1069661,58.1290814,27.0092462,528.450064,83.2926679,251.920053,45.0838382,957.44916,55.4953819,0.261288279,22.90193625,1.00E+20,999999,1.00E+20,47065,214.9127277,52.87571594,-1,12,3.143279,22.753517,0.024077252,3.143279,22.753517,0.024077252,3.1784916,0.02150603,3.136915,22.816454,3.0226321,3.103411,3.160019,3.302651,3.3964663,858.10254,46.01715,1978.5383,99.63495,3402.9858,696.5679,13610.156,1646.7603,26882.84251,1.02E+11,90193967441,67.09834257,5.30E+11,0,2.08246151,-99,0.888547529,1.4958024,1.5050075,10.95517749,3.31,3.266167799,nircam5-7168,nircam5--1,47065,3.14,8.3,0.02,8.6,2,11.09,2.15,-8.94,0.3,24.9,1,0.277777778,0,22.8047,0.1411,5.339415,0.94551295,2.658,0.222,0.7152,0.0332,76.4878,4.6823,1,24.3355,0.0148,0.40114498,0.008187,0.9443,0.0254,0.7511,0.0084,80.826096,2.1874,0,23.3422,0.0044,0.39795598,0.001902,0.8715,0.0086,0.6581,0.0028,89.817795,0.5127,0,22.6266,0.002,0.327072,0.001017,0.8634,0.006,0.5364,0.0012,-89.1103,0.1632,1,22.1106,0.0011,0.304137,0.000615,1.0661,0.0049,0.5145,0.0009,-86.9709,0.101,0,21.6716,0.001,0.26253298,0.000504,1.2569,0.0054,0.4912,0.0009,-86.2927,0.0895,0,9.81E+00,2.25E-01,6.98E-01,-99,11.49838743
48599,9159,214.9741035,52.90594267,5,1.6,10.505,9.31,-11.52,7.358,6.49,1734.654747,8.060059502,4959.188351,20.82386092,8041.081697,27.16611444,12785.91269,33.13135808,17944.15626,26.81226439,23456.8114,68.31335885,28917.20427,64.30665865,422.9303715,28.92516171,725.6453786,69.69087176,1389.403148,43.86282952,2169.029903,42.84759324,3491.655535,24.63812695,5210.97326,96.60244023,22.0127,2.532,2.471394777,11.3,731.212,-22.330846,-23.684613,-24.959051,2.686039376,-99,428.383857,24.7342357,725.031364,38.6820584,3801.4612,88.1566298,2290.12233,52.1462726,5687.3128,48.6980274,0.077939894,21.63671381,2.4713948,7,2.4713948,48599,214.9741035,52.90594267,2.471394777,12,2.5743694,68.92824,0.00171116,2.5743694,68.92824,0.00171116,2.5606756,0.002446372,2.5606756,69.28099,2.5338302,2.5535095,2.574899,2.598403,2.622973,2620.3281,82.25195,5534.861,112.31665,7837.8115,179.76831,29082.29,268.84375,21130.25659,1.67E+11,1.71E+11,15.35174575,1.23E+11,0,1.141614777,-99,1.021241814,1.1895978,1.4235845,11.23296402,2.65,2.64065344,nircam5-9159,nircam5--1,48599,2.57,8.3,0.02,8.4,1.8,11.04,2.48,-8.56,0.1,1180,1,96.93877551,1,22.8629,0.0088,0.63482404,0.010325999,4.711,0.0414,0.6354,0.0039,-28.8333,0.4115,0,21.855,0.0049,0.448122,0.003762,3.2313,0.0203,0.736,0.0026,-30.0595,0.3639,0,21.3886,0.0011,0.371319,0.000633,3.2814,0.0046,0.8052,0.0001,-28.6983,0.0044,0,-99,-99,-99,-99,-99,0,-99,-99,-99,-99,3,20.7345,0.0007,0.211245,0.000297,2.8302,0.0052,0.8982,0.001,-28.5007,0.317,0,20.2218,0.0011,0.168549,0.000345,4.7473,0.0164,0.9012,0.0012,-29.4704,0.4019,0,1.04E+01,4.22E-01,6.85E-01,1.29958567,11.40810292
51144,12154,214.9950126,52.90612527,5,1.6,11.655,6.131,-78.2,8.489,37.35,220.7599711,6.364313972,602.9780469,10.32336411,1493.70759,8.799380469,3595.561583,10.84284704,6112.28484,9.668795138,8237.534198,22.45801063,9288.240899,18.89722179,15.65520525,24.94915654,36.24245439,63.98952647,133.2210448,39.57283345,202.2114258,35.17472645,416.311549,21.37104615,554.5311626,77.16240643,24.2672,2.655,-1,10.86,323.078,-20.27901,-22.176367,-23.796096,4.145505214,-99,43.9938466,14.5527525,43.842889,20.4425554,467.056246,64.1636238,278.905384,34.4400244,713.077358,53.0004151,0.1205333,23.46433603,1.00E+20,999999,1.00E+20,51144,214.9950126,52.90612527,-1,12,2.8863583,4.5060654,0.030888714,2.8863583,4.5060654,0.030888714,2.857234,0.029442519,2.8959997,4.4907846,2.6801744,2.7770803,2.867096,2.9525068,3.029846,445.49542,13.200409,950.5979,41.030243,1755.7628,72.3714,10579.73,468.7583,24262.40791,45480099351,1.09E+11,69.60578259,4.73E+11,0,2.038486146,-99,2.392132764,1.4890566,1.9500219,11.03660668,3.07,2.886402536,nircam5-12154,nircam5--1,51144,2.89,8.3,0.02,8.4,2.7,10.87,2.32,-8.56,0.1,92.8,0,21.78899083,1,-99,-99,-99,-99,-99,0,-99,-99,-99,-99,3,24.3269,0.009,0.45172498,0.006555,0.5028,0.0193,0.4437,0.0057,-33.7099,0.6432,0,-99,-99,-99,-99,-99,0,-99,-99,-99,-99,3,-99,-99,-99,-99,-99,0,-99,-99,-99,-99,3,22.0463,0.0001,0.360903,2.10E-05,0.6396,0.0001,0.3027,0,-38.397102,0.0006,0,21.6103,0.0007,0.34440297,0.000318,0.6983,0.0023,0.2937,0.0004,-38.1624,0.0289,0,9.57E+00,1.07E-01,1.96E+00,1.472520084,11.68327589
52335,575,214.8598201,52.86065583,6,1.61,11.318,8.626,84.46,9.211,33.36,124.6873606,10.841088,340.8909106,11.97719046,747.0809122,11.11423746,1855.031971,9.70772828,2935.520882,12.11772433,4417.026604,22.60138433,5141.866474,15.73074594,15.37502534,46.75318742,39.36236424,91.67531001,0,9.76E+13,154.3832403,49.37553864,199.3633261,29.98634793,256.5477362,108.3809352,25.3954,6.356,-1,11.46,34.612,-22.722608,-24.183825,-24.8762,0.836141635,-99,26.0056529,18.4288643,19.3849364,21.5035831,177.53419,50.3173444,139.289701,32.2062753,252.254899,31.9419064,0.028449182,24.2165809,1.00E+20,999999,1.00E+20,52335,214.8598201,52.86065583,-1,12,3.2483745,24.320936,0.033886936,3.2483745,24.320936,0.033886936,3.3057456,0.027161524,3.2629027,24.636202,3.19376,3.2274406,3.266648,3.4656713,3.6229644,361.2127,13.235336,608.879,16.25528,1081.8069,39.40857,6991.1436,807.68945,27964.44605,34054138981,58196701252,51.07665627,3.43E+11,0,2.26929608,-99,1.708946489,1.1909668,2.0259962,10.76489837,3.46,3.102163648,nircam6-575,nircam6-456,52335,3.25,8.3,0.02,8.3,2.7,10.68,2.29,-8.4,0,98.3,0,2.808988764,0,26.4067,0.035,0.49018797,0.014592,0.204,0.0326,0.4458,0.0155,-54.276802,1.837,0,24.3791,0.0406,0.796914,0.042843,1.648,0.0705,0.8909,0.0197,-15.075802,8.9018,1,-99,-99,-99,-99,-99,0,-99,-99,-99,-99,3,23.2338,0.0026,0.381576,0.001488,1.0689,0.006,0.7793,0.0021,-50.8683,0.4549,0,-99,-99,-99,-99,-99,0,-99,-99,-99,-99,3,-99,-99,-99,-99,-99,0,-99,-99,-99,-99,3,nan,nan,2.30E-01,-99,11.07323087
54025,2347,214.8554077,52.84880879,6,1.6,12.618,9.206,-9.22,11.136,51.71,147.681675,11.66969804,440.8991892,12.70259558,1128.563865,13.21708338,2825.80806,11.63835984,4192.500421,12.21075651,6001.333381,24.06913827,6608.462396,16.57706258,56.68529871,56.99674439,46.15308187,87.40922414,0,1.02E+14,236.4457055,49.12008059,0,2.72E+13,520.9832397,130.7435917,24.277,2.595,-1,10.77,147.824,-19.931058,-21.473689,-23.496279,4.245710972,-99,30.434955,20.2287496,46.3202803,22.3417596,-99000,-99000,265.874281,37.9963287,706.666653,46.6512866,0.226540151,23.76868465,1.00E+20,999999,1.00E+20,54025,214.8554077,52.84880879,-1,11,3.1979473,13.480189,0.002365037,3.1979473,13.480189,0.002365037,3.1784916,0.003325323,3.1784916,14.055906,3.1327286,3.173122,3.1992252,3.2268739,3.2581823,455.8761,14.673233,888.44867,25.732605,1587.9128,38.57025,8063.223,1192.4666,27444.7967,48723689016,54219413816,98.7581005,6.84E+11,0,2.329674595,-99,1.112793693,1.3549496,1.7642051,10.73415482,3.19,2.760099076,nircam6-2347,nircam6--1,54025,3.2,8.3,0.02,8.6,2.2,10.9,1.97,-8.94,0.3,134,0,-2.604166667,0,23.9785,0.6738,12,13.745117,7.4843,2.0797,0.4749,0.0394,70.35,4.4579,1,23.8021,0.5598,11.597499,13.035321,8,2.3273,0.3353,0.028,78.0969,2.4614,1,24.0238,0.0443,0.76400095,0.057773996,2.5073,0.1365,0.8068,0.0207,56.1988,5.147,0,23.1281,0.0058,0.39161697,0.000948,0.387,0.0035,0.7539,0.0024,64.1761,0.4796,0,22.7814,0.0057,0.345597,0.000804,0.8248,0.004,0.7279,0.0014,36.7881,0.4124,0,22.219,0.0035,0.324171,0.000903,1.0626,0.0043,0.7268,0.0012,26.444397,0.3847,0,9.43E+00,1.55E-01,7.33E-01,-99,11.31143054
54833,3217,214.8769415,52.86038916,6,1.6,9.382,5.965,63.87,7.431,44.91,94.82992976,7.430997276,337.8174666,8.463352848,902.8426134,7.856338164,1784.251625,7.103009099,3066.914234,8.544228901,4068.501104,16.27278424,4338.098665,10.9266518,8.60696792,31.72102287,-7.299679573,64.9457267,0,6.22E+13,132.6147365,29.58197675,198.0424985,17.93084155,349.8021435,71.97644178,24.698,2.13,-1,10.52,74.1008,-18.364757,-20.309134,-22.303834,3.512371221,8.718,-99000,-99000,-99000,-99000,306.452018,45.4386045,181.48559,32.457583,479.520538,38.3887694,0.139796877,24.01096988,1.00E+20,999999,1.00E+20,54833,214.8769415,52.86038916,-1,11,2.8861315,25.627012,0.014237255,2.8861315,25.627012,0.014237255,2.857234,0.013757855,2.8959997,25.644518,2.7115471,2.8172255,2.8774629,2.923635,2.9643123,211.3611,8.080101,586.55725,19.523224,1055.8849,31.266144,4743.379,354.37402,24260.11098,27347345049,67831553052,0.054107969,9396108474,0,1.268124462,-99,2.480370688,1.7464788,1.6311781,10.83143176,2.98,2.845693181,nircam6-3217,nircam6-2426,54833,2.89,8.5,0.02,8.7,2.3,10.65,1.74,-8.92,0.2,18.7,0,5.555555556,0,25.7774,0.0674,0.68727,0.061709996,1.1619,0.1082,0.374,0.0169,-68.730804,2.1425,1,25.1538,0.0116,0.36413398,0.004719,0.272,0.0179,0.3232,0.0048,-69.3281,0.4656,0,24.1371,0.0005,0.34137,6.90E-05,0.3285,0.0003,0.3412,0,-69.5281,0.0001,0,-99,-99,-99,-99,-99,0,-99,-99,-99,-99,3,22.8616,0.0012,0.28292698,0.00036,0.4092,0.003,0.3437,0.0007,-68.3737,0.0552,0,22.5213,0.001,0.268935,0.000327,0.3783,0.003,0.3177,0.0006,-67.8778,0.0482,0,9.46E+00,1.34E-01,9.77E-01,-99,10.70862508
55249,3650,214.8277359,52.82376795,6,1.6,7.109,5.012,-13.13,2.751,3.89,192.0693828,6.333055199,745.9171213,11.58800785,1762.184821,13.99139005,2933.827055,14.63780738,3266.700084,13.75701067,3955.743406,19.25586793,4170.461255,13.68267943,44.427504,22.90499065,79.89139747,40.07399173,144.779603,25.95577413,243.3403478,23.25296791,477.5501956,16.01185259,830.2748722,46.87783319,24.0817,2.623,-1,10.58,11.7341,-20.117511,-21.883589,-22.946729,0.793070442,-99,45.3339969,13.5234513,87.7505551,17.778406,473.409301,43.2940903,232.275778,26.4245018,845.928798,25.3068928,0.04595286,23.28487136,1.00E+20,999999,1.00E+20,55249,214.8277359,52.82376795,-1,12,2.7956116,18.147308,0.008441325,2.7956116,18.147308,0.008441325,2.8188539,0.007162997,2.7808557,18.278917,2.736309,2.7697861,2.8110356,2.872197,2.923666,418.1131,18.87793,1139.3384,33.947083,1913.9834,68.54047,4344.546,67.65674,23345.42542,46999207090,74507605125,0.527642071,7598720775,0,0.128979596,-99,1.585294939,1.6516111,0.8900156,10.8722006,2.89,2.82321202,nircam6-3650,nircam6-2696,55249,2.8,8.3,0.02,9.1,0.2,10.54,-0.27,-10.81,0.8,93.7,1,7.920792079,0,25.51,0.001,0.125763,0.000258,5.1028,0.0101,0.5587,0.0001,22.069397,0.0013,0,24.1352,0.0003,0.08381999,5.10E-05,5.3742,0.003,0.6095,0,-8.3708,0.002,0,-99,-99,-99,-99,-99,0,-99,-99,-99,-99,3,22.7108,nan,0.063149996,nan,5.5383,nan,0.5147,nan,19.521599,nan,0,-99,-99,-99,-99,-99,0,-99,-99,-99,-99,3,22.4165,0.001,0.053541,0.000234,3.8272,0.049,0.5314,0.0029,18.836502,0.2552,0,1.02E+01,7.38E-01,5.93E-02,-99,11.44946772
56404,4837,214.8762902,52.85234592,6,1.6,9.912,8.517,-72.96,6.453,6.54,85.67667174,8.251308998,444.0257053,11.87080896,1341.242206,14.3026986,3407.827457,16.1835941,5851.006775,18.89981433,8638.953465,35.26234662,9487.91845,23.69608651,22.25687961,37.72845941,36.19128064,67.9419441,0,7.65E+13,200.2911898,39.58962562,371.7847819,22.12693966,602.2296265,85.49297947,23.9996,2.695,-1,10.79,180.083,-20.387328,-21.822062,-23.893934,10.99130959,-99,76.8859427,22.3613312,72.6756308,25.9294828,532.932086,60.5992854,286.945709,41.5863158,912.383011,51.6174801,0.140656888,23.58123197,1.00E+20,999999,1.00E+20,56404,214.8762902,52.85234592,-1,12,2.7759871,44.902637,0.014835205,2.7759871,44.902637,0.014835205,2.7808557,0.014302347,2.7808557,44.91761,2.6859498,2.734349,2.791607,2.8749204,2.937097,254.88412,8.417656,691.4563,71.90549,1488.473,45.490112,10299.779,308.27246,23147.74445,36120882147,1.34E+11,3.470940237,50823069324,0,1.884864064,-99,3.714463336,1.9159955,2.1002173,11.12765442,2.23,2.396474469,nircam6-4837,nircam6-3646,56404,2.78,8.3,0.02,8.6,3,11.02,2.09,-8.94,0.3,114,0,23.31288344,1,26.5968,0.1032,0.22980599,0.03771,2.4761,0.3384,0.7733,0.055,42.439392,9.8003,0,24.7797,0.0268,0.22640699,0.009749999,2.6777,0.0966,0.9134,0.017,-5.2484016,6.9876,0,23.2909,0.0117,0.365814,0.007506,3.8689,0.0536,0.8734,0.0061,-38.547,1.6404,0,22.4586,0.0023,0.262968,0.001074,2.7969,0.0123,0.7884,0.0018,-44.148,0.3109,0,22.0484,0.001,0.192147,0.000363,2.1708,0.0061,0.7291,0.0012,-44.901,0.1649,0,21.6004,0.0008,0.162966,0.000228,1.9824,0.0055,0.6837,0.001,-43.8845,0.1264,0,1.02E+01,4.06E-01,1.75E+00,2.095775668,11.37595298
56829,5284,214.8403407,52.8249551,6,1.6,7.649,4.464,-1.79,4.896,15.47,67.44677098,5.428260112,317.0044414,7.141197616,832.5531548,7.467957849,2051.965414,10.33244733,3474.431884,11.0479748,4691.412,17.4178473,5329.529194,12.61007901,12.48214035,24.1617037,13.41061621,42.36463073,41.67680031,27.51764992,97.42972516,38.34847833,179.2879414,17.12806983,341.816042,50.81735048,24.9352,2.635,-1,10.78,86.8112,-19.392263,-21.145885,-23.220977,2.074248849,-99,4.31070377,10.7600336,4.10568989,11.9441434,229.094581,40.243581,161.711716,25.0795064,385.392928,22.5741059,0.113641497,24.09897007,1.00E+20,999999,1.00E+20,56829,214.8403407,52.8249551,-1,12,2.5404847,3.1316164,0.050698258,2.5404847,3.1316164,0.050698258,2.596461,0.04330139,2.5252464,3.2015417,2.387471,2.482064,2.5876265,2.7301662,2.8254051,106.96927,6.2540016,360.21344,11.457916,770.2164,21.834564,5340.3984,52.474854,20793.69504,16085845028,68464474894,0.034706466,12557579495,0,1.717118207,-99,4.256193863,2.1433842,2.1024022,10.83546528,2.62,2.582092391,nircam6-5284,nircam6-3974,56829,2.54,9.9,0.02,9.1,2.8,10.73,1.78,-8.95,-0.8,67.9,1,20,1,26.4492,0.048,0.306714,0.021914998,0.8591,0.0987,0.5671,0.0263,41.285004,3.9332,0,-99,-99,-99,-99,-99,0,-99,-99,-99,-99,3,-99,-99,-99,-99,-99,0,-99,-99,-99,-99,3,-99,-99,-99,-99,-99,0,-99,-99,-99,-99,3,-99,-99,-99,-99,-99,0,-99,-99,-99,-99,3,22.1817,0.0008,0.17095199,0.000264,1.5536,0.0071,0.2557,0.0009,38.5579,0.053,0,9.91E+00,3.69E-01,1.62E+00,1.790595007,11.15566393
57189,5655,214.8712338,52.8450679,6,1.6,10.997,10.649,-57.43,5.727,4.2,776.8237266,18.25953839,1303.890876,23.35837342,3898.335306,32.56530651,5319.056464,27.18584063,6259.220819,25.56107449,7530.042433,40.88450226,8119.48796,28.48495967,216.77104,43.07664197,520.2594369,75.13808078,0,8.95E+13,862.6084299,40.22713947,0.054122997,2.39E+13,1348.100855,96.20907604,23.6062,3.678,-1,11.01,146.148,-22.623903,-23.711867,-24.415009,2.568347216,-99,210.269705,20.8433272,512.009499,32.0518115,-99000,-99000,854.445209,36.9637476,1310.78451,37.7864507,0.104962794,22.42280202,-999,0,-999,57189,214.8712338,52.8450679,-1,12,3.4249198,114.76698,0.01269014,3.4249198,114.76698,0.01269014,3.436875,0.011382601,3.436875,114.91186,3.3685095,3.3980703,3.4408753,3.5365996,3.637766,1639.3983,47.447937,3387.1052,65.420044,4311.6357,102.565674,10822.796,1861.0825,29793.16084,1.48E+11,89257083370,8.55087755,82394582599,0,0.923484278,-99,0.603451445,1.049894,0.9992435,10.95064269,3.61,3.568018584,nircam6-5655,nircam6-4236,57189,3.42,8.3,0.02,8.8,0.6,10.93,1.46,-9.47,0.5,35.6,0,1.46627566,0,23.7198,0.0281,0.46355098,0.029202,8,0.2177,0.8946,0.0101,19.990196,3.5292,0,23.465,0.0089,0.262059,0.004959,7.3481,0.0796,0.9158,0.0006,-5.7179985,0.0546,0,22.0402,0.004,0.44169298,0.003939,8,0.0335,0.9048,0.0003,-15.9040985,0.0302,0,-99,-99,-99,-99,-99,0,-99,-99,-99,-99,3,21.8197,0.0019,0.22083,0.000861,4.4549,0.0187,0.9129,0.0017,-16.7239,0.6157,0,-99,-99,-99,-99,-99,0,-99,-99,-99,-99,3,nan,nan,-3.17E-01,-99,11.16515605
58300,7113,214.8956165,52.85649304,6,1.6,7.393,6.62,20.97,3.528,3.86,1019.387005,14.62956601,2439.813731,26.63796273,6508.419497,35.19741963,7582.843188,27.70912428,8299.081861,24.65017267,9307.055618,34.34091307,9760.16784,24.08452828,153.4768593,23.89253354,474.0976694,44.38060983,0,5.00E+13,1191.934446,25.0868304,1682.984455,14.2502242,2575.274866,55.99447396,22.881,3.195,-1,11.12,249.702,-22.676541,-24.01049,-24.523664,0.655411095,-99,176.496927,17.0396009,491.25748,30.4436719,1729.65233,45.8411337,1212.11307,36.3974818,2556.17044,32.1624501,0.119883196,21.86631116,1.00E+20,999999,1.00E+20,58300,214.8956165,52.85649304,-1,12,3.1365063,88.102356,0.000172583,3.1365063,88.102356,0.000172583,3.136915,0.000172523,3.136915,88.087906,3.1078517,3.125713,3.14138,3.1553886,3.1685119,2327.744,37.832886,5474.114,166.94922,7277.1045,182.6311,10501.781,1399.8975,26813.3246,2.16E+11,1.39E+11,0.491468049,24288316466,0,0.103315969,-99,0.642938777,1.2375586,0.39826095,11.14322643,3.1,3.112063413,nircam6-7113,nircam6-5275,58300,3.14,8.3,0.02,8.9,0.2,10.95,1.12,-9.82,0.6,164,0,13.76146789,0,23.5777,0.0003,0.150375,0.000117,8,0.0035,0.936,0,-64.694,0.0093,0,-99,-99,-99,-99,-99,0,-99,-99,-99,-99,3,21.7439,0.0002,0.100439996,3.00E-05,4.8981,0.0018,0.8908,0,-77.9108,0.001,0,21.6533,0.0007,0.086279996,0.000159,3.8583,0.0157,0.8566,0.0013,88.802704,0.3127,0,21.5586,0.0002,0.082146,1.50E-05,3.9255,0.0026,0.8466,0,85.5131,0.0014,0,21.3868,0.0009,0.075144,0.000168,4.4532,0.0229,0.8648,0.0017,-85.063,0.4175,0,1.05E+01,6.47E-01,-3.92E-02,-99,11.22432916
59940,8796,214.8967058,52.84979078,6,1.6,8.796,5.662,-17.37,5.613,12.03,172.6633845,7.144678916,557.8616713,9.016714659,1170.056936,9.521984167,1957.176919,8.967916556,3123.022396,10.96529125,4040.884556,19.06615304,4299.563951,13.16028259,13.26606171,30.1872946,29.10328883,55.91838497,0,5.88E+13,246.8768298,39.36684918,374.8344993,17.25668376,540.0724805,94.18217601,24.1975,2.113,-1,10.36,171.922,-19.10599,-20.7651,-22.271913,3.216257128,9.081,20.3624309,18.4299496,27.7679263,19.1616745,590.364776,47.4524174,352.89857,50.1918625,760.334848,50.5169809,0.118669489,23.72948251,1.00E+20,999999,1.00E+20,59940,214.8967058,52.84979078,-1,12,2.6353514,31.289621,0.060864784,2.6353514,31.289621,0.060864784,2.7059896,0.05487565,2.632606,31.237024,2.3287072,2.612489,2.704829,2.8045683,2.865168,307.95963,29.249298,672.35626,29.605103,1155.5796,44.49774,4371.912,114.65845,21737.82104,25687154046,37218110605,14.02057787,96421718820,0,1.401930415,-99,1.448899732,1.4357653,1.4446789,10.57075432,2.86,2.676456179,nircam6-8796,nircam6-6547,59940,2.64,8.3,0.02,8.5,2.1,10.42,1.68,-8.73,0.2,59.5,0,33.99339934,1,25.563,0.0018,0.362448,0.00051,0.8306,0.0018,0.5551,0,15.009499,0.0015,0,-99,-99,-99,-99,-99,0,-99,-99,-99,-99,3,23.6444,0.0072,0.26080498,0.002937,1.1239,0.0186,0.6192,0.005,27.953796,0.6811,0,23.2193,0.0013,0.19415699,0.000477,1.5274,0.005,0.6131,0.0008,30.649498,0.0088,0,22.7856,0.0024,0.11931899,0.00042,2.0362,0.0216,0.9628,0.0041,87.533905,3.9496,0,22.461,0.0024,0.092589,0.000456,2.8513,0.0355,0.9855,0.0043,48.077103,10.5699,0,9.85E+00,6.00E-01,5.22E-01,1.940257137,11.06491831
62854,11812,214.8870721,52.82938978,6,1.6,5.818,4.887,37.64,4.615,11.32,723.7559308,6.592578201,1110.911795,8.860108627,2092.976462,9.375400606,2599.167649,8.754303707,2924.031218,9.054991096,3490.378148,15.9204124,3656.009025,10.10866488,303.4308021,17.96866763,480.7741991,41.69882569,0,4.81E+13,765.3910878,22.48808908,808.7507205,18.662978,1057.095653,54.68463766,23.3502,3.258,-1,10.52,125.307,-22.330977,-23.091035,-23.550092,1.763680659,-99,589.002755,21.9875828,886.211416,40.37193,1352.97428,64.7376006,1184.36621,39.0505399,1659.33002,38.7439849,0.160014781,23.09808914,1.00E+20,999999,1.00E+20,62854,214.8870721,52.82938978,-1,12,3.235191,18.678717,0.002963653,3.235191,18.678717,0.002963653,3.2629027,0.003798744,3.2204862,19.005909,3.1839967,3.2078807,3.2393847,3.2808,3.3128624,1158.3318,15.099304,1983.1249,297.89417,2257.839,132.4867,3993.565,955.56226,27828.4752,70603999445,31126793003,14.33475285,70714342913,0,0.602710866,-99,0.440864445,0.7246501,0.6191695,10.49313438,3.31,3.33582981,nircam6-11812,nircam6-8773,62854,3.24,8.3,0.02,8.6,0.6,10.38,1.44,-8.94,0.3,62.8,0,15.10516252,1,-99,-99,-99,-99,-99,0,-99,-99,-99,-99,3,24.5733,0.0431,0.154935,0.005247,1.7368,0.0666,0.7405,0.0072,26.896797,1.8025,1,24.015,0.0082,0.136518,0.000864,0.8252,0.0079,0.5251,0.0026,-0.5171013,0.4189,1,-99,-99,-99,-99,-99,0,-99,-99,-99,-99,3,23.5633,0.0203,0.169701,0.000987,1.732,0.0128,0.7918,0.0038,-7.113701,1.3198,1,-99,-99,-99,-99,-99,0,-99,-99,-99,-99,3,nan,nan,-1.07E+00,-1.188764734,10.21028133
65123,3991,215.1002467,52.96726614,7,1.6,10.485,6.171,-76.9,4.676,4.11,267.0517054,7.338076579,541.1268386,11.86609924,1381.744753,15.34043593,2038.817551,14.83605562,2238.276866,9.297836551,2577.203271,18.76517522,2774.953276,14.29361688,93.55674893,25.1196466,205.7249547,57.31605214,171.1984863,40.07878939,260.5776651,41.01754904,0,1.47E+13,524.0467497,98.32593909,24.7828,3.121,-1,10.07,41.6548,-20.556138,-21.473164,-22.778345,3.41279058,-99,76.8378396,12.8117558,158.711126,19.1165911,-99000,-99000,241.605609,28.4652088,443.479946,38.0199967,0.083674444,23.54893044,1.00E+20,999999,1.00E+20,65123,215.1002467,52.96726614,-1,11,3.2872405,3.010267,0.011168183,3.2872405,3.010267,0.011168183,3.3057456,0.010950114,3.3057456,3.072555,3.185489,3.2318764,3.2954476,3.3711417,3.4427235,597.43036,25.994202,1200.648,298.66293,1693.9926,105.620605,3148.5576,1233.8457,28365.78999,54369324273,37981235834,9.912099731,50478318921,0,0.406153152,-99,0.698578405,1.1315606,0.6730003,10.57956909,3.28,3.316097163,nircam7-3991,nircam7--1,65123,3.29,8.3,0.02,8.9,0.3,10.44,0.62,-9.82,0.6,29.2,0,2.421875,0,25.1674,0.0679,0.31326598,0.050750997,8,0.6749,0.5153,0.0179,-33.4429,1.4357,0,24.023,0.0583,0.664269,0.08821199,8,0.4522,0.5638,0.0129,-38.7085,1.1428,1,23.0792,0.0194,0.569817,0.026004,8,0.1737,0.5518,0.0048,-34.9662,0.4142,0,22.7986,0.0075,0.385686,0.00711,8,0.0949,0.5145,0.0024,-38.725502,0.1872,0,22.8127,0.0047,0.282603,0.003237,7.6549,0.0679,0.5238,0.0019,-37.9926,0.1473,0,22.6168,0.0075,0.248703,0.004515,7.8581,0.1149,0.5526,0.0032,-37.201,0.2616,0,9.66E+00,3.80E-01,-3.72E-01,-99,10.91219497
65258,4148,215.1223279,52.9810767,7,1.6,10.464,7.37,11.94,7.162,20.57,985.2933173,7.990095195,2095.542595,12.51413585,2851.210852,13.43228899,3678.20309,12.84137785,4464.950159,9.097575385,4916.197563,19.81683456,5378.662834,16.05998483,411.6303869,29.19780873,511.1364953,69.58604129,0,6.80E+13,1125.508606,36.04225172,0,1.59E+13,1997.429015,91.00200424,23.1263,2.606,-1,10.4,101.582,-21.578094,-22.469741,-23.190647,2.648197216,-99,457.444583,24.3863831,527.177977,37.6148059,-99000,-99000,1197.59195,40.4537234,2039.28583,38.2886054,0.066280368,22.76242666,1.00E+20,999999,1.00E+20,65258,215.1223279,52.9810767,-1,11,2.538333,4.3300047,0.038628906,2.538333,4.3300047,0.038628906,2.5252464,0.037285786,2.3870194,4.163813,2.3218517,2.3874798,2.5386603,2.631663,2.670755,1287.4949,47.518127,2212.2175,85.92749,2782.8484,104.00061,5375.769,52.825684,20772.34825,58035348008,29142246110,26.31188087,1.40E+11,0,0.623445856,-99,0.502146487,0.83686006,0.7148777,10.46452302,2.26,2.318301637,nircam7-4148,nircam7--1,65258,2.54,8.7,0.02,8.7,0.8,10.34,1.57,-8.77,0,108,0,24.48210923,1,23.8372,0.007,0.330867,0.003489,1.0717,0.0145,0.746,0.0051,42.667297,1.0056,0,23.1033,0.004,0.284142,0.00183,0.9877,0.0094,0.8202,0.0036,55.522797,0.9665,0,22.7555,0.0027,0.288504,0.00126,1.0678,0.0072,0.7681,0.0024,61.1026,0.5023,0,22.5066,0.0013,0.274254,0.000648,1.0967,0.0048,0.7258,0.0014,57.935402,0.2309,0,22.3109,0.0009,0.264285,0.000435,1.2071,0.0042,0.6971,0.0011,58.956398,0.1583,0,22.1129,0.0015,0.25905898,0.000651,1.3262,0.0056,0.6824,0.0014,60.042603,0.1969,0,9.30E+00,2.16E-01,-4.59E-01,-0.932126741,10.76259846
66829,5934,215.0658449,52.93295198,7,1.6,12.13,8.627,-56.84,4.141,3.98,271.0783924,9.893704338,600.8714739,17.68292984,2359.281319,29.73993366,3176.508875,21.56690429,3591.580498,13.91359619,4154.628325,32.15869042,4393.666366,21.39592202,34.60956948,37.04352568,129.0527405,75.14048536,8.52E-37,8.05E+13,312.9129661,45.84426136,446.0564991,25.13812603,660.4015235,99.90044998,24.2663,3.203,-1,10.68,118.093,-21.191022,-22.63627,-23.403,8.151165645,-99,47.1930878,19.393745,149.216953,24.7249806,498.948073,59.0949001,356.850443,33.7074552,713.622044,39.7777931,0.061910324,22.96805068,1.00E+20,999999,1.00E+20,66829,215.0658449,52.93295198,-1,12,3.4220126,38.428143,0.00279984,3.4220126,38.428143,0.00279984,3.436875,0.002976817,3.436875,38.685974,3.3664255,3.3931653,3.4247336,3.462071,3.5025985,807.41754,25.840393,2189.8123,50.072998,2846.0767,47.489746,4926.3623,1395.8307,29762.92791,97500873050,74492276915,0.203107259,12364960881,0,0.295401274,-99,0.764016512,1.367871,0.59569937,10.87211125,3.43,3.51462932,nircam7-5934,nircam7--1,66829,3.42,8.3,0.02,9,0.1,10.71,0.45,-10.26,0.7,21.4,0,1.315789474,0,24.9912,0.0719,0.429699,0.072758995,8,0.6406,0.4431,0.0154,-22.443,1.129,0,24.1627,0.0071,0.40034097,0.006342,8,0.1053,0.4646,0.0012,-19.9623,0.0311,0,22.9116,0.0046,0.21681,0.002241,8,0.0474,0.5132,0.0009,-19.3973,0.0111,0,-99,-99,-99,-99,-99,0,-99,-99,-99,-99,3,-99,-99,-99,-99,-99,0,-99,-99,-99,-99,3,-99,-99,-99,-99,-99,0,-99,-99,-99,-99,3,nan,nan,-5.99E-01,-99,10.99811564
67542,6731,215.1326847,52.97680706,7,1.6,8.627,4.768,13.86,5.623,16.43,259.2465765,4.564503889,547.2443508,7.932398432,1252.585522,9.617386081,2676.390147,12.51690696,4276.656918,9.842474737,5709.340516,22.39823739,6510.289746,17.35013421,67.72931972,22.5659994,103.4262345,48.33471468,0,4.74E+13,313.9845757,27.4323802,0,1.12E+13,524.2545074,59.01485749,24.3333,2.049,-1,9.99,79.6321,-19.312227,-20.63944,-22.712271,3.564080568,8.783,61.530331,17.5115806,112.189763,20.9496377,-99000,-99000,387.557636,29.6615538,670.937695,36.6412159,0.027782451,23.65548153,1.00E+20,999999,1.00E+20,67542,215.1326847,52.97680706,-1,11,3.0415435,3.3619516,0.010177957,3.0415435,3.3619516,0.010177957,3.0146506,0.011070601,3.0549986,3.386327,2.9018357,2.977932,3.0377307,3.095945,3.1442478,494.27808,9.915268,914.03436,25.56659,1553.6007,154.06091,7938.427,578.84644,25841.06151,43897864189,80679763389,43.81702953,2.76E+11,0,1.720822257,-99,1.837897239,1.2434201,1.7709876,10.90676462,3.19,3.354788328,nircam7-6731,nircam7--1,67542,3.04,8.9,0.02,8.3,2.4,10.6,2.37,-8.23,-0.6,59.8,0,-31.13207547,0,-99,-99,-99,-99,-99,0,-99,-99,-99,-99,3,-99,-99,-99,-99,-99,0,-99,-99,-99,-99,3,23.3838,0.002,0.208845,0.000594,2.913,0.0084,0.6858,0.0002,31.376404,0.018,0,22.7522,0.0005,0.245166,0.000192,2.6267,0.003,0.3084,0.0001,53.915703,0.0007,0,-99,-99,-99,-99,-99,0,-99,-99,-99,-99,3,21.9198,0.0012,0.173004,0.000348,2.7298,0.0148,0.2686,0.001,53.2415,0.0571,0,1.00E+01,4.08E-01,5.53E-02,-99,10.99767999
67905,7154,215.0725977,52.93323127,7,1.6,7.252,6.359,-12.47,4.024,3.96,227.8892703,5.710668518,738.5234894,11.35360251,1753.276483,13.66457254,3369.851623,13.85126932,6249.194362,11.70245418,8460.377005,27.6657589,9143.197837,20.13041815,11.70565584,21.02077237,35.23544708,43.13194221,4.77E-34,4.67E+13,286.4981314,24.5696722,538.5658045,14.88833551,718.8613253,59.03865846,24.0761,2.473,-1,10.98,412.724,-19.928777,-21.501293,-23.627735,0.878548486,9.929,7.21433216,15.5309379,63.0408941,17.6450191,615.580412,51.7114512,338.184892,28.5720317,850.245042,34.9785145,0.11791605,23.29037398,1.00E+20,999999,1.00E+20,67905,215.0725977,52.93323127,-1,12,2.8098123,61.692,0.01245949,2.8098123,61.692,0.01245949,2.7808557,0.012067027,2.8188539,61.794125,2.6283588,2.7577367,2.804335,2.8408132,2.8888838,511.52954,38.134995,1075.2188,57.17862,1930.7477,128.32227,9855.199,408.13086,23488.61108,47815326139,88996993779,0.107462482,19007948626,0,1.614320825,-99,1.861265016,1.442137,1.7698497,10.94937534,2.65,2.679120415,nircam7-7154,nircam7--1,67905,2.81,8.5,0.02,8.3,2.7,10.74,2.43,-8.31,-0.2,61.7,0,15.92356688,1,25.085,0.0609,0.227496,0.033182997,8,0.644,0.7987,0.0257,53.643898,4.4446,1,23.7951,0.0298,0.222483,0.015857998,8,0.3334,0.8903,0.0154,35.8861,4.065,0,22.9828,0.0078,0.187809,0.003099,5.4024,0.0731,0.9431,0.0058,33.642303,3.172,0,22.5659,0.0013,0.106098,0.000246,2.6499,0.0158,0.9116,0.0021,-20.5633,0.8418,0,21.9618,0.0005,0.09207,0.000111,2.1243,0.0076,0.8881,0.0012,-18.2384,0.3846,0,21.5957,0.0005,0.08108699,9.30E-05,1.9927,0.0087,0.8533,0.0013,-21.9544,0.3112,0,1.03E+01,6.75E-01,7.12E-01,2.216993799,10.94949003
68229,7524,215.1151778,52.96071251,7,1.6,8.395,7.759,-63.48,4.703,4.14,243.7600678,6.275092777,888.1030107,13.49061213,1956.329221,16.80411597,3036.880066,17.05699046,3598.414322,11.51747945,4199.067901,23.09638576,4519.738059,17.17073722,37.28857492,33.92958084,47.13992448,60.01592599,152.4554156,38.30354782,304.5897427,32.85513094,0,1.46E+13,994.0303847,78.53889772,23.6225,2.503,-1,10.46,25.6526,-20.656189,-21.861591,-23.002686,3.191068276,-99,175.25448,24.3252671,277.500293,28.2673231,-99000,-99000,530.131745,34.3983124,1291.23191,40.5203623,0.180729133,23.17139515,1.00E+20,999999,1.00E+20,68229,215.1151778,52.96071251,-1,11,2.7787902,1.1093496,0.012129789,2.7787902,1.1093496,0.012129789,2.7808557,0.012174993,2.7808557,1.0990602,2.6495092,2.714946,2.7784195,2.8417487,2.8993363,498.18896,27.357239,1300.6078,41.953003,2092.5955,58.081543,4735.7095,153.19434,23175.96672,50867307137,66522288356,0.09506988,7649419087,0,0.303385516,-99,1.307761155,1.558228,0.8867494,10.82296718,2.77,2.733255165,nircam7-7524,nircam7--1,68229,2.78,8.3,0.02,9,0.6,10.62,0.36,-10.26,0.7,73,0,33.37595908,1,25.6452,0.1691,0.234606,0.073806,5.6085,0.9099,0.801,0.053,76.8914,9.0621,0,23.9264,0.047,0.26843998,0.023660999,6.2267,0.262,0.9002,0.0089,66.3591,0.1686,0,23.0317,0.0213,0.230346,0.009645,6.3282,0.1364,0.948,0.0098,25.594803,0.4092,0,22.6773,0.0107,0.16983,0.003423,5.1367,0.1091,0.8994,0.0056,8.785198,2.6384,0,22.5494,0.0068,0.144501,0.00183,4.7783,0.053,0.8564,0.0022,11.013699,0.2847,0,22.2967,0.0055,0.143316,0.00153,4.8167,0.0716,0.8682,0.0045,10.0089,1.348,0,1.00E+01,4.70E-01,3.41E-03,1.774722945,11.03371126
68556,8035,215.1336562,52.97382413,7,1.6,34.426,13.105,-49.87,14.527,23.44,1306.06718,26.59494907,2501.958271,44.56616337,3627.934377,55.11397204,4226.542544,46.49965646,4811.294224,33.27524362,5409.533409,77.08610473,5857.991462,63.90746514,496.2397501,110.5166015,810.4197423,268.1102886,0,2.52E+14,1326.950386,120.9712564,0,5.28E+13,2496.267264,308.038357,22.087,0.276,-1,8.74,0.362126,-14.833406,-16.720184,-18.243549,-999,-99,934.202411,58.6830739,1933.67662,89.9746733,-99000,-99000,3599.53881,97.36471,5311.0447,198.432086,0.037858872,22.50085144,1.00E+20,999999,1.00E+20,68556,215.1336562,52.97382413,-1,11,2.8468466,9.208496,0.09438614,2.8468466,9.208496,0.09438614,2.8188539,0.09078817,2.857234,9.222517,2.196227,2.6684117,2.8321607,2.879988,2.9214897,1964.7185,282.51288,3118.7954,323.89734,3731.3337,210.96936,6267.966,263.29248,23862.57299,94454850469,38849656524,16.94626875,81138560180,0,0.492342085,-99,0.411303986,0.6964094,0.56315637,10.58938718,2.86,2.465089717,nircam7-8035,nircam7--1,68556,2.85,8.3,0.02,8.6,0.5,10.44,1.51,-8.94,0.3,14.1,0,10.22222222,0,25.0302,0.0959,0.649884,0.101262,3.7282,0.3348,0.2862,0.0079,-4.0671005,0.8082,1,23.8509,0.0742,0.662673,0.066369,3.5769,0.1721,0.5095,0.0084,-9.457901,0.9073,1,22.9546,0.0283,0.65604293,0.026646,4.4041,0.0806,0.7308,0.0058,-26.716,0.882,0,23.2058,0.0113,0.250596,0.004719,3.1777,0.0594,0.6808,0.0037,-32.5172,0.5873,1,22.6716,0.0013,0.344973,0.000855,5.027,0.0078,0.6265,0.0004,-25.0255,0.0044,0,22.3104,0.0117,0.372309,0.009618,6.5236,0.1115,0.5939,0.0038,-28.9324,0.378,0,9.55E+00,2.84E-01,-6.92E-01,-99,10.59680101
68626,8236,215.1220817,52.96161786,7,1.6,24.07,8.314,-3.55,12.454,40.84,455.4288484,9.943451743,1134.037609,18.50622899,1917.355561,16.24176433,2982.638213,17.74155447,3778.367473,12.14596982,4488.721368,31.64943572,4853.891441,25.2558284,76.91451616,50.63317335,148.1260828,117.7449519,0.120284052,1.11E+14,636.5635262,57.7355475,0,2.50E+13,1025.606379,133.9789657,23.8294,1.581,-1,10.14,5.16198,-18.384759,-20.155772,-21.515376,92.65215151,-99,34.6475094,24.5785288,121.393213,33.318741,-99000,-99000,602.728046,44.8287244,1067.19165,54.7043728,0.085326465,23.19324336,1.00E+20,999999,1.00E+20,68626,215.1220817,52.96161786,-1,11,2.7096386,3.4280524,0.39594722,2.7096386,3.4280524,0.39594722,2.2218325,0.15535334,2.2218325,3.3577876,2.0084074,2.0943112,2.2205129,2.701826,2.756923,778.53076,24.220764,1351.1339,51.44641,1911.0446,35.73889,5017.607,160.9768,22481.08548,44525033832,31637615483,34.41592476,2.08E+11,0,1.031876298,-99,0.710557921,0.9749876,1.0480646,10.50020374,2.2,2.187110943,nircam7-8236,nircam7--1,68626,2.71,8.3,0.02,8.6,1.2,10.43,1.49,-8.94,0.3,50.4,0,16.98113208,1,23.9033,0.0189,1.9039799,0.029552998,0.2,0.0167,0.113,0.0023,49.901306,0.2008,1,23.8113,0.0285,0.731814,0.017802,1.2543,0.0281,0.3245,0.0023,42.247406,0.1402,0,23.3836,0.0131,0.587631,0.008892,0.9493,0.0177,0.2934,0.0017,38.699997,0.0933,0,23.031,0.0086,0.493059,0.005619,0.6211,0.0225,0.2539,0.0023,38.3919,0.2614,0,22.728,0.0068,0.48750296,0.004083,0.6565,0.0201,0.2392,0.0026,38.8273,0.2074,0,22.481,0.0057,0.475101,0.003744,0.6104,0.019,0.2288,0.0024,39.0869,0.1968,0,8.73E+00,5.32E-02,1.34E-01,0.529227625,10.94154516
69032,8791,215.1506394,52.98011789,7,1.6,6.787,5.293,-25.24,4.318,7.57,150.9920862,4.205396051,411.9474989,6.845801548,885.2775648,7.139420096,1628.061258,9.189445235,2326.867163,6.814437775,3074.144644,16.09284302,3398.174108,12.16518768,33.26283991,18.95529561,35.77910538,41.63988242,0,4.24E+13,197.5685232,16.74899678,0,1.01E+13,418.0188396,51.78904476,24.6936,2.034,-1,10.29,157.213,-18.432136,-20.274897,-22.009421,1.69001588,9.373,40.6624815,14.7516862,45.3511332,15.6762721,-99000,-99000,227.055144,18.4539831,481.481227,28.4600565,0.053023876,24.03230135,1.00E+20,999999,1.00E+20,69032,215.1506394,52.98011789,-1,11,2.904884,3.412522,0.017498622,2.904884,3.412522,0.017498622,2.8959997,0.01636862,2.8959997,3.4518366,2.7238867,2.8032274,2.8859503,2.9495547,3.0056257,316.8894,25.555939,619.2789,23.568024,997.98065,77.87555,3823.7798,252.23022,24450.17876,26128147253,35559062736,12.37563524,79356425819,0,1.276242632,-99,1.360948497,1.2455361,1.4584268,10.55095031,2.92,2.687151906,nircam7-8791,nircam7--1,69032,2.9,8.3,0.02,8.5,1.9,10.37,1.64,-8.73,0.2,88.2,0,20.13311148,1,-99,-99,-99,-99,-99,0,-99,-99,-99,-99,3,24.7292,0.0132,0.203091,0.004203,1.4362,0.0351,0.6331,0.0091,35.8114,1.1354,0,-99,-99,-99,-99,-99,0,-99,-99,-99,-99,3,23.4042,0.0004,0.115233,5.10E-05,1.8522,0.0018,0.7282,0,24.509598,0.0018,0,23.05,0.0009,0.089756995,0.000192,2.2962,0.0143,0.718,0.0017,26.247597,0.2316,0,22.6838,0.0013,0.072707996,0.000243,2.4233,0.0264,0.7175,0.0028,26.145699,0.3816,0,9.90E+00,7.00E-01,1.42E+00,1.267121436,11.29498849
70882,10960,215.089239,52.92941805,7,1.6,12.628,11.095,-63.66,7.875,12,419.5518954,9.46504393,900.1232518,16.8126835,2596.726989,17.08775542,4421.908184,17.99007289,5559.291567,14.80982132,6806.270323,37.28022332,7484.665478,28.70985103,83.67506728,54.91629097,225.6777604,108.9556612,0,1.05E+14,632.7549028,54.86119211,665.4851134,33.27072556,998.9752869,130.3644535,-99,-99,-99,-99,-99,-99,-99,-99,-99,-99,-99,-99,-99,-99,-99,-99,-99,-99,-99,-99,2.214951279,22.86393427,-99,-99,-99,70882,215.089239,52.92941805,-99,12,3.4687057,8.1790695,0.023842666,3.4687057,8.1790695,0.023842666,3.436875,0.021810096,3.4814665,8.285554,3.254217,3.3382251,3.443347,3.530892,3.6745296,1226.8381,58.540344,2478.0876,65.26196,3562.3,636.64685,9378.739,1995.7571,30248.89576,1.25E+11,1.27E+11,35.16084523,2.20E+11,0,0.724677159,-99,1.018046055,1.157358,1.0510349,11.10376575,3.46,3.47610765,nircam7-10960,nircam7--1,70882,3.47,8.3,0.02,8.8,1,10.99,1.52,-9.47,0.5,37.3,0,2.285714286,0,24.4004,0.0298,2.8371358,0.071598,0.2,0.0207,0.1379,0.0041,-40.3187,0.3157,1,23.6825,0.136,1.595955,0.32828102,4.228,0.3515,0.7182,0.0263,-21.456,3.476,0,23.5751,0.0043,0.20038798,0.001458,0.8873,0.0129,0.7596,0.0044,-7.7207985,0.9039,1,22.9017,0.002,0.18162899,0.000795,0.9414,0.0112,0.7014,0.003,-11.2952,0.4569,1,22.5753,0.0014,0.16409099,0.000504,1.0913,0.0075,0.6727,0.0023,-10.149799,0.2991,1,22.1974,0.001,0.14292601,0.000252,1.283,0.0087,0.6406,0.0019,-11.119202,0.215,0,1.03E+01,4.77E-01,2.09E-01,-99,11.37466558
72642,12987,215.0914261,52.91999349,7,1.6,13.683,9.916,-23.12,6.779,12.12,1864.927345,11.15157132,4086.517458,21.63356143,5390.3273,23.05137702,7853.411888,27.08482985,12389.24138,24.88399143,15423.5906,57.32693399,18797.37991,52.52393417,830.6266539,38.85593406,1103.17499,96.08941844,0,8.77E+13,2197.914567,45.37828064,2997.376411,28.17496165,3986.102629,109.0863768,22.3096,2.398,2.47496438,11,1042.12,-22.033154,-23.131065,-24.301772,2.435545043,9.014,824.926284,39.6787241,1047.55076,57.6413805,3241.3802,96.0269609,2312.99261,56.8138434,4326.75162,51.7270472,0.071732286,22.07096216,2.4749644,7,2.4749644,72642,215.0914261,52.91999349,2.47496438,12,2.5583818,57.804935,0.001418407,2.5583818,57.804935,0.001418407,2.5606756,0.001440492,2.5606756,57.813866,2.5192802,2.5373716,2.5574832,2.5787082,2.6004426,2538.5664,67.39221,4274.375,122.92798,5262.708,106.95947,18785,184.42871,20971.36575,1.11E+11,81857690617,21.87174306,1.13E+11,0,1.174836448,-99,0.73590001,0.7915518,1.3815048,10.91305949,2.59,2.477294724,nircam7-12987,nircam7--1,72642,2.56,9.9,0.02,7.6,1.9,10.37,2.85,-7.53,-2.3,516,0,43.45991561,1,22.6748,0.0239,1.128213,0.060039002,8,0.1672,0.4295,0.0036,-18.0868,0.2738,1,22.7235,0.0024,0.253074,0.000819,0.688,0.0057,0.4994,0.0014,-10.813599,0.1725,0,-99,-99,-99,-99,-99,0,-99,-99,-99,-99,3,21.8172,0.0008,0.223356,0.000339,1.5926,0.0047,0.628,0.001,-7.1675987,0.1224,0,21.2834,0.0009,0.151026,0.000249,2.5313,0.0093,0.8868,0.0015,21.374,0.4736,0,20.8821,0.0006,0.125169,0.000183,2.8585,0.0107,0.6775,0.0011,-4.080101,0.1223,0,1.01E+01,4.96E-01,-5.00E-01,0.838441464,10.90258479
73456,13920,215.1416385,52.95102056,7,1.6,13.693,8.728,-50.66,10.243,37.16,500.0370472,8.087921251,1035.247133,11.59969204,2241.928431,11.43150508,4818.533987,14.13859032,7854.090216,11.9055992,10273.4789,28.39170493,12196.19107,22.92876294,79.84367107,41.51784822,121.9970662,87.08641773,0,8.83E+13,679.6060849,42.92497334,0,2.03E+13,1022.341769,110.5832341,23.4062,1.917,-1,10.62,203.324,-19.735645,-21.223373,-23.09559,5.41920218,-99,163.689849,32.6740278,209.071533,34.8897998,-99000,-99000,1006.26617,45.5892844,1575.82003,60.1530601,0.070897137,23.02344564,1.00E+20,999999,1.00E+20,73456,215.1416385,52.95102056,-1,11,3.0110307,21.079977,0.15786955,3.0110307,21.079977,0.15786955,3.0146506,0.15762329,3.0146506,21.237232,2.9553556,2.9905822,3.0189996,4.1531086,4.2457085,921.34436,17.572937,1645.7186,55.33789,2686.1343,102.21472,14996.939,1109.4243,25529.64716,74643475569,1.10E+11,93.15455392,5.92E+11,0,1.978123244,-99,1.475984749,1.1617644,1.8671873,11.04207372,1.93,2.407003225,nircam7-13920,nircam7--1,73456,3.01,8.3,0.02,8.2,2.4,10.84,2.58,-8.26,-0.1,195,0,-7.070707071,0,24.0265,0.01,0.778179,0.010329,0.9311,0.0206,0.5913,0.0061,-22.2587,0.9293,1,23.4439,0.0046,0.64761895,0.003069,0.832,0.0042,0.6161,0.0014,-11.0037,0.1355,0,22.9178,0.0029,0.517824,0.002172,0.7301,0.0061,0.5574,0.0016,-5.8363,0.2491,0,22.3091,0.0012,0.42124498,0.000528,0.8704,0.0036,0.4376,0.0007,-3.9746017,0.0716,0,21.8562,nan,0.359685,nan,0.9216,nan,0.3767,nan,-4.773102,nan,0,21.4495,0.0003,0.314391,6.60E-05,0.8698,0.0005,0.3447,0.0001,-4.4031982,0.001,0,9.70E+00,1.43E-01,1.48E+00,-99,11.76064604
74227,2235,214.964243,52.87862482,8,1.6,11.262,9.784,-3.01,9.387,27.11,939.5052025,9.640040231,1744.325743,15.11788826,2412.083388,14.10634399,3269.210822,11.1276413,3647.200518,8.448021241,4305.531934,20.61859075,4399.323413,16.96239582,420.7895089,31.465504,564.0752719,87.93291112,0,8.49E+13,852.8079074,49.64193533,1092.941749,27.77891942,1698.145735,121.17755,23.1977,2.94,-1,10.45,153.006,-21.920954,-22.658578,-23.291725,3.589859161,-99,538.113716,26.0455638,690.731976,39.7357507,1344.4232,73.1723778,1101.49807,45.1623861,1909.48356,45.6151839,0.184809182,22.94401921,1.00E+20,999999,1.00E+20,74227,214.964243,52.87862482,-1,12,2.8767176,45.848648,0.002562734,2.8767176,45.848648,0.002562734,2.857234,0.003472433,2.8959997,46.335026,2.814033,2.8472466,2.8764577,2.9053578,2.9315774,1178.4327,30.630249,2268.572,82.111694,2503.0764,95.224976,4560.323,192.13037,24164.76901,64477143142,22328520785,25.64936616,1.35E+11,0,0.969709533,-99,0.346301336,0.81792325,0.6513038,10.34885995,2.98,2.980459311,nircam8-2235,nircam8--1,74227,2.88,8.3,0.02,8.6,0.6,10.36,1.42,-8.94,0.3,113,0,16.05839416,1,24.1189,0.0074,0.442872,0.004674,0.6036,0.0118,0.508,0.0039,56.4356,0.5765,0,-99,-99,-99,-99,-99,0,-99,-99,-99,-99,3,22.9518,0.0033,0.43153498,0.002121,0.8678,0.007,0.6243,0.0019,47.239594,0.322,0,-99,-99,-99,-99,-99,0,-99,-99,-99,-99,3,22.5623,0.0012,0.39749998,0.000783,0.8897,0.0035,0.6145,0.0009,43.401,0.1316,0,22.3792,0.0015,0.391554,0.000975,0.8655,0.0045,0.5953,0.0012,44.167603,0.1556,0,8.84E+00,9.66E-02,-2.64E-01,-0.206168736,10.92402254
75374,3636,214.9623662,52.87004077,8,1.63,8.208,6.359,87.11,6.739,26.26,35.63707727,6.797683964,114.0324672,10.29558702,326.8951889,8.867211746,869.1527607,6.716183532,1516.161459,6.207520733,2414.220127,16.12499089,2705.315126,12.70502048,-7.747048518,26.47053398,21.49668945,68.0117996,0,6.23E+13,35.53903428,35.60416463,96.74959656,20.26541328,81.49993928,85.91696494,-99,-99,-99,-99,-99,-99,-99,-99,-99,-99,-99,-99,-99,-99,-99,-99,-99,-99,-99,-99,1.033456782,25.11397868,-99,-99,-99,75374,214.9623662,52.87004077,-99,11,3.4190545,7.067485,0.006852433,3.4190545,7.067485,0.006852433,3.3927274,0.005806044,3.436875,7.062729,3.2753737,3.346192,3.4074397,3.4450727,3.4715295,143.1399,17.327187,283.36783,8.038483,547.3159,32.783478,3708.6987,664.0847,29732.17562,18723741833,47917112199,34.14401924,2.41E+11,0,2.407395159,-99,2.559163261,1.4561937,2.0774586,10.68049064,3.46,3.350758072,nircam8-3636,nircam8--1,75374,3.42,8.3,0.02,8.3,3,10.53,2.13,-8.4,0,41.6,0,0.660377358,0,26.5605,0.0904,0.615828,0.08962499,4.32,0.3122,0.8965,0.0025,77.1799,1.0238,1,26.1033,0.0036,0.45367798,0.001221,0.626,0.0029,0.4751,0.0003,-43.7794,0.0675,0,24.9832,nan,0.35564998,nan,1.1911,nan,0.6428,nan,-50.4612,nan,0,-99,-99,-99,-99,-99,0,-99,-99,-99,-99,3,23.7236,0.0022,0.209853,0.000834,0.9718,0.0114,0.5234,0.0025,-64.0954,0.2573,0,-99,-99,-99,-99,-99,0,-99,-99,-99,-99,3,nan,nan,4.54E-01,-99,11.04439496
77720,6307,215.0413174,52.91407985,8,1.6,9.523,5.477,-21.1,5.924,16.97,86.89113183,5.631153589,330.0693084,9.160513853,962.0157954,10.13213929,2241.839213,12.46899637,3872.522908,9.017775578,5236.465693,21.58210753,5939.457017,16.76115974,13.78270929,23.38609374,11.65341618,52.46742685,0,5.31E+13,102.0671765,27.96272352,231.9972917,18.42356397,328.36898,71.79137261,25.2031,3.265,-1,11.01,690.081,-20.496224,-22.360203,-23.816505,2.798147269,-99,12.2907865,11.5958614,7.58721699,12.1129474,221.742224,40.1287324,103.879548,20.9066073,301.133248,26.0383644,0.08479251,23.94204449,1.00E+20,999999,1.00E+20,77720,215.0413174,52.91407985,-1,12,2.7662485,2.0169108,0.02793451,2.7662485,2.0169108,0.02793451,2.7808557,0.026218884,2.7808557,2.0257933,2.6307828,2.7071533,2.7935064,2.9006498,2.996915,197.1924,9.082062,501.55475,40.462296,1064.5778,80.94931,6470.161,207.98169,23049.72847,25682102191,92376379456,2.40331328,27021682279,0,1.567943796,-99,3.596916591,1.830718,1.9593443,10.96556094,2.83,2.754327729,nircam8-6307,nircam8--1,77720,2.77,8.5,0.02,8.6,2.8,10.73,1.99,-8.74,0.1,62.5,1,28.64259029,1,26.1867,0.0317,0.49052396,0.020634,0.5165,0.0576,0.3003,0.0111,27.7901,1.1334,0,24.7261,0.0334,0.511584,0.026631,2.227,0.0961,0.3612,0.0086,22.2006,0.763,0,23.7082,0.0098,0.386571,0.006222,2.3575,0.0349,0.3949,0.0032,20.549698,0.277,0,23.0471,0.0045,0.154815,0.001245,2.9973,0.0344,0.9222,0.005,-70.9797,2.0888,0,22.484,0.001,0.227241,0.000417,2.0037,0.0061,0.338,0.0006,18.972603,0.0481,0,22.0684,0.0013,0.208707,0.000474,1.8717,0.0078,0.3298,0.001,19.107903,0.0655,0,9.97E+00,3.17E-01,1.29E+00,1.228452857,11.30985522
78482,7170,214.9955458,52.87843921,8,1.6,17.109,8.658,-46.09,11.596,65.17,578.120731,10.49270658,1486.009492,15.19320635,2388.104434,13.77273252,3728.203272,14.75031211,5628.786662,10.84580164,6770.589505,28.57705891,7399.28093,21.46957927,106.6905179,48.48818724,223.9698075,102.4026563,0,1.04E+14,755.0747327,54.65755281,1019.638037,34.68099945,1512.570948,132.1466262,23.1744,1.995,-1,10.47,204.185,-20.176007,-21.608502,-22.782886,5.763716839,8.396,199.47239,30.2055153,352.785786,34.3225342,1491.21304,87.6442925,1025.26573,49.8276052,1950.85988,62.5524519,0.226003968,22.95486671,1.00E+20,999999,1.00E+20,78482,214.9955458,52.87843921,-1,12,2.5932431,5.5482216,0.06189441,2.5932431,5.5482216,0.06189441,2.5252464,0.049103618,2.596461,5.5602365,2.3070974,2.335031,2.581768,2.6167603,2.6345994,866.7225,23.08612,1642.1006,52.618225,2336.9822,74.63989,7475.655,243.78125,21318.04234,50546833971,42975178959,36.92509746,2.30E+11,0,1.260784706,-99,0.850205158,1.0769384,1.2624846,10.63321769,2.29,2.430061441,nircam8-7170,nircam8--1,78482,2.59,8.5,0.02,8.3,1.8,10.42,2.11,-8.31,-0.2,68.7,0,35.0877193,1,24.7135,0.018,0.699423,0.013569,0.4837,0.0205,0.3811,0.0054,-8.0292015,0.5955,0,23.5506,0.0106,0.663798,0.005739,0.4716,0.0075,0.4448,0.0029,-10.004902,0.4477,0,23.3067,0.0046,0.514302,0.001869,0.4434,0.0063,0.4804,0.0018,-13.002602,0.271,0,-99,-99,-99,-99,-99,0,-99,-99,-99,-99,3,-99,-99,-99,-99,-99,0,-99,-99,-99,-99,3,21.8211,0.0019,0.52727693,0.001509,1.0723,0.0051,0.452,0.001,-5.6059,0.1049,0,8.94E+00,6.44E-02,8.97E-01,1.685302463,11.29289879
79322,8472,215.0272673,52.89442548,8,1.6,14.289,7.07,-46.69,9.825,60.34,329.9431164,9.281710624,843.5013535,13.99787191,1494.019806,12.24522245,2540.025726,12.76378335,3715.254131,9.099332514,4787.777092,21.85441058,5361.335293,18.53383558,56.68842119,42.33878895,83.97210613,103.3107539,0,9.26E+13,471.7330455,49.17909695,537.7800921,29.78060953,820.1145862,118.4723385,26.3468,5.701,-1,11.23,19.2694,-21.837849,-23.166237,-24.324744,3.926592048,-99,7.91022046,5.9800139,6.6324734,6.21790371,73.810007,17.7097159,57.5469148,10.1166703,105.02275,7.40198421,0.177680098,23.46410911,1.00E+20,999999,1.00E+20,79322,215.0272673,52.89442548,-1,12,2.7267709,8.170909,0.022387296,2.7267709,8.170909,0.022387296,2.7432353,0.021088209,2.7432353,8.090754,2.5989463,2.679204,2.7455022,2.8374987,2.8936994,544.3924,19.50473,1052.1637,51.030304,1532.1064,104.314026,5696.7207,161.8103,22652.97636,36077576230,38762957375,15.05387384,93818980613,0,1.273303626,-99,1.074433524,1.1234422,1.4258399,10.5884169,2.29,2.582586091,nircam8-8472,nircam8--1,79322,2.73,9.3,0.02,8.3,2,10.31,2.11,-8.19,-1,123,1,37.55868545,1,24.608,0.062,0.929307,0.042849,1.1718,0.0389,0.4177,0.0078,-3.6511002,1.0684,1,24.1206,0.0483,0.51878697,0.022377,0.9469,0.0234,0.7023,0.0143,-11.3834,1.6683,0,23.5048,0.0186,0.537888,0.010254,0.9316,0.0099,0.5351,0.0061,-13.221699,0.4527,0,23.0695,0.0084,0.522756,0.004908,0.9293,0.0055,0.3815,0.0024,-13.442799,0.1095,0,22.7104,0.0044,0.506682,0.002655,0.9813,0.0036,0.3044,0.0011,-13.752701,0.0438,0,22.325,0.005,0.502059,0.003072,1.0574,0.0061,0.2459,0.001,-13.190498,0.0531,0,8.94E+00,7.07E-02,1.11E+00,2.178434419,11.19858341
79401,8559,215.0264407,52.8937729,8,1.6,6.37,5.523,57.23,2.761,3.7,91.32174176,4.184837614,399.6994525,10.42102016,1134.832065,12.53007307,1935.106441,11.1085099,2212.223615,7.588096064,2715.429224,15.44403202,2849.628025,11.4666476,9.776122399,18.6831437,10.54213645,43.92147506,0,3.75E+13,123.4444508,20.10293098,249.7056028,13.11428186,457.3260092,47.29616731,24.6115,2.774,-1,10.63,262.993,-19.892784,-21.870911,-22.710665,0.889089664,-99,12.0452683,13.4289073,15.8919706,14.9606393,254.065839,42.9580072,162.568848,24.3667374,519.262804,31.7443678,0.10306799,23.762671,1.00E+20,999999,1.00E+20,79401,215.0264407,52.8937729,-1,12,2.9852395,17.952597,0.003302012,2.9852395,17.952597,0.003302012,2.9747043,0.003817212,2.9747043,18.172184,2.926849,2.9558275,2.987033,3.0231402,3.064515,295.22092,8.100571,793.8866,35.103333,1365.524,43.548035,3081.465,58.298096,25266.80447,37409002195,60655376378,0.052323142,5547759930,0,0.135238461,-99,1.621411233,1.6628804,0.88364476,10.7828693,2.98,2.958064207,nircam8-8559,nircam8--1,79401,2.99,8.3,0.02,9.2,0.1,10.51,-0.99,-11.5,0.9,72.9,0,-75.38035961,0,26.477,0.0395,0.061935,0.004098,3.2318,0.3989,0.8952,0.043,13.828499,15.1351,0,24.835,0.0145,0.06297,0.001455,3.5554,0.1765,0.9649,0.0175,42.0522,18.1886,0,-99,-99,-99,-99,-99,0,-99,-99,-99,-99,3,23.2307,0.0012,0.043086,0.000231,3.0768,0.0359,0.939,0.0042,39.352997,2.7427,0,23.0684,0.0014,0.040916998,0.000195,3.6101,0.048,0.928,0.0037,19.241096,2.0801,0,22.803,0.0019,0.041564997,0.000234,3.5038,0.0626,0.9624,0.0051,9.651001,5.0215,0,1.02E+01,8.13E-01,8.44E-01,-99,10.06731094
80441,9750,214.9934648,52.8643259,8,1.6,6.263,5.791,-4.37,4.635,7.73,65.52409717,4.166669136,248.3117496,6.586597496,576.3106596,7.755628695,1133.230681,6.851387528,1576.141675,5.456872552,2130.746207,14.08483902,2294.978458,10.26865197,14.91860959,29.37088896,34.39028221,49.45279543,0,4.31E+13,64.64975104,23.84436646,139.0642987,10.71488707,263.2991504,58.13331799,25.2887,2.808,-1,10.41,300.385,-19.349218,-20.809048,-22.395266,1.820242302,-99,12.5905446,15.8319636,31.6049031,13.8490559,164.528294,28.0889537,70.2359978,20.874956,278.300087,24.0172533,0.07020383,24.49835837,1.00E+20,999999,1.00E+20,80441,214.9934648,52.8643259,-1,12,2.887356,14.1768675,0.018265082,2.887356,14.1768675,0.018265082,2.857234,0.015258334,2.8959997,14.161793,2.689406,2.7828634,2.8663006,2.9226313,2.967137,151.76761,5.2604294,403.52652,10.114746,664.99384,27.738007,2518.4683,180.57874,24272.51619,17235481482,25011087826,5.128917916,42961399803,0,1.392619152,-99,1.451139491,1.6040963,1.4457971,10.39813258,2.89,2.774406256,nircam8-9750,nircam8--1,80441,2.89,8.3,0.02,8.7,1.8,10.33,1.16,-9.18,0.4,72.1,0,13.71527778,0,25.2394,0.1858,1.457826,0.444156,4.2566,0.5743,0.607,0.0471,30.574997,4.8755,1,25.12,0.0258,0.256689,0.009837,1.5157,0.0593,0.7031,0.0151,32.7705,2.5111,0,24.2838,0.0009,0.21413699,0.000231,2.0544,0.0025,0.763,0.0004,29.190002,0.0033,0,23.7497,0.003,0.141123,0.000699,2.0463,0.0188,0.7841,0.0033,38.531,0.5935,0,23.4541,0.0018,0.110979,0.000315,2.3654,0.0197,0.7886,0.0026,49.980698,0.4606,0,23.0805,0.0025,0.088536,0.000441,3.0287,0.0424,0.7702,0.004,53.570602,0.6461,0,9.69E+00,6.18E-01,8.56E-01,-99,10.65944793
80658,10003,215.0306318,52.88934899,8,1.6,7.902,6.159,79.23,3.418,3.77,205.3786831,6.110162875,1000.921322,12.67294422,1848.33152,15.44713407,2863.71248,13.32470686,3267.215732,11.67150533,3675.313594,19.16018508,3922.126671,13.99237526,24.34286108,24.3700834,57.68671322,54.17558086,0,4.99E+13,278.4734335,23.13619788,39.91514985,1.20E+13,1080.187256,52.06250573,23.8206,2.496,2.357159615,10.63,12.1842,-20.089419,-21.726995,-22.728868,1.954278705,-99,3.88313271,17.9038267,82.7788144,19.5185394,-99000,-99000,297.333311,23.9638875,1075.90512,23.7963796,0.113998337,23.23305033,2.3571596,7,2.3571596,80658,215.0306318,52.88934899,2.357159615,12,2.555454,87.02677,0.005067698,2.555454,87.02677,0.005067698,2.5606756,0.004804611,2.5606756,87.14081,2.5071423,2.5316708,2.5593605,2.6061575,2.6509333,326.58847,11.362808,1134.4664,26.023071,1747.5134,26.022339,3970.9902,38.265137,20942.2864,36864149474,59159168473,0.0518771,5424893489,0,0.129320312,-99,1.604788645,1.8210492,0.89119565,10.77202206,2.65,2.609042295,nircam8-10003,nircam8--1,80658,2.56,8.3,0.02,9.1,0.2,10.44,-0.37,-10.81,0.8,66.7,0,8.941877794,0,25.4456,0.0722,0.216618,0.037490997,7.7759,0.8251,0.5098,0.0219,-50.8075,1.7768,0,23.5186,0.0199,0.302205,0.014457,8,0.2128,0.6278,0.0064,-50.9082,0.6341,0,22.8601,0.0092,0.260526,0.005811,8,0.1141,0.6633,0.0036,-52.2935,0.3735,0,22.5854,0.0037,0.14858699,0.001224,8,0.0746,0.6531,0.0021,-54.9115,0.2122,0,22.4083,0.0035,0.14163001,0.001056,8,0.0771,0.64,0.0022,-53.8955,0.2086,0,22.1781,0.0042,0.156354,0.001464,8,0.0827,0.6467,0.0023,-52.9261,0.2267,0,9.93E+00,4.52E-01,2.55E+00,-99,11.02681682
80886,10260,215.0348523,52.89135701,8,1.6,7.049,6.245,-65.78,5.614,12.65,63.96128184,4.703993947,320.799629,8.015360435,1018.749223,7.939094743,2888.561151,10.37053234,5361.780291,9.187751701,7415.981461,22.31509992,8628.924845,17.37689864,1.746006018,25.45684869,23.26489308,57.25152558,0,4.65E+13,103.0206411,24.88749344,170.6819286,15.28032638,346.4291396,57.10071944,24.9683,2.905,-1,11.12,438.8,-19.922989,-21.900311,-24.019106,2.153664117,-99,15.40811,15.3863606,33.2651132,16.1885634,260.82915,42.0778998,125.22806,23.2272207,373.8443,25.911431,0.097890651,23.87983177,1.00E+20,999999,1.00E+20,80886,215.0348523,52.89135701,-1,12,2.6982377,3.009222,0.029795315,2.6982377,3.009222,0.029795315,2.7059896,0.030154943,2.7059896,3.008059,2.5267012,2.5973926,2.694562,2.8022811,2.910511,136.25287,6.4997025,478.83,31.400375,1083.0731,16.637146,9251.327,187.1499,22366.79625,25055384847,1.30E+11,8.182347349,88420971819,0,2.198774268,-99,5.201816812,2.2507803,2.3288658,11.11505613,2.68,2.716563235,nircam8-10260,nircam8--1,80886,2.7,9.5,0.02,9.1,3.1,11.07,2.07,-9,-0.4,134,1,32.50270856,1,-99,-99,-99,-99,-99,0,-99,-99,-99,-99,3,24.89,0.0184,0.303771,0.008123999,1.06,0.0375,0.5863,0.0103,-30.8449,1.3988,0,23.7603,0.0049,0.195981,0.001524,1.1654,0.0131,0.954,0.0053,-15.4757,4.8868,0,22.7709,0.0012,0.172686,0.000399,1.3256,0.0068,0.6881,0.0016,-21.1962,0.2097,0,-99,-99,-99,-99,-99,0,-99,-99,-99,-99,3,21.6737,0.0007,0.120611995,0.000165,1.6268,0.0064,0.7388,0.0013,-19.6639,0.1886,0,1.03E+01,5.19E-01,3.09E+00,2.535709137,11.97898854
81828,11379,215.0128381,52.87091985,8,1.6,6.995,5.254,-58.7,4.213,8.17,67.2783845,4.06900358,316.6356516,7.580722092,993.4736892,8.812252512,1880.580224,9.193822508,2662.439566,7.470616354,3554.485517,17.38036056,3833.941604,12.24726507,1.953401609,19.8592205,49.67209597,44.2540352,0,4.24E+13,104.0419887,23.05946684,203.2282402,15.52415812,318.7138169,55.51412407,25.033,3.025,-1,10.75,13.3938,-20.143127,-21.966574,-23.229775,1.433860117,-99,-99000,-99000,75.159136,17.2778706,283.193939,41.2794157,98.5298642,21.4033851,352.203538,24.70027,0.109436565,23.90710908,1.00E+20,999999,1.00E+20,81828,215.0128381,52.87091985,-1,12,2.9973502,15.086189,0.008621627,2.9973502,15.086189,0.008621627,3.0146506,0.009209747,3.0146506,15.115761,2.8889248,2.9449222,3.0014718,3.0589619,3.103639,235.7024,8.280365,662.99347,33.382233,1240.6671,41.607727,4286.6133,379.85254,25390.1831,34217263904,78588240422,0.048724047,9072119569,0,0.847366455,-99,2.296742388,1.8032281,1.3461477,10.89535757,2.98,2.931903352,nircam8-11379,nircam8--1,81828,3,8.3,0.02,8.8,1.7,10.66,1.2,-9.47,0.5,82.5,0,-101.3289037,0,26.5617,0.0712,0.24330899,0.02766,2.1313,0.2332,0.5205,0.0295,-35.0711,3.184,0,25.1103,0.0139,0.184659,0.004167,1.8867,0.0512,0.5016,0.0109,-24.5386,1.0006,0,23.8545,0.0054,0.182676,0.001686,2.057,0.0252,0.447,0.003,-25.5368,0.2592,0,23.261,0.0015,0.150594,0.000375,1.8007,0.0115,0.4224,0.0015,-27.3893,0.1107,0,22.9315,0.0007,0.132351,0.000204,1.613,0.0086,0.4084,0.0011,-27.6171,0.0619,0,22.5781,0,0.118311,0,1.5249,0,0.3879,0,-27.9108,0,0,1.01E+01,5.41E-01,1.13E+00,-99,10.70807055
83204,12914,214.9892586,52.84716447,8,1.6,5.168,4.392,69.1,3.096,5.51,86.02873501,3.576355367,297.1286055,6.256702371,1036.366641,8.857314816,1608.104896,7.901934156,2049.30502,6.796346966,2456.292269,12.32207842,2556.883714,9.271089983,-4.096312564,15.77651551,21.78414974,32.66166173,0,3.12E+13,102.2968931,20.16358566,-4.64E-19,7.61E+12,305.9978713,41.87493386,25.0442,2.591,-1,10.4,18.3956,-19.278973,-21.040905,-22.377287,0.916148722,-99,-99000,-99000,22.5717381,13.3205288,-99000,-99000,117.136046,21.8254048,348.602943,24.5515012,0.120129532,23.86121644,1.00E+20,999999,1.00E+20,83204,214.9892586,52.84716447,-1,10,3.306462,28.81196,0.00735338,3.306462,28.81196,0.00735338,3.3057456,0.007313465,3.3057456,28.81184,3.17709,3.240791,3.3004549,3.349031,3.3893545,344.36542,16.404343,890.01294,23.212555,1355.2428,15.204773,2873.0674,138.44336,28564.5431,43911831254,51141499292,0.077772771,6660170609,0,0.396249365,-99,1.16464055,1.487494,0.81582177,10.70877346,3.25,3.237851832,nircam8-12914,nircam8--1,83204,3.31,8.3,0.02,9,0.5,10.53,0.27,-10.26,0.7,21.2,0,-0.27739251,0,26.4259,0.0438,0.116883,0.008403,2.0731,0.2125,0.6263,0.0326,-62.9743,3.6188,0,25.1908,0.0132,0.101721,0.002121,1.8428,0.0779,0.5369,0.0111,-62.261,1.0559,0,23.8491,0.0029,0.098391,0.00042,1.7388,0.0242,0.5079,0.0033,-61.7523,0.2829,0,23.4082,0.0011,0.091851,0.000249,1.6117,0.0157,0.468,0.0021,-62.4382,0.1515,0,23.1527,0.001,0.079376996,0.000231,1.9195,0.0196,0.5094,0.0024,-62.6516,0.184,0,22.9068,0.001,0.080249995,0.000255,2.1714,0.0249,0.4642,0.0025,-63.6504,0.176,0,1.01E+01,6.90E-01,1.63E-01,-99,10.80712306
83944,1896,214.8870681,52.82938994,9,1.6,5.638,5.237,38.97,4.574,9.58,662.3558303,4.740305263,1044.81253,9.293232119,1993.876519,9.738298111,2588.3258,8.807868385,2948.747261,6.670572292,3463.065066,16.81595433,3645.712454,9.439902936,289.3383952,11.58379239,459.5621911,41.55489451,0,4.19E+13,742.0275612,24.53371923,790.1117595,16.004885,1045.236512,57.8805728,23.3502,3.258,-1,10.52,125.307,-22.330977,-23.091035,-23.550092,1.763680659,-99,589.002755,21.9875828,886.211416,40.37193,1352.97428,64.7376006,1184.36621,39.0505399,1659.33002,38.7439849,0.16450171,23.15075435,1.00E+20,999999,1.00E+20,83944,214.8870681,52.82938994,-1,12,3.2124689,17.726055,0.002231423,3.2124689,17.726055,0.002231423,3.2204862,0.002310195,3.2204862,17.817122,3.16245,3.185156,3.2144792,3.2462175,3.2726007,1070.498,14.071472,1818.689,272.70978,2181.0044,371.12286,3970.191,865.5869,27594.31537,67420132122,33093821879,17.06933128,87604855561,0,0.548671161,-99,0.490859641,0.7726767,0.65038717,10.51974693,3.31,3.336002307,nircam9-1896,nircam9--1,83944,3.21,8.3,0.02,8.6,0.6,10.37,1.43,-8.94,0.3,72.1,0,0,0,25.4942,0.0809,0.38505,0.029067,1.8695,0.0986,0.3854,0.0129,45.93759,0.6877,1,-99,-99,-99,-99,-99,0,-99,-99,-99,-99,3,23.2532,0.0091,0.315573,0.003012,1.8283,0.0159,0.6956,0.0034,52.510902,0.7162,0,23.1905,0.0095,0.447033,0.005316,2.7647,0.0269,0.4425,0.003,54.395103,0.158,0,-99,-99,-99,-99,-99,0,-99,-99,-99,-99,3,22.4212,0.0064,0.48908997,0.005829,5.3811,0.0413,0.4993,0.0022,50.2722,0.1139,0,9.37E+00,2.25E-01,-9.71E-01,-99,10.23197192
85990,4557,214.8852052,52.81574648,9,1.6,8.192,6.829,-26.29,7.277,29.9,84.49450393,5.373754672,268.5373731,8.699557878,727.1991832,7.894950134,1412.276813,7.445333158,2627.091165,6.541585764,3624.111757,17.46245444,4011.452822,10.95511565,-3.952290319,21.24042181,12.39159765,57.03800929,0,5.49E+13,100.7959604,32.77090709,239.1606105,19.75637876,280.2921586,75.13087821,24.9994,2.41,-1,10.54,136.539,-18.821427,-20.591222,-22.519702,4.427448765,-99,-99000,-99000,9.89540265,17.9500741,315.724473,55.8232514,132.535077,30.7780917,363.292063,39.4483272,0.018172362,24.24586654,1.00E+20,999999,1.00E+20,85990,214.8852052,52.81574648,-1,11,2.9492168,39.86191,0.005434075,2.9492168,39.86191,0.005434075,2.9351552,0.006289989,2.9351552,40.0366,2.8666546,2.9132485,2.953008,2.9973767,3.043346,216.4898,7.9568176,475.0859,19.662476,872.4412,74.821045,4650.506,295.1228,24900.28502,23424178665,45714794300,0.0523414,9760182272,0,1.649279604,-99,1.951607139,1.5132468,1.81691,10.66005677,2.92,2.819330699,nircam9-4557,nircam9--1,85990,2.95,8.5,0.02,8.3,2.7,10.43,2.12,-8.31,-0.2,32.8,0,7.843137255,0,-99,-99,-99,-99,-99,0,-99,-99,-99,-99,3,25.116,0.0149,0.347136,0.007995,0.4651,0.0281,0.7038,0.0151,-18.8379,2.5817,0,-99,-99,-99,-99,-99,0,-99,-99,-99,-99,3,23.5997,0.0016,0.259239,0.000678,0.6979,0.005,0.6286,0.0014,-3.7589989,0.21,0,23.0249,0.0008,0.22323899,0.000294,0.7615,0.0034,0.5312,0.0007,-5.3865013,0.0831,0,22.6448,0.0007,0.201411,0.000243,0.6669,0.0034,0.447,0.0007,-5.4555016,0.067,0,9.59E+00,2.65E-01,6.42E-01,-99,10.78263882
86093,4700,214.9191048,52.84022826,9,1.64,13.709,8.731,82.33,10.193,29.51,457.9958821,8.681075587,897.3543583,15.01807767,1898.777873,13.5049747,2885.055666,15.18113744,2974.388787,10.02003721,3565.357381,24.93418497,3719.996372,17.85642006,150.0920689,36.24982366,235.0194972,100.2916033,0,9.62E+13,512.9654014,56.9524783,677.0367251,34.04077668,1026.099904,127.8326193,23.2605,2.845,3.108680964,10.4,51.3124,-21.697473,-22.436616,-23.222822,4.58159956,-99,377.673334,35.2401456,586.427195,45.4882323,1344.8278,98.220287,1099.12751,54.9520731,1802.21405,59.5360145,0.16594679,23.20381459,3.108681,2,3.108681,86093,214.9191048,52.84022826,3.108680964,12,3.221054,5.444144,0.002099762,3.221054,5.444144,0.002099762,3.2204862,0.002101263,3.2204862,5.4307733,3.169895,3.1929066,3.2201276,3.2496407,3.2779777,941.0014,18.886993,1624.6559,230.13239,2161.522,332.25818,4075.1023,694.6029,27682.75783,67110116557,35137458599,48.86481988,2.76E+11,0,0.597335941,-99,0.523579162,0.90292346,0.6884473,10.54577035,3.22,3.274902341,nircam9-4700,nircam9--1,86093,3.22,8.3,0.02,8.8,0.4,10.49,1.03,-9.47,0.5,86.4,0,-5.670103093,0,24.7088,0.013,0.587703,0.007844999,0.2,0.0108,0.6182,0.0097,-24.0537,1.2122,0,23.8654,0.0079,0.561642,0.007227,0.409,0.0125,0.6593,0.0082,-27.969,1.3177,0,22.3629,0.0182,1.35573,0.035607,2.3361,0.0394,0.5691,0.0043,-62.584,0.5833,1,22.6828,0.0077,0.612912,0.004782,1.5719,0.0114,0.519,0.002,-57.9819,0.2924,0,22.5614,0.0063,0.670599,0.005457,2.2634,0.015,0.503,0.0023,-57.6311,0.2035,0,22.5872,0.0131,0.496083,0.007677,2.2279,0.0291,0.4804,0.0026,-57.0736,0.2802,0,9.17E+00,1.33E-01,-3.40E-01,-99,10.55977408
86976,5697,214.8949122,52.81715613,9,1.6,6.765,5.602,24.71,3.808,7.64,46.76038208,3.702696025,171.3333981,7.508551347,685.9389721,8.153020894,1308.846295,8.641804192,1875.505713,6.625885511,2418.047041,16.69025391,2656.244389,9.473479752,8.359832204,17.98584311,27.18574602,45.07981594,0,4.09E+13,64.55102995,27.05898482,63.78974586,14.89312459,170.362324,56.63446834,25.4968,3.235,-1,10.64,37.8982,-20.071339,-21.785294,-23.001505,1.322808226,-99,14.5739562,13.5068329,29.6356515,15.4899706,122.689121,42.6899736,98.9480908,25.0783553,229.766065,28.3942354,0.074165059,24.3092863,1.00E+20,999999,1.00E+20,86976,214.8949122,52.81715613,-1,12,3.3937333,16.369295,0.018914584,3.3937333,16.369295,0.018914584,3.3927274,0.01887998,3.3927274,16.365633,3.1747258,3.3092313,3.3911903,3.4657605,3.5780902,219.0241,12.8691635,588.4872,20.44284,1041.4314,20.177551,3281.4272,626.9232,29469.0786,35201458871,61692024260,2.268657741,24291286720,0,1.008243088,-99,1.752541691,1.6928469,1.2460803,10.79022902,3.37,3.326647583,nircam9-5697,nircam9--1,86976,3.39,8.3,0.02,8.9,1.3,10.64,0.82,-9.82,0.6,16.5,0,-1.287128713,0,24.2253,0.3597,6.8222156,3.973065,5.909,0.998,0.7173,0.0617,-56.4807,7.9061,1,25.7783,0.0351,0.18588899,0.010341,1.6431,0.1156,0.4637,0.0184,75.5867,1.7111,0,24.2818,0.0074,0.166026,0.002103,2.0465,0.038,0.3892,0.0039,74.810196,0.3194,0,23.6394,0.0022,0.125478,0.00042,2.5052,0.0273,0.4063,0.0023,72.7984,0.1562,0,23.3163,0.001,0.10008,0.000255,2.395,0.0194,0.392,0.0017,72.769104,0.1084,0,22.9672,0,0.086019,3.00E-06,2.4936,0.0002,0.3959,0,72.914795,0,0,1.01E+01,6.57E-01,1.88E-01,-99,10.9518807
87284,6044,214.8983291,52.82057629,9,1.6,12.822,6.322,-64.62,8.384,30.38,503.3883437,6.434048437,1293.755896,12.03486079,2587.09722,13.77484885,4753.717956,16.19757261,8520.268541,13.89270591,11483.62006,34.45026561,12569.50195,22.13000676,105.1722859,26.84428015,171.0554894,77.08966576,0,6.19E+13,659.4652268,36.72716464,946.8026615,25.52399662,1253.165521,84.93338861,23.322,2.023,-1,10.93,80.962,-19.989349,-21.573204,-23.420638,4.607949403,8.284,146.685617,24.0349146,236.310679,34.9180943,1175.37836,74.2438811,904.932359,42.9804415,1703.00536,49.0595866,0.034157996,22.86796813,1.00E+20,999999,1.00E+20,87284,214.8983291,52.82057629,-1,12,2.627391,35.54221,0.000740944,2.627391,35.54221,0.000740944,2.632606,0.000756905,2.632606,35.401905,2.585909,2.6132839,2.6292422,2.642122,2.6551762,816.2509,19.356628,1491.922,40.22992,2523.627,146.24475,12903.841,186.03125,21658.37859,55810150318,92530000706,44.22556512,2.81E+11,0,1.696456342,-99,1.657942152,1.2255038,1.7717347,10.96628257,2.65,2.569759295,nircam9-6044,nircam9--1,87284,2.63,9.9,0.02,7.6,2.7,10.38,2.85,-7.53,-2.3,199,0,115,1,24.4169,0.0069,0.61920595,0.00549,0.5478,0.0127,0.2324,0.0018,-27.8446,0.1788,0,23.5521,0.0012,0.519135,0.000321,0.4107,0.0007,0.2862,0.0001,-25.5105,0.008,0,22.8142,0.001,0.49477196,0.000396,0.5822,0.0008,0.3011,0.0002,-24.9822,0.0038,0,-99,-99,-99,-99,-99,0,-99,-99,-99,-99,3,21.6229,0.0007,0.347136,0.000435,1.3566,0.0039,0.2869,0.0004,-26.4722,0.0298,0,21.2449,0.0006,0.31396198,0.000366,1.401,0.0039,0.2764,0.0004,-27.0926,0.0287,0,9.71E+00,1.73E-01,1.02E+00,1.94806675,11.34540924
88643,7906,214.9327959,52.83290803,9,1.6,18.239,9.648,4.89,9.273,15.86,1578.594114,11.93990995,3080.179273,23.46102516,5950.219185,26.52054533,9372.795948,23.34059631,10749.41311,15.8893521,13827.13886,39.8328089,15358.87315,30.48742875,506.0205695,44.43881268,943.7971631,107.3772733,0,1.00E+14,1736.885709,62.24142115,2121.82818,34.9342036,3225.252129,131.7059633,22.194,3,-1,11.02,447.031,-22.981519,-23.897583,-24.924033,7.924251938,-99,835.465789,53.5146292,1450.53036,65.7030445,3296.98593,124.632454,2566.59015,70.7306673,4812.95866,76.9498526,0.264579034,21.96366759,1.00E+20,999999,1.00E+20,88643,214.9327959,52.83290803,-1,12,3.18881,22.934801,0.002365158,3.18881,22.934801,0.002365158,3.1784916,0.002481283,3.1784916,23.07439,3.1182141,3.1566434,3.1885817,3.2141519,3.236911,3074.0388,110.282715,5018.6216,760.8623,6724.09,116.470215,18538.004,2488.3271,27350.77052,2.05E+11,1.15E+11,155.8070719,9.19E+11,0,1.03475344,-99,0.560477642,0.84981036,1.1010736,11.06107077,3.31,3.275707894,nircam9-7906,nircam9--1,88643,3.19,8.3,0.02,8.6,1,11.03,2.09,-8.94,0.3,580,0,9.741248097,0,23.3075,0.0199,0.73497295,0.021956999,2.9666,0.0523,0.611,0.0063,45.5141,0.6477,0,22.7008,0.0172,0.606603,0.013979999,3.4273,0.0375,0.6239,0.0049,50.780792,0.4404,0,21.8283,0.0116,0.63496196,0.011511,3.7536,0.0366,0.6896,0.0027,51.537994,0.3644,0,21.3292,0.0059,0.579546,0.005943,4.3025,0.0263,0.6869,0.0022,44.830704,0.2375,0,-99,-99,-99,-99,-99,0,-99,-99,-99,-99,3,20.9626,0.0044,0.34979698,0.003129,4.578,0.0333,0.6958,0.0021,48.3089,0.2558,0,1.00E+01,2.70E-01,-1.78E-02,-99,11.47397524
88901,8270,214.8788841,52.79347408,9,1.6,11.006,8.979,-21.18,7.696,13.36,430.0306443,6.896354437,1205.156033,14.28465412,3057.83334,13.94522042,6357.996789,15.98650684,10112.2214,16.67910207,12378.29945,30.89950327,13152.94349,21.11674085,25.95157761,32.10659405,72.93315768,91.22865629,0,6.99E+13,605.0654959,42.30614289,749.1570399,17.76883479,1190.290114,101.5750478,23.3906,1.886,-1,10.81,9.2688,-19.300711,-21.331258,-23.135435,5.723654526,9.513,83.959723,26.7340071,106.076735,29.5027682,1127.06762,55.266704,856.467111,45.523833,1598.61525,50.5983389,0.038032911,22.68646547,1.00E+20,999999,1.00E+20,88901,214.8788841,52.79347408,-1,12,2.92703,38.192318,0.033940323,2.92703,38.192318,0.033940323,2.8959997,0.03202375,2.9351552,38.146526,2.6896956,2.7887635,2.9146168,2.9977865,3.0579762,844.7323,21.371887,2024.014,172.0459,3603.5054,151.7522,14230.415,1619.8052,24674.89059,95543675684,2.04E+11,97.94191438,6.59E+11,0,1.507924992,-99,2.138012871,1.5750152,1.491231,11.31021226,3.31,3.232080125,nircam9-8270,nircam9--1,88901,2.93,8.9,0.02,9.3,1.3,11.31,1.58,-9.73,0.4,14.5,0,-0.401606426,0,-99,-99,-99,-99,-99,0,-99,-99,-99,-99,3,-99,-99,-99,-99,-99,0,-99,-99,-99,-99,3,-99,-99,-99,-99,-99,0,-99,-99,-99,-99,3,21.853,0.0016,0.321768,0.000855,1.5804,0.0052,0.6786,0.0012,19.714996,0.1745,0,21.4447,0.0008,0.279969,0.000459,1.3631,0.0048,0.667,0.001,14.129402,0.1332,0,21.1985,0.0008,0.262863,0.000405,1.306,0.0043,0.6542,0.0009,11.300598,0.1188,0,1.02E+01,2.21E-01,3.20E-01,-99,11.72193546
89623,9103,214.9711608,52.85489138,9,1.6,5.406,4.593,32.5,2.446,3.74,86.13076386,3.441110556,221.874774,7.316666303,925.4252001,10.79684843,1455.651441,9.194894775,1463.476101,5.716971404,1883.215507,12.09921922,2198.991391,8.101685686,23.62587291,13.18757548,28.68918514,37.4401208,0,3.14E+13,88.10133056,19.11017072,143.4419608,11.46708807,193.1512594,43.85479268,25.0581,3.305,-1,10.48,715.772,-20.617082,-22.173941,-22.805998,2.825725272,-99,60.2691459,19.5550968,89.1606864,24.1857905,285.869914,52.3441944,145.212112,29.5837246,344.144228,34.7916687,0.090954341,23.9841467,1.00E+20,999999,1.00E+20,89623,214.9711608,52.85489138,-1,12,3.435984,184.21626,0.000922181,3.435984,184.21626,0.000922181,3.436875,0.000923003,3.436875,184.21175,3.3928487,3.4123576,3.4319546,3.454756,3.4854507,291.97385,16.990875,845.975,16.963531,1258.6532,30.594666,3034.6414,414.5244,29908.23558,43403848906,33764075971,7.57021871,56259102489,0,0.836340492,-99,0.777905113,1.5864053,0.9555033,10.52845487,3.49,3.530590937,nircam9-9103,nircam9--1,89623,3.44,8.3,0.02,8.9,0.7,10.44,0.62,-9.82,0.6,228,0,15.87628866,1,25.5243,0.2369,0.687681,0.360891,8,1.6678,0.6076,0.0487,29.509903,4.681,1,25.1359,0.107,0.126279,0.032283,8,1.4595,0.9749,0.0604,32.1417,76.8205,1,23.733,0.0154,0.069984,0.002103,8,0.3459,0.8131,0.012,-57.8778,2.1672,0,-99,-99,-99,-99,-99,0,-99,-99,-99,-99,3,23.5088,0.0054,0.036021,0.00048,5.1425,0.2044,0.6757,0.0095,-57.7341,1.1228,0,23.1471,0.0017,0.032408997,0.000306,3.3036,0.1216,0.7159,0.0083,-64.679596,1.1875,0,9.98E+00,8.80E-01,1.23E-01,0.335646658,10.81373696
91354,11123,214.8970339,52.79221821,9,1.6,6.378,5.712,-42.51,3.882,7.48,102.4606213,3.994202042,264.3727597,8.685820879,901.8192648,8.827072011,1552.590248,8.399861629,2022.769361,6.358919144,2526.89704,14.89906089,2728.139359,8.97656513,16.34438393,18.73142731,49.44074777,58.73875179,0,4.03E+13,129.3663696,24.01179414,227.7143596,15.10599914,294.8764988,56.08588356,25.1413,3,-1,10.49,50.7995,-20.023758,-21.563725,-22.702656,0.893694472,-99,24.5184747,16.2789767,54.803379,22.0858936,278.442315,41.665505,133.430896,22.522534,318.775399,28.3828377,0.07280714,24.01220123,1.00E+20,999999,1.00E+20,91354,214.8970339,52.79221821,-1,12,3.3919156,8.442723,0.015398974,3.3919156,8.442723,0.015398974,3.3927274,0.015413726,3.3927274,8.443206,3.2340655,3.3057165,3.3909535,3.4726114,3.5580919,346.59003,11.52446,824.3679,65.35892,1251.6241,262.75702,3294.115,759.2479,29450.20321,42269500010,43269529043,6.735741656,52348331118,0,1.10037376,-99,1.023658407,1.3941449,1.050662,10.63618217,3.46,3.444413193,nircam9-11123,nircam9--1,91354,3.39,8.3,0.02,8.9,0.9,10.58,0.76,-9.82,0.6,23.5,0,0.468384075,0,26.4066,0.0409,0.14902501,0.011295,3.1031,0.2779,0.3092,0.0163,-30.9914,1.0833,0,25.3,0.0292,0.185709,0.009582,2.6832,0.1594,0.317,0.0105,-29.8496,0.7717,0,24.0588,0.0045,0.149496,0.001122,1.7437,0.0225,0.3921,0.0028,-29.3428,0.2264,0,23.476,0.0016,0.13060799,0.000303,1.8531,0.0145,0.4847,0.0018,-28.8039,0.1491,0,23.2223,0.0009,0.112623,0.000222,1.871,0.0121,0.4959,0.0015,-27.4263,0.1154,0,22.9373,0.0009,0.09868799,0.000219,1.9025,0.0152,0.4744,0.0017,-28.5622,0.1253,0,9.93E+00,6.25E-01,1.15E-01,-99,10.97006588
91611,11421,214.9514804,52.82909884,9,1.6,8.26,7.041,59.08,4.195,5.33,270.8866159,5.008210854,590.5086566,10.1180387,1341.410606,12.47690575,2055.143307,12.7818121,2258.249271,8.80062213,2645.929255,22.78607968,2862.248108,12.59948706,141.1686383,25.66526186,217.8929896,68.75358406,0,5.15E+13,322.8805102,29.83883893,436.9224973,18.62039471,577.5928259,79.50146508,24.408,3.115,3.103567123,10.49,81.8688,-21.042391,-22.287586,-22.835972,1.61573526,-99,156.044671,24.8901591,211.494049,27.9885625,489.717505,48.4428305,315.623384,27.2603089,626.3306,33.932109,0.114717847,23.58109566,3.1035671,2,3.1035671,91611,214.9514804,52.82909884,3.103567123,12,3.133362,9.099235,0.008893208,3.133362,9.099235,0.008893208,3.136915,0.008938606,3.136915,9.114982,3.0174959,3.073618,3.1344047,3.1956866,3.2429175,571.89105,16.302002,1085.797,17.755432,1605.8551,77.181946,3261.7776,400.1327,26781.05929,47652859381,38501571459,10.44354489,47647537786,0,0.402408194,-99,0.807959312,1.1209826,0.76936996,10.58547846,3.1,3.143247341,nircam9-11421,nircam9--1,91611,3.13,8.3,0.02,8.8,0.6,10.39,0.93,-9.47,0.5,47.2,0,-4.069175992,0,25.5036,0.0109,0.15416099,0.002601,1.0833,0.0289,0.5785,0.008,-51.841,0.9494,0,24.4708,0.0142,0.170019,0.003966,2.1941,0.0567,0.7087,0.01,-51.8586,1.2082,0,23.5055,0.0072,0.161838,0.002196,3.5159,0.0509,0.7525,0.0052,-57.4183,0.7573,0,23.0175,0.0044,0.143244,0.00126,5.0662,0.058,0.8022,0.0038,-56.4782,0.6529,0,23.0156,0.0039,0.125829,0.000735,2.5017,0.0389,0.8524,0.0055,9.0602,1.2972,0,-99,-99,-99,-99,-99,0,-99,-99,-99,-99,3,nan,nan,3.63E-01,-99,11.11835745
91835,11680,214.9805987,52.84862558,9,1.6,6.835,5.933,-70,5.78,12.04,93.85674518,4.018879658,364.9513134,7.176573259,819.3675153,6.283951913,1891.813545,7.615778019,2858.03557,6.54731002,3754.350611,14.63798715,4219.122787,10.31416853,0.256161371,18.57835709,19.48422402,46.62505038,0,4.46E+13,126.6676805,27.32399891,156.7108368,17.08096912,366.4502778,62.15438105,24.8173,2.485,-1,10.49,8.98009,-19.300257,-20.769589,-22.734255,1.97403848,-99,14.0324311,15.6923433,28.3932959,15.7053226,239.388601,46.5267472,179.14076,25.6093025,429.601407,26.1216419,0.160935521,24.11630315,1.00E+20,999999,1.00E+20,91835,214.9805987,52.84862558,-1,12,2.7589016,24.823206,0.016537927,2.7589016,24.823206,0.016537927,2.7432353,0.017484676,2.7432353,25.003504,2.4979525,2.7253444,2.7629838,2.8080473,2.8616526,179.52852,19.273521,529.1215,18.49797,893.7091,40.63684,4551.0176,176.1853,22975.82206,21463861901,26191091023,16.68373188,1.32E+11,0,2.308018836,-99,1.220241313,1.7426568,1.7672808,10.41815359,2.98,2.784569697,nircam9-11680,nircam9--1,91835,2.76,8.7,0.02,8.9,2.2,10.65,1.55,-9.1,0.2,139,0,19.20438957,1,26.4198,0.042,0.21288599,0.013727999,0.8773,0.0888,0.842,0.0382,-79.7273,12.0996,0,24.2029,0.044,0.548457,0.038415,3.0115,0.1333,0.7984,0.0211,-22.0346,3.9605,1,23.9399,0.0105,0.252327,0.004038,1.4473,0.0246,0.8259,0.0087,-21.4798,2.0924,0,23.2087,0.0026,0.18327299,0.000795,1.469,0.0099,0.7964,0.0028,-22.9056,0.5503,0,22.8356,0.0013,0.147378,0.000369,1.4421,0.0075,0.8451,0.002,-24.1105,0.5083,0,22.4465,0.0012,0.133506,0.000273,1.4938,0.0066,0.8342,0.0018,-22.5633,0.4164,0,9.60E+00,4.78E-01,9.01E-01,1.696744637,11.0645714
92350,12274,214.9056056,52.79121114,9,1.6,17.468,8.222,-23.35,7.898,14,151.302153,7.197336825,503.0008159,13.26454199,1556.804161,15.19529172,3973.051721,25.5674351,8217.778373,19.78515941,11332.05119,62.90257797,12670.95505,42.13308349,-8.525588134,38.22827643,37.79023471,108.7233104,0,7.72E+13,188.7154157,47.31695535,-0.001033219,2.01E+13,520.825892,105.969649,24.3375,2.864,-1,11.29,798.126,-20.40812,-22.234092,-24.37632,2.963689199,-99,-99000,-99000,17.8265513,27.3967176,-99000,-99000,239.819543,35.9728267,668.333942,46.8366477,0.117331996,23.41941504,1.00E+20,999999,1.00E+20,92350,214.9056056,52.79121114,-1,10,2.8761969,21.96317,0.011119133,2.8761969,21.96317,0.011119133,2.857234,0.010780958,2.8959997,22.12952,2.717236,2.8125083,2.869878,2.9188688,2.9683945,340.15247,134.22928,887.28864,152.87598,1892.9984,70.361755,14396.736,593.5513,24159.49689,48747318330,2.03E+11,0.12058405,36508788448,0,1.924559623,-99,4.155661321,1.8636916,2.2027845,11.30659088,3.01,2.980853684,nircam9-12274,nircam9--1,92350,2.88,8.5,0.02,8.5,3.2,11.12,2.53,-8.58,0,2.93,0,0.173611111,0,-99,-99,-99,-99,-99,0,-99,-99,-99,-99,3,24.7467,0.0047,0.333141,0.001518,0.445,0.0026,0.5697,0.0024,-7.4268,0.0009,0,23.4464,0.0062,0.294801,0.002889,1.1696,0.0158,0.6971,0.0048,-7.139599,0.7314,0,22.4498,0.0018,0.212508,0.000756,1.6622,0.0106,0.7074,0.0022,-8.0798,0.2952,0,21.7038,0.0007,0.167718,0.000261,1.7246,0.006,0.7026,0.0011,-5.6035995,0.1484,0,21.2559,nan,0.146727,nan,1.7499,nan,0.7052,nan,-5.1590004,nan,0,1.05E+01,4.46E-01,1.48E+00,-99,11.64210931
94260,1047,214.8464674,52.79596787,10,1.85,7.737,6.471,-0.91,6.174,9.23,60.30973674,8.24291171,173.6036758,10.15190659,417.6328393,10.90684365,884.9540808,10.85119441,1120.468057,10.14036357,1606.944298,18.66776604,1782.631358,15.18922004,24.51556237,25.58493083,39.64510761,60.34206792,0,3.55E+13,49.5267442,38.84720751,45.66183401,28.51752742,206.6929861,73.96237932,25.4524,2.726,-1,10.08,5.97349,-18.931661,-20.110852,-21.869039,3.469150153,-99,31.2807491,16.3099132,38.6103536,22.4326201,19.8858625,53.2268603,52.376653,31.0925026,239.352205,31.7691576,0.050933808,24.8480134,1.00E+20,999999,1.00E+20,94260,214.8464674,52.79596787,-1,12,3.4687812,13.305529,0.011992995,3.4687812,13.305529,0.011992995,3.436875,0.009701879,3.4814665,13.413755,3.2697728,3.363542,3.455203,3.4915266,3.5198143,222.99794,12.402351,391.35764,12.696228,689.42834,160.79309,2338.2979,654.68634,30249.68475,24141945618,22737120469,37.73514672,2.43E+11,0,1.497655916,-99,0.941809779,1.2254708,1.3260268,10.35673546,3.46,3.301725926,nircam10-1047,nircam10--1,94260,3.47,8.3,0.02,8.6,1.7,10.33,1.39,-8.94,0.3,23.5,0,3.316062176,0,26.492,0.1379,0.59423697,0.10926899,0.9857,0.2157,0.4044,0.0417,-39.0512,5.1518,1,25.5236,0.0735,0.381318,0.039726,1.5472,0.1501,0.6987,0.0397,-60.688,6.2022,0,24.2846,0.0557,0.59697896,0.052443,3.4877,0.1808,0.7238,0.026,76.7417,3.5607,1,23.7106,0.0313,0.402672,0.025461,5.3308,0.2129,0.831,0.0138,70.1062,2.8222,0,23.4932,0.0232,0.35267997,0.01971,8,0.2629,0.8042,0.0103,52.888298,1.7712,0,23.2966,0.0123,0.13479,0.003771,8,0.2551,0.7849,0.0104,53.433403,1.66,0,9.56E+00,5.02E-01,1.36E-01,-99,10.3051985
94283,1070,214.8538728,52.8010317,10,1.6,6.911,4.716,1.85,3.127,4.61,476.7178818,6.696638863,1870.53612,14.85975531,3099.50758,16.89263406,3718.087813,14.49253318,4051.590829,12.33966258,4507.696344,18.76499163,4845.699455,13.28476324,43.48610661,14.11541772,152.8407039,33.05107626,0,1.97E+13,587.3015519,22.50446058,1108.128932,15.9848863,1869.857495,42.45640207,23.1038,1.751,-1,10.38,10.5271,-19.928343,-21.299528,-22.351304,0.920153987,9.523,283.85039,20.5521885,495.384755,35.9196936,1397.20602,61.9079732,890.690287,39.257428,2082.01487,38.7131813,0.145256045,22.67176824,-999,0,-999,94283,214.8538728,52.8010317,-1,12,2.6332986,77.21839,0.002105662,2.6332986,77.21839,0.002105662,2.632606,0.002102624,2.632606,77.215195,2.5822306,2.6068227,2.633377,2.6582046,2.679719,801.6662,17.37857,2185.6826,50.34314,3113.3538,34.0531,4930.8765,72.01904,21717.33085,69114755430,55661259188,0.132141906,7997798678,0,0.112420862,-99,0.805345528,1.4730873,0.4992391,10.74555303,2.68,2.672567566,nircam10-1070,nircam10--1,94283,2.63,8.3,0.02,9,0.1,10.53,0.27,-10.26,0.7,182,1,36.36363636,1,24.7145,0.0095,0.116871,0.001956,2.8888,0.0849,0.2936,0.0048,44.22049,0.3499,0,-99,-99,-99,-99,-99,0,-99,-99,-99,-99,3,-99,-99,-99,-99,-99,0,-99,-99,-99,-99,3,-99,-99,-99,-99,-99,0,-99,-99,-99,-99,3,22.4013,0.0005,0.051282,2.70E-05,5.0498,0.0102,0.9091,0.0001,48.689606,0.0184,0,-99,-99,-99,-99,-99,0,-99,-99,-99,-99,3,nan,nan,2.03E+00,0.435383949,10.82889475
94684,1487,214.8559449,52.79998303,10,1.6,16.223,12.198,19.45,6.499,4.19,1830.177237,23.731344,3488.38885,43.66079529,6561.851275,59.34101104,10698.66603,64.24276034,13902.97456,74.36409743,17532.45304,107.4681416,21309.36996,95.04353571,306.6901919,46.44178506,622.4813032,110.8372909,0,5.57E+13,1951.318049,61.45566688,2547.98446,45.26589976,3282.582817,118.583611,21.9687,1.99,-1,10.66,421.944,-21.789028,-22.806428,-24.010942,3.513265838,9.036,759.659277,51.7136677,1778.32915,85.2415305,5251.60529,149.434966,4094.76433,94.6609778,5922.95838,109.107234,0.036117394,21.85743404,1.00E+20,999999,1.00E+20,94684,214.8559449,52.79998303,-1,12,3.0281324,77.32237,0.01557956,3.0281324,77.32237,0.01557956,3.095752,0.010311089,3.0146506,76.775894,2.9910572,3.0159984,3.07845,3.1466324,3.1852312,3118.7515,38.09778,5128.1396,108.641846,7350.961,500.39673,26440.492,1693.5068,25704.12807,2.06E+11,1.57E+11,172.667357,1.03E+12,0,1.249939611,-99,0.759296391,0.9309083,1.3898137,11.19468797,1.84,1.844149094,nircam10-1487,nircam10--1,94684,3.03,8.5,0.02,8.4,1.6,11.05,2.61,-8.44,-0.1,96.6,0,6.408706167,0,21.8099,0.132,5.759184,1.3542659,8,0.4863,0.5774,0.0111,37.456497,1.0665,1,21.9548,0.051,1.378137,0.147243,8,0.3068,0.6234,0.0083,26.880898,0.8141,1,21.4143,0.0164,0.94760394,0.034826998,8,0.1275,0.5778,0.0008,24.819199,0.2039,0,-99,-99,-99,-99,-99,0,-99,-99,-99,-99,3,21.1957,0.0052,0.09756,0.000837,8,0.156,0.5662,0.0038,22.618797,0.2919,0,-99,-99,-99,-99,-99,0,-99,-99,-99,-99,3,nan,nan,6.01E-01,-99,11.84123827
101549,9057,214.8150258,52.72669074,10,1.6,11.096,6.139,21.57,8.691,49.54,584.3254544,7.828849545,1691.304057,9.758500151,3756.440419,9.833513606,5233.246116,16.61411109,10780.73861,21.10212522,13001.97929,34.3515124,14779.99421,24.29852746,13.1388278,37.6761778,91.86751352,115.50236,0,3.12E+13,7.17E-06,5.27E+13,1367.867887,25.941552,-0.000423077,1.60E+14,-99,-99,-99,-99,-99,-99,-99,-99,-99,-99,-99,-99,-99,-99,-99,-99,-99,-99,-99,-99,4.874159998,22.46305874,-99,-99,-99,101549,214.8150258,52.72669074,-99,11,2.892222,477.71515,0.004176588,2.892222,477.71515,0.004176588,2.8959997,0.004521259,2.8959997,477.68604,2.7949262,2.836317,2.894297,2.9145393,2.9288976,1348.6179,18.634033,2712.8403,52.924805,4473.71,46.917236,17225.373,591.58203,24321.81921,1.16E+11,1.50E+11,0.295056788,33055459859,0,1.362728748,-99,1.289463604,1.3019472,1.463752,11.17590199,2.35,2.43125496,nircam10-9057,nircam10--1,101549,2.89,8.5,0.02,8.3,2.2,10.9,2.59,-8.31,-0.2,843,0,19.53488372,1,23.9336,0.0038,0.646338,0.001824,0.9085,0.0041,0.3227,0.0004,-88.1792,0.0022,1,-99,-99,-99,-99,-99,0,-99,-99,-99,-99,3,22.3577,0.0032,0.48016798,0.00216,0.7486,0.0073,0.3737,0.0014,88.984695,0.1463,0,-99,-99,-99,-99,-99,0,-99,-99,-99,-99,3,21.6618,0.0004,0.299139,8.10E-05,0.7517,0.0007,0.4687,0,70.8808,0.0044,0,21.3488,0.0019,0.28911898,0.000765,0.6678,0.0067,0.463,0.0014,71.698,0.1689,0,9.84E+00,1.44E-01,4.50E-01,-99,11.10823975