id,RA,DEC,ebv_mw,f_f105w,e_f105w,f_f125w,e_f125w,f_f140w,e_f140w,f_f160w,e_f160w,f_f435w,e_f435w,f_f606w,e_f606w,f_f814w,e_f814w,f_f090w,e_f090w,f_f115w,e_f115w,f_f150w,e_f150w,f_f200w,e_f200w,f_f277w,e_f277w,f_f356w,e_f356w,f_f410m,e_f410m,f_f444w,e_f444w,tot_cor,kron_radius,kron_radius_circ,use_circle,flag_kron,iso_area,use_aper,a_image,b_image,theta_J2000,flux_radius,z_spec,z_phot,z_phot_chi2,z025,z160,z500,z840,z975,mass,restU,restU_err,restV,restV_err,restJ,restJ_err,restus,restus_err,restgs,restgs_err,restis,restis_err,star_min_chi2,excess,flag,beta,beta_dark,RE,RE_ERR,N,N_ERR,Q,Q_ERR,PA,PA_ERR,lmass
53,150.1800143,2.231273888,0.014534618,nan,nan,307.1732886,7.167917951,359.1326152,9.859350469,396.9070053,6.397556061,165.2862961,3.986360701,226.1117029,3.335298302,235.6855688,4.441852051,207.3409317,15.73147816,221.4832909,16.01030087,338.464557,15.66598223,532.0914415,16.57901361,697.9772775,10.70558399,1065.178986,13.00080994,1392.886298,18.92297376,1575.563409,12.81086819,1.214386152,2.353680556,1.057144704,0,0,5.1488,1.4,12.85359097,9.809104919,-0.34260416,0.227400486,2.1507,2.5492876,10.503658,2.510598,2.5419903,2.6049566,2.6734388,2.7371998,3.12E+11,343.2611,10.660934,535.95087,27.725052,1743.8909,76.33429,248.53493,11.559319,411.8938,21.979599,695.6143,41.440125,437.4499,35.13513514,1,-0.835,-0.41,-99,-99,7.7739,1.5867,0.7577,0.075,-50.084,9.0712,10.65951169
31081,150.1119794,2.372628923,0.014596741,107.4694825,3.208969378,140.0258063,3.885632056,186.3533369,7.037131721,205.6874545,3.710175825,58.89860838,1.281990707,82.10016142,2.224691189,96.88374597,1.994450455,nan,nan,nan,nan,nan,nan,nan,nan,340.4537717,3.636083972,446.4044344,3.821232491,nan,nan,nan,nan,2.069763674,3.019521928,0.828718242,0,0,1.5264,0.7,7.679493904,6.130343914,-0.366524667,0.33817514,2.4571,2.5231721,2.8314319,2.3756363,2.4422297,2.5465224,2.6481378,2.708986,50295517420,147.3537,12.023415,281.10376,181.47472,551.11975,883.7327,104.24025,25.469463,217.44676,42.51645,332.9724,67.25986,356.58972,0,0,-99,-99,-99,-99,-99,-99,-99,-99,-99,-99,10.70152928
30135,150.1280241,2.369452063,0.014388893,nan,nan,38.42283597,4.353183179,41.81119026,9.899797474,78.1098416,4.516786446,-6.83774982,2.299301044,6.883158206,2.373749479,5.668056889,3.057001896,9.228369115,6.449767277,28.03598545,6.530048543,67.88647671,6.958661698,122.0516615,6.746107972,208.412238,3.232854569,332.2030281,3.698930287,396.5940372,6.519188425,444.6904187,4.377724806,1.27293166,3.021617349,1.034382741,0,0,2.9184,1.4,10.1970129,7.182748318,-1.570720553,0.375477192,2.464,2.6783402,7.5399175,2.267049,2.501773,2.6567261,2.7837746,2.9048603,71110586738,28.623684,3.2082996,101.435486,9.495808,557.84235,41.88846,12.705787,1.641367,68.49492,5.425514,198.08992,39.491585,82.53491,9.285714286,0,0.777,-99,11.0265,0.2638,0.3347,0.0271,0.8388,0.0216,-50.5005,5.794,11.03407348
32274,150.1014706,2.376719161,0.014727794,49.47204898,1.831667522,69.80631202,2.29786312,95.37586509,4.184038361,97.98999897,2.193241281,12.44018351,0.716054715,28.70783851,1.078887476,37.61979304,1.00905181,36.02216061,4.141600315,54.694829,4.20730828,nan,nan,nan,nan,177.7170316,2.239653994,245.6786389,2.410486277,nan,nan,nan,nan,1.189901063,nan,nan,1,1,0.9744,0.7,5.652918816,4.807165146,-0.990523934,0.292086989,2.4663,2.5095289,5.337829,2.4403782,2.4928937,2.5706937,2.6508348,2.7002914,23703329134,74.19814,7.7635803,138.66313,104.0482,239.23544,138.87616,45.420055,2.889305,103.137024,5.5800476,177.36804,12.935997,346.35245,0,0,-0.495,-99,-99,-99,-99,-99,-99,-99,-99,-99,10.58045739
45554,150.1411286,2.426029684,0.014706342,nan,nan,55.52792487,2.126109632,65.17424512,5.589933485,81.63451214,2.22658331,12.1689945,1.414025989,21.57815628,1.4848983,29.98946074,1.489608922,29.51732558,2.540724038,48.15230604,2.713804271,84.39185578,2.975843227,123.6745625,2.935174684,177.318628,1.316628948,257.7182014,1.421259251,294.7604541,2.567233337,333.56632,1.634063677,1.493511861,2.938698097,0.66725465,0,0,1.5072,0.7,6.27761364,5.132851601,-1.217935681,0.237159391,2.5119,2.675331,5.8297286,1.9722735,2.2862191,2.5498056,2.6680183,2.7231185,48998556513,64.63327,4.5346985,117.534515,23.688324,345.0234,24.99022,40.58373,3.1424522,89.7425,9.816425,164.12027,33.887146,326.1142,27.66272189,1,-0.349,-99,5.9197,0.0781,0.2442,0.019,0.5329,0.0082,41.1118,0.9273,10.85662841
13169,150.1343335,2.307342574,0.014600981,nan,nan,116.6602919,4.840818505,171.6489386,9.613465476,227.3454009,4.948026101,14.01064099,2.80926481,31.08128348,2.320474036,41.18406257,2.74966285,42.51402941,7.123957823,81.09951,7.469354817,209.6490933,7.643553248,300.2392151,7.865930228,397.2367946,4.743925603,502.4767097,5.004320856,545.603397,7.004584421,586.4453386,4.369496614,1.128656421,2.481944982,0.803722902,0,0,2.632,1.4,9.738893509,6.729747772,0.834458172,0.27244981,2.5365,2.5199807,1.3160664,2.2609704,2.3375869,2.479205,2.5723712,2.6347675,64642230569,109.03114,4.0184174,318.4262,21.39206,617.04755,39.001648,56.288116,4.954397,245.70087,20.134254,408.62067,28.79126,306.00528,4.712041885,0,-0.513,-99,3.3391,0.1903,8,0.3858,0.6538,0.0123,-17.6897,1.277,10.62217381
8641,150.1213264,2.28513645,0.01500622,nan,nan,124.3281286,2.957334365,207.4825193,8.859678673,253.0161864,4.341187191,5.574615619,3.982460633,18.75451219,2.678799672,34.12543872,2.911604174,43.80570158,8.22441118,101.3453974,8.280017228,268.554884,8.114878588,399.5299594,8.295244312,617.0231433,4.92088642,907.5633952,5.619810165,1058.404432,8.083090833,1160.774705,5.324497352,1.09713773,nan,nan,1,1,10.4656,1.4,59.73097229,17.67269707,-0.666429043,5.734728501,2.562,2.59432,4.6742163,2.00005,2.1763675,2.3887253,2.58627,2.6604786,58102134261,53.175724,2.8953762,156.68732,8.477104,519.34094,37.900757,24.498999,3.4987507,108.94831,4.6990356,253.00943,14.338448,92.38776,39.8989899,1,-0.195,1.07,166.0448,2.6322,0.2,0.0176,-99,-99,42.3023,0.0703,10.9236122
8341,150.1671705,2.286382982,0.014487478,nan,nan,91.28067287,2.957250127,117.259603,7.417117058,139.8920212,2.776957198,nan,nan,60.41246057,1.600300029,77.4399558,1.775970947,82.60760268,2.808491313,97.98065299,3.078872053,144.4254571,2.601133858,186.6168845,2.513586688,202.6813041,1.514842315,208.2077912,1.466730751,236.8745357,2.381762325,239.2990888,1.46321826,1.511567546,3.116091025,0.699011172,0,0,1.4016,0.7,6.697724342,4.695703983,-1.342805386,0.238365066,2.9384,2.9172254,10.441,2.6582696,2.7342434,2.8873863,2.9966543,3.1084275,24973663112,121.44932,17.359982,179.38464,34.979225,252.14651,29.458488,92.48497,4.224251,148.72025,39.555107,187.78835,43.059647,275.30417,19.64573269,1,-1.28,-0.948,4.2084,0.0308,1.1425,0.0152,0.368,0.0027,19.706,0.241,10.55054132
45428,150.0963525,2.425358334,0.014851419,nan,nan,187.1818227,6.096712163,187.3170563,12.37009697,249.1005123,5.662441221,26.2112681,4.679582537,87.61438894,4.217577426,127.3030962,3.91709736,96.55901107,15.34640639,135.4255492,15.71087818,194.3142416,14.67540236,259.6101768,14.29031389,346.2234517,7.777519472,337.0283519,7.449859992,387.0279112,11.00659163,410.6655786,7.209447873,1.289379274,2.84895652,0.95357529,0,0,2.368,1.4,9.697365761,7.22045517,1.089292645,0.333803911,3.1212,2.725718,49.509747,2.6743507,2.6927521,2.7281187,2.8575873,3.5025644,32260105957,198.72955,6.0550995,257.6008,15.340141,459.32074,51.88588,131.23932,7.224285,239.23788,16.805756,274.2363,129.17249,290.07523,-1.552795031,0,-0.83,-99,-99,-99,8,18.4604,-99,-99,22.4486,9.9429,10.90192827
22100,150.100765,2.341441969,0.014824059,nan,nan,82.24384742,5.829602151,109.8732452,10.58078135,146.6558558,5.647571554,5.414950282,6.536930267,33.18665877,2.626813834,52.31567355,3.478471579,48.66466576,11.79487607,71.87665806,11.9158113,142.8923513,10.96558942,214.8416985,10.33720263,329.1938034,5.066282189,370.0606333,4.819727459,445.0038188,7.593940697,472.956505,5.083768413,1.476711551,3.120356474,1.245579029,0,0,3.1744,1.4,11.66335583,8.538678169,-1.511666894,0.522896339,3.1591,3.1463678,5.5417905,2.7890003,2.9697044,3.1328976,3.2736022,3.4983594,67081160574,126.874214,5.266693,206.05167,37.606514,608.0318,148.93102,78.07797,6.8495636,148.03691,7.2005157,304.55862,65.02235,237.07509,4.901960784,0,-0.463,-99,14.6339,0.163,0.4496,0.0138,0.6261,0.0066,2.855,0.9242,11.10475948
13262,150.1521656,2.307792844,0.014401091,nan,nan,121.3280238,4.998108574,156.8494998,8.305020373,229.6436969,5.021571945,13.05371031,4.324645663,43.13963123,2.401482444,68.88654527,3.161882727,71.77676735,6.788011306,109.7920066,7.219493225,221.5118504,7.336441681,520.9456106,8.94128065,672.8421547,6.135051364,766.0566805,6.378449836,988.8013327,9.579123925,1108.439467,6.021372702,1.09713773,nan,nan,1,0,2.88,1.4,8.905564308,5.792298317,1.28335619,0.215680007,3.1787,3.2193723,7.394108,3.1273706,3.187618,3.2435875,3.311557,3.3857715,1.90E+11,215.43172,7.500786,579.979,68.49211,1598.8484,324.45514,120.06664,5.1210327,474.97522,156.68195,706.4944,65.60748,440.7494,15.30864198,1,-0.469,-0.221,5.5447,0.0548,3.7462,0.0397,0.2701,0.0017,-18.0618,0.1121,11.32594129
48235,150.10597,2.436188806,0.014883923,nan,nan,108.2947219,4.989495639,141.1406784,9.054847945,156.6924702,4.711665646,22.38733413,4.16145216,46.23140564,3.088560314,75.95675049,3.229997681,47.39095188,9.309297702,70.21517309,9.305423146,125.2838378,12.65462701,210.4678026,12.80118118,327.9871399,5.565763977,341.539652,8.170915926,441.6353139,12.23479078,478.1098808,7.60157691,1.09713773,nan,nan,1,0,1.6896,1.4,6.890247822,5.789197445,-0.255155951,0.190348236,3.1904,3.0969393,24.286942,2.7220886,2.8174725,3.0809097,3.1970053,3.252888,1.03E+11,156.85197,5.440773,228.94585,44.64956,649.7313,92.84802,95.74993,3.896267,171.72826,6.9824677,280.67355,45.101936,379.13168,9.246575342,0,-0.735,-99,0.8093,0.0072,1.2035,0.0691,0.4543,0.014,-66.154,0.8242,11.09240396
27524,150.0968487,2.360804532,0.014852516,nan,nan,37.58882762,2.694926456,48.99457817,3.691501865,68.96946555,2.608885222,-1.17881735,2.810864486,7.031411703,1.667013751,16.7619021,1.501843112,22.23279441,4.859005131,38.75175904,5.079927346,nan,nan,nan,nan,217.3802377,2.685823623,259.337561,2.689624297,nan,nan,nan,nan,1.442814843,3.380445589,0.611487806,0,0,0.7888,0.7,4.675658226,4.373860836,1.402971268,0.21799337,3.2321,3.2300699,2.6067991,1.3347529,3.082104,3.2308135,3.3612642,3.5245428,29971990012,67.05279,4.0827427,188.4513,132.58485,388.93683,607.5186,38.085842,2.7594376,125.6588,128.35562,229.53625,106.59714,114.61687,0,0,-0.169,-99,-99,-99,-99,-99,-99,-99,-99,-99,10.55024515
51353,150.1429112,2.448757431,0.015030154,nan,nan,48.00265058,3.705302842,74.57566948,6.362020943,104.8720331,3.849312559,2.860577662,3.746548341,3.168918969,2.696413742,12.17953264,3.127070801,9.34829646,5.989248323,42.3610923,6.615365457,98.88320298,6.600983176,210.3547353,7.032123708,364.6507402,4.563803511,432.8224163,4.767599856,551.7920261,6.790957816,605.3599696,4.370538194,1.113534583,2.644469193,0.737133583,0,0,2.3344,1.4,8.144029617,5.962879658,1.161040783,0.278382777,3.3318,2.7426703,9.199222,1.9153026,2.6958551,2.8372023,3.1096659,3.195066,63935055442,69.52425,4.7191544,215.34265,23.922447,705.6146,71.3418,32.542473,2.4388046,128.27986,13.767929,333.757,161.60379,100.39764,-14.14634146,0,1.204,-99,7.5548,0.0475,0.3591,0.0105,0.3246,0.0022,-22.9424,0.223,11.68061528
187,150.1629828,2.234612177,0.01471739,nan,nan,10.0605275,2.950616261,21.862276,5.391100826,39.52042362,2.841363921,0.496072103,1.637931465,-0.560479179,1.357579792,2.709245609,1.602388793,nan,nan,nan,nan,nan,nan,nan,nan,170.0665456,2.809688007,267.0809017,2.96498974,340.5706718,5.053932308,368.0806169,3.172547747,1.675121983,3.155920218,0.724864086,0,0,1.2192,0.7,7.43381691,4.435364246,-0.413786411,0.270036591,nan,2.768331,1.3323984,1.490708,2.1992867,2.651854,2.9458163,3.1404173,43671299071,16.985487,2.3801775,99.178375,27.100342,396.31204,36.380875,5.561554,1.699834,60.501217,6.203697,179.71533,11.08886,53.653446,2.747252747,0,0.417,-99,-99,-99,-99,-99,-99,-99,-99,-99,10.77229673
447,150.1772218,2.239072394,0.014545168,nan,nan,49.33775094,2.598254488,52.2169804,4.771608029,79.65697881,2.562101607,7.588707424,2.032651586,27.17308925,1.465137822,39.26053853,1.802049178,35.26026547,4.949074956,50.84307934,5.17877876,80.84651853,4.618227524,121.476933,4.400416118,145.4616549,2.394907361,155.0365787,2.370633148,176.4207942,3.846367252,187.5400077,2.435138634,1.435498064,3.423928094,0.624798066,0,0,0.768,0.7,5.503965378,3.781241417,-1.218252778,0.217068922,nan,3.0647786,6.1926746,2.8033402,2.9559665,3.0703664,3.1677258,3.2656705,29249521452,66.61167,2.5958786,116.053154,35.157024,209.74913,36.06617,46.91036,2.4222908,100.54068,35.530457,132.17093,74.082245,312.75186,-0.07751938,0,-0.997,-99,4.6465,0.0572,0.7146,0.0267,0.2937,0.0039,10.4902,0.3805,10.4759608
830,150.1673355,2.243855457,0.014621252,nan,nan,145.50547,5.168984578,174.6979561,8.618514962,230.7482015,5.305946967,41.22342379,5.059835578,92.01763281,2.584967905,110.7639059,3.547511523,nan,nan,nan,nan,nan,nan,nan,nan,336.7678996,8.131349643,323.8209877,7.050907395,368.3574412,9.794327939,360.0108786,6.113668195,1.207838535,3.108522911,0.852259507,0,0,1.6128,1.4,7.44534874,6.310017109,-0.68190062,0.3447618,nan,2.875632,3.5147042,2.7091405,2.7775152,2.9022057,3.1132784,3.209267,26299549130,201.58641,7.9075775,291.80832,94.717026,398.08923,46.078705,135.98042,32.006805,221.45714,19.08471,278.78058,195.178,253.70667,3.14893617,0,-1.197,-99,-99,-99,-99,-99,-99,-99,-99,-99,10.84952606
1269,150.1785839,2.248659003,0.014535289,nan,nan,10.91348034,2.425423005,12.06215116,4.628350372,17.85808264,2.287511581,-1.761899473,1.81284161,2.264511296,1.200975005,2.012337733,1.398989102,1.053632968,4.179009756,6.87741784,3.841633433,18.36081681,3.544627853,40.59552132,3.424076616,79.59916456,2.293356159,119.369642,2.32466336,160.9248737,4.119698556,179.5228812,2.528410277,1.363361808,3.098009175,0.533119696,0,0,0.6224,0.7,4.714924812,3.925448656,-0.307295591,0.185633924,nan,2.7393026,2.8599508,1.6401913,2.116591,2.7837555,3.1575053,3.5062504,29191177883,13.18898,1.601449,40.016064,5.7855186,193.25465,19.712608,5.8593936,1.1544816,21.786886,2.4306984,76.923615,18.424168,42.068874,4.06779661,0,0.839,-99,16.1582,5.8947,8,1.2402,0.6482,0.0421,75.6604,4.3988,10.71097658
2026,150.1837429,2.255353238,0.014500366,nan,nan,25.57805704,2.851533367,40.85747525,5.233518211,48.81913123,2.597027433,-0.522535879,2.097892765,2.30801543,1.362622125,3.453902819,1.633384101,13.63618658,4.873443769,24.57137733,4.651017909,57.08585038,4.180775971,112.3089589,4.338120785,175.6420788,2.892820599,nan,nan,383.1761806,5.422152453,414.3703596,3.520958815,1.571568144,3.075010152,0.716473253,0,0,1.3088,0.7,6.661186695,5.093722343,-1.275161743,0.243933751,nan,2.6180058,7.872577,1.8812866,2.1063638,2.5394387,2.6309037,2.6830213,24663589791,33.72867,2.8031244,105.93404,6.4371796,408.45126,21.830917,14.228189,1.7141342,58.977825,2.986662,172.53984,8.904945,30.562817,-1.058201058,0,0.66,-99,9.1723,0.4321,0.907,0.0639,0.838,0.0273,68.8727,8.4749,10.39268228
2029,150.1303593,2.255390407,0.015227654,nan,nan,24.31299273,1.754784643,32.59835361,1.55872576,41.61850081,1.704128504,3.704854919,1.14543577,9.272616785,1.015286679,11.61396907,1.22589636,20.40146676,4.234580859,21.09027252,4.058124429,45.72656762,3.591741334,67.30877546,3.463940391,102.5735953,2.112031764,156.7501213,2.15974651,177.7094324,3.602993149,201.8259848,2.259992112,1.189901063,nan,nan,1,1,1.2512,0.7,7.55934763,4.662325859,0.763185441,0.265544034,nan,2.612208,4.3093905,2.203486,2.421253,2.5979362,2.711315,2.8980913,25510270598,27.950735,2.6217833,65.004036,5.274315,202.33302,16.502625,18.351843,1.7422562,46.38756,3.1449356,100.25637,5.79723,151.93344,11.42217245,1,-0.284,-0.0106,10.4859,0.8355,1.957,0.1505,0.4009,0.0181,-42.994,1.6485,10.53164465
2053,150.1201176,2.255569028,0.015414774,nan,nan,17.82777018,2.34297661,41.46555621,1.7111747,70.22696275,2.352196372,0.282835472,1.134066215,1.231222772,1.331857958,0.462150568,1.510783148,1.362173463,4.48101281,6.952262084,4.337870335,63.9505666,4.020995004,146.5946287,4.250867054,235.6401784,2.620416252,334.6057023,2.828332738,391.1735282,4.668638189,431.4598866,2.779292669,1.329286232,2.959484322,0.563632906,0,0,1.0384,0.7,4.976392746,4.555394173,-0.743469775,0.17756755,nan,2.6392276,6.8695607,2.4643853,2.5425155,2.635651,2.7258468,2.8166397,55442825198,24.60472,1.6598759,146.26334,7.99807,448.61536,17.906754,6.207294,1.2483199,90.793335,3.7948303,233.50731,11.268112,37.174862,25.42372881,1,0.684,1.44,1.7787,0.0805,2.4293,0.284,0.6815,0.0339,-86.3603,4.544,11.01413042
2240,150.1798827,2.25671905,0.014518517,nan,nan,5.288691587,2.21009424,7.490083725,5.111575952,18.93050172,2.112935223,-2.133562195,2.173562073,-1.523644251,1.204358207,-0.040793757,1.494995953,-0.484246103,3.498705468,6.716631907,3.338674369,15.13713499,2.964427677,47.44544984,2.830720556,117.7862303,1.6674596,200.4620059,1.916374573,299.3268646,3.425638903,345.8023429,2.134531929,1.580650429,3.119846538,0.704825491,0,0,1.2448,0.7,7.285078526,4.378673077,0.423445582,0.248169829,nan,2.8414042,6.302218,1.9979371,2.3033526,2.786122,3.1044536,3.4553566,92269907156,9.096912,5.083067,56.338184,4.5361156,402.34988,34.26506,2.8461714,1.423667,31.039827,3.0268936,132.72768,6.639637,120.61562,7.466063348,0,1.651,-99,8.9115,0.6971,2.9173,0.2,0.3147,0.013,-69.9338,0.9675,11.13710221
2751,150.1497573,2.259082607,0.014847814,nan,nan,10.44134035,2.053747738,12.53114887,4.312627138,35.1895591,1.975579258,1.313003205,1.505899789,1.493391957,1.049295323,1.551496843,1.193709437,-4.442613761,3.783143312,2.339247097,4.759624395,26.90472513,3.334309782,67.0065641,3.371749759,129.8646017,2.153120426,215.7886645,2.259951438,266.6898632,3.854161188,300.5957294,2.322351262,1.189901063,nan,nan,1,1,1.344,0.7,6.559375286,5.443209171,-1.085219741,0.519399791,nan,2.568944,8.139159,2.035192,2.3149107,2.5401473,2.7202551,2.8953385,44395304671,10.349208,1.7094126,64.36356,4.1712093,303.97928,13.545776,3.3791156,1.0253285,38.718674,2.2609005,123.63025,5.99934,64.84418,6.634615385,0,1.031,-99,5.3081,0.544,1.7071,0.1966,0.7332,0.0492,14.4536,7.9553,10.58205812
2850,150.1365169,2.260581314,0.015053536,nan,nan,4.870286574,1.531222468,12.00852793,4.813938841,13.45855539,2.203467291,-0.014930291,1.054777299,-0.22488489,1.400908482,2.425656976,1.520360362,-4.84989533,4.439596189,-0.432678309,4.301513539,10.9098154,3.696061663,35.44151767,3.657888335,106.7533513,2.05034229,196.9075702,2.311278078,294.8689305,4.259522436,346.5665446,2.691946399,1.347797609,3.132877182,0.55788526,0,0,0.7904,0.7,5.001796246,3.962388515,-0.755648553,0.188903075,nan,3.4945238,5.1674867,2.028295,2.3523438,2.9825068,3.5490842,4.2848177,1.18E+11,16.44129,1.8190241,70.27543,7.5693607,523.2334,181.7216,5.917314,1.1125786,34.360725,5.3978233,174.08089,9.797653,146.19757,0.464767616,0,0.428,-99,3.0576,0.1637,1.23,0.1419,0.6267,0.0349,53.0594,4.1706,11.23710365
2920,150.1199313,2.261022714,0.015345784,nan,nan,42.21278433,2.470792537,64.85612188,1.938623753,98.77672729,2.406022413,0.545279584,1.049216329,3.302805876,1.211882621,12.47956326,1.688190492,15.55898817,4.619271338,30.77767478,4.44981572,92.4157501,4.01944662,168.5609081,4.152234557,311.5142152,2.871281463,452.2984687,3.312470248,563.2607024,5.516473349,617.7510991,3.385580954,1.350480452,2.809263974,0.585970883,0,0,1.2752,0.7,5.2277174,5.201575279,0.731562018,0.191505075,nan,2.7000842,7.124172,1.3136061,2.1147404,2.441036,2.7278163,2.8377504,95557985084,57.815773,3.2353249,178.14447,22.388817,659.05896,85.51581,26.337984,2.221922,125.34041,13.216522,292.3657,167.89618,78.14844,4.970760234,0,0.909,-99,1.6496,0.0233,3.1147,0.103,0.9014,0.0117,-44.3928,4.5514,11.26101127
3162,150.1510368,2.262345458,0.014805872,nan,nan,16.90562412,4.205791995,23.91739186,8.179865732,39.26950043,3.976033945,4.846554834,3.867890127,0.163220098,2.206237623,-1.982650073,3.074348508,-7.616059617,7.873453795,8.906712246,7.939395091,35.10059338,7.320550099,83.81867391,6.999528154,169.1975809,3.789371649,331.5357831,4.552523937,464.8543166,7.329606456,546.1675856,4.796140545,1.09713773,nan,nan,1,1,2.9856,1.4,16.30486679,5.874658585,-0.088604741,1.322520029,nan,2.6217334,6.834136,2.0949435,2.2916787,2.6016152,2.9184642,3.2690587,88483978862,8.22752,1.6964865,38.831005,2.5371494,397.3147,24.626465,2.37733,1.1132512,19.408201,2.529786,95.66389,5.0074844,138.14621,17.20430108,1,2.365,2.54,71.1692,13.5882,2.1165,0.2587,0.3342,0.0185,88.2056,1.7526,11.48043552
3193,150.1247331,2.262793467,0.015236995,nan,nan,2.082952652,1.408810757,3.691194973,1.121379326,1.700689709,1.337569918,-0.050301001,0.475257999,0.627694457,0.481594001,0.952335972,0.563345771,0.800558943,1.17362101,2.88597446,1.130153443,0.307984829,0.924143161,2.979963329,0.826471838,5.728467262,0.474979725,20.59653361,0.452161902,27.72448199,0.871293482,52.50735674,0.612539535,1.876752761,3.378523514,0.330292036,0,0,0.1696,0.32,2.596861362,2.300242186,-0.361850053,0.126428587,nan,3.4931996,24.523308,3.0742817,3.3110206,3.4857733,4.475024,5.70765,26468117270,1.578072,0.88920164,3.8799663,0.78835857,78.13438,4.2441444,1.1807467,0.65983886,2.5175998,1.7306011,14.499762,0.8470373,26.520304,14.76510067,1,2.629,2.81,2.616,0.2753,0.2,0.3152,0.2193,0.06,89.7793,6.0121,11.12566509
3578,150.1613764,2.264946622,0.014656552,nan,nan,135.7847651,2.939601525,180.170456,5.663781568,197.4494232,2.852378032,33.32226037,1.97788668,84.39596137,1.230619868,114.8305048,1.560664914,120.924066,3.33941182,136.5167492,3.37860534,203.144913,3.067659562,266.6084072,3.147213205,301.7265583,2.079808048,298.5902912,1.992497625,358.1998171,3.306138801,348.7291981,1.971756062,1.35226746,2.800663136,0.552863296,0,0,1.1152,0.7,5.141458511,4.737044334,1.323137641,0.190035923,nan,2.913183,15.38214,2.6939032,2.734025,2.8897817,3.0431557,3.1762319,36366545732,186.94058,5.151184,254.53354,43.804436,361.94974,37.30803,132.33687,5.582142,201.94165,87.41371,261.32492,54.081085,288.96106,9.111880046,0,-1.046,-99,2.6263,0.0174,1.4548,0.0271,0.6088,0.0053,-59.6644,0.5732,10.89376878
3587,150.1041655,2.264913571,0.015573857,nan,nan,57.87047447,2.93965006,76.07101451,7.650880011,89.97657117,2.951921369,12.95571305,1.316887051,24.49503277,1.802586324,31.22239136,1.757866145,31.73034886,5.544874855,42.61301518,5.615734038,98.83111939,5.053548138,150.6685356,4.928826518,225.9029345,2.971912995,331.6949343,3.200556827,386.1116153,5.291766416,424.5696146,3.35320708,1.636694612,3.024719467,0.68606628,0,0,1.2384,0.7,6.219255447,5.170155048,-0.843761802,0.276762281,nan,2.6020808,2.9893758,2.392907,2.5241816,2.6230626,2.7090273,2.8134024,50189843356,66.44139,4.6788254,145.01848,10.612213,429.31546,40.72174,38.749317,4.7081337,99.57943,5.904503,220.9109,36.221992,297.80963,12.8,1,-0.415,-0.381,3.4981,0.3197,0.843,0.2232,0.6399,0.0561,68.5014,8.0033,10.9192268
4474,150.122463,2.269780517,0.015185384,nan,nan,161.3428166,3.204559015,202.7539706,10.43072119,234.1280784,4.790767854,60.84666012,2.467941318,131.9591317,2.526966386,151.5199274,3.217735983,163.4858415,13.0457959,165.3034797,12.81833214,235.2237862,12.09487059,297.6476379,11.63637212,313.9995441,5.865997824,304.9239539,5.546166381,340.0045386,8.697270035,336.129418,5.298360952,1.09713773,nan,nan,1,1,2.4592,1.4,9.618617058,8.106233597,0.647229612,2.13667476,nan,2.9302588,8.383582,2.6982021,2.8453248,2.9457147,3.059632,3.167696,22588269472,112.48584,13.513969,146.48897,27.930733,190.49458,24.19017,86.581024,3.936184,119.203354,65.85028,149.45573,67.758255,281.05194,1.091703057,0,-1.616,-99,12.9116,0.2614,1.6067,0.0311,0.5343,0.0063,-69.4053,0.6867,10.23138959
4553,150.14118,2.269973472,0.01486858,nan,nan,81.6656412,3.056514179,122.293936,8.916247623,154.6199523,4.819648043,3.772492882,2.880334834,24.06638586,2.887607322,40.52826502,3.76729348,35.36790988,8.862775675,71.23815232,9.165961768,140.4529936,9.167369897,224.4477767,9.438820794,331.3355378,5.645774532,373.6850197,5.745156619,439.9598338,8.443949735,463.2135784,5.4423347,1.09713773,nan,nan,1,0,1.6592,1.4,6.660849571,5.232161522,-1.365024686,0.228564515,nan,2.8079078,4.7061763,2.7147055,2.7620182,2.8205428,2.8949604,2.9730344,54901707321,126.11191,11.573597,234.8801,37.75122,525.27625,57.855545,75.72082,3.5316734,165.6912,31.367195,293.7025,86.53277,316.26016,4.105571848,0,-0.248,-99,4.1577,0.0296,1.0531,0.0131,0.5993,0.0037,21.2112,0.4628,11.06848901
4686,150.1588023,2.270731176,0.014646569,nan,nan,39.97873126,4.447806088,44.49946205,8.558422357,53.64435809,4.247434943,1.605216896,3.9454477,4.846998787,2.047259246,7.738891421,2.507505901,15.85054724,6.738500256,33.25971476,6.931938362,58.30260995,6.426266522,128.5987826,6.485815811,207.9707952,3.838613952,338.1571099,4.449137816,425.1979621,6.902038144,482.6702209,4.686575248,1.102587316,2.870773766,0.720040462,0,0,1.8512,1.4,7.211268902,5.452355862,-1.007317424,0.236011449,nan,2.713343,6.038724,1.7833794,1.954202,2.591158,2.9105601,3.1321118,86495898890,34.82494,2.1134415,112.22188,13.743202,566.0007,49.058624,16.082008,1.4337707,58.65424,2.7511902,201.10283,45.66671,97.18285,7.840909091,0,0.53,-99,7.0003,0.1132,1.6744,0.0299,0.5158,0.0054,32.9065,0.5552,11.0163607
4895,150.1652957,2.271733987,0.014577659,nan,nan,11.43931495,2.267927032,10.81168644,5.033601618,21.7735309,2.20540193,-0.92359636,2.111601911,0.112015393,1.382282369,2.041361228,1.451099254,1.384017378,5.16575085,2.899205213,5.028877457,22.5206954,4.362935635,64.69907441,4.039415398,157.1609144,2.15852527,252.0710705,2.161729671,336.1197986,3.975032103,370.5259843,2.409677262,1.557019327,3.085402798,0.790911479,0,0,1.2544,0.7,9.622337341,4.268069267,-1.25933075,0.249349616,nan,3.1447425,3.3662746,1.6021163,1.8398536,2.9443214,3.5833976,4.1353173,58985378358,19.392931,1.7823296,83.63968,42.736465,454.6877,89.36549,7.749829,1.6696424,52.136036,14.192617,190.02153,38.887543,126.27368,0,0,1.061,-99,1.1632,0.1138,8,1.4097,0.8647,0.0485,-4.461,13.7896,11.23082451
5008,150.1458651,2.272354049,0.014777175,nan,nan,36.4698865,3.649630815,63.5284599,9.342339733,68.606791,5.340774298,11.98167485,3.536275639,23.07497039,3.722952496,26.31367231,4.273289586,31.37311965,10.18471536,39.61399975,9.94823425,86.93770875,9.453560536,109.4965944,9.045305491,137.8486582,4.570674609,151.8522125,4.368736237,166.3189885,6.929631493,183.4461097,4.64447967,1.397079733,3.86814372,1.113279532,0,0,1.544,1.4,11.36856651,4.553837776,-0.702009082,0.48355629,nan,2.7371876,4.305688,2.530216,2.6997063,2.8368301,3.020135,3.163015,22736114132,51.088005,5.115345,99.85342,12.155392,208.0358,20.925903,32.746418,7.4271193,73.47884,9.189373,134.80147,381.08987,131.22049,3.988764045,0,-1.047,-99,15.8864,0.3086,0.8062,0.0283,0.251,0.0037,45.0276,0.3727,10.37185089
5324,150.0934094,2.273695643,0.015651649,nan,nan,120.757131,2.751766495,149.294463,2.897665366,172.3952367,2.765914814,47.51768457,2.239918529,83.69719229,1.398813834,95.4991154,1.43613734,97.96620984,5.290551337,119.7226872,5.488238657,194.9360332,5.058013229,232.2929819,4.857281559,231.2452685,2.801364599,252.4235849,2.691982722,275.2023349,4.228514101,281.5248099,2.646710509,1.409719728,3.109181625,0.619706177,0,0,0.9792,0.7,5.876022816,4.225479603,-1.067800403,0.207020313,nan,2.6733787,7.037103,2.5615766,2.6242387,2.6808002,2.7281346,2.8265054,20468493020,139.42003,5.320259,214.80074,25.101944,279.13297,37.0223,109.14056,5.3961945,184.20715,13.519531,204.7186,112.933495,312.1337,7.301587302,0,-1.379,-99,2.6391,0.1012,1.403,0.1466,0.6098,0.0263,47.6306,2.9701,10.6503815
5612,150.1129239,2.274522589,0.015294075,nan,nan,6.918512881,1.382281645,7.367998149,4.410760438,11.49159285,1.960209247,-0.55488544,0.742555369,-0.99711359,1.333601288,1.0130997,1.433260757,-0.381653263,3.770875174,1.877278951,3.668088632,19.41709179,3.138397897,32.03108551,2.982394438,59.9765197,1.655752567,107.2091542,1.702925484,141.3598029,3.018791459,166.8673159,1.93625259,1.189901063,nan,nan,1,1,0.9808,0.7,9.644909859,5.264985561,-1.199889779,0.66906569,nan,2.6458738,9.219745,1.7167463,2.0572824,2.507114,2.9214087,3.3466465,31766720645,8.085279,1.4326556,31.140623,3.7536345,175.14943,9.383652,2.7675407,1.0659645,16.363375,2.7825627,58.837925,3.5270824,53.169292,11.01851852,1,1.523,1.85,9.9315,1.1689,1.0442,0.1629,0.6167,0.0496,8.9809,7.0586,10.39073794
5613,150.1129663,2.27468567,0.015291208,nan,nan,0.944326023,1.400660044,13.11235965,4.297375523,12.61638906,1.98080881,0.776906993,0.754799923,-0.292260663,1.264602341,0.10418138,1.275226364,-6.214914317,3.665952256,2.89349914,3.625901349,16.00081118,3.153705777,23.25252747,2.957099914,46.80746697,1.56708994,82.27231092,1.608624853,111.3036603,2.918520249,120.2189234,1.808815278,1.189901063,nan,nan,1,1,0.5968,0.7,7.078742027,3.994553089,-1.249375224,0.812831113,nan,2.5069358,14.114221,1.9771626,2.251249,2.5032508,2.7193725,2.9338102,21547324307,3.247023,0.42477167,22.49601,2.240757,120.75336,5.2474594,0.6335541,0.31942916,13.643985,1.478157,42.730267,2.839323,48.796387,4.366197183,0,0.415,-99,8.9347,0.6261,0.2,0.083,0.544,0.045,44.2959,5.1776,10.31645807
6349,150.1412879,2.278188715,0.014752036,nan,nan,68.88100544,3.136809162,83.2409492,7.966594233,122.0859558,4.572379368,nan,nan,12.02853657,2.500816035,11.21205567,3.370345104,26.82520239,8.813813006,53.06560002,8.993298679,137.3775146,8.802192556,260.4665949,9.265363257,415.6675277,5.896374786,712.6604914,7.247060834,954.3285444,11.14900509,1050.12659,7.162937306,1.13582807,2.33904715,0.793559554,0,0,3.4304,1.4,9.996137619,7.196625233,1.148366213,0.25292098,nan,2.6443129,9.234791,1.9802035,2.215615,2.6002371,2.6633747,2.7153559,2.06E+11,64.088905,5.171049,221.79576,16.203102,1221.6053,92.21838,29.293692,2.068368,116.85562,4.787998,407.35947,24.772476,132.4403,11.80371353,1,0.991,1.04,15.7445,0.7181,2.2875,0.0818,0.5234,0.0109,-12.4856,1.0906,11.33600179
8351,150.1278164,2.286558255,0.014870333,nan,nan,54.52489233,2.141399115,67.91967901,6.307887183,81.83240459,3.111341895,nan,nan,26.58409025,1.84364667,41.87166909,1.952719812,41.81687578,4.276564049,58.91377856,4.147860435,85.27067304,3.675295312,130.5911004,3.562965932,172.3387828,2.058149557,190.8898913,2.013956428,220.3580613,3.454149523,232.977712,2.110788438,1.809890791,3.205825394,0.780733171,0,0,1.352,0.7,7.768894196,4.771405697,-0.095459908,0.297978126,nan,3.1276426,5.3000073,2.7811654,2.9520013,3.0800908,3.1824293,3.3026958,23989460917,80.984795,3.2732353,129.4892,102.91693,258.64407,141.94923,55.126564,2.5739155,93.04062,4.3605614,165.49208,52.211693,289.46567,4.08,0,-1.198,-99,7.9689,0.0729,0.4034,0.0137,0.4545,0.0043,-86.2847,0.4679,10.20868145
8497,150.1869531,2.286936945,0.014508576,nan,nan,70.67155852,4.723173844,nan,nan,158.2854233,4.744376132,nan,nan,12.72991156,2.9963835,31.13395921,3.430141042,48.20740026,11.46572302,75.5283833,12.18748417,166.2099177,12.20351521,259.4337649,12.76574351,332.1754752,8.074354945,391.8699,8.228711205,454.1584899,11.63770704,472.8036183,7.450615104,1.140479043,2.776948384,0.805419665,0,0,2,1.4,7.616139412,6.903255939,-0.038962658,0.237429834,nan,2.7234666,9.715115,1.3123764,2.2217014,2.749428,2.859461,2.9371865,34969096776,87.7023,3.5706406,244.59998,47.143753,522.3928,60.27571,49.77766,3.3528748,176.24344,12.072411,317.747,222.88016,120.153915,8.934707904,0,-0.142,-99,3.7218,0.2381,8,0.4019,0.6656,0.0134,-61.4045,1.3617,11.10023332
8884,150.1896747,2.288584763,0.014526782,nan,nan,17.46839129,2.125815621,nan,nan,33.3531633,1.989587034,nan,nan,3.52732309,1.373782138,7.84032658,1.370489534,5.785546157,3.462912653,15.02735646,3.624100581,28.59584005,3.239442937,53.61900934,3.064466982,104.8581828,2.025696004,134.8407621,2.047507909,171.7535578,3.366897176,188.9142896,2.195743355,1.189901063,nan,nan,1,1,1.7648,0.7,8.369129181,6.583672047,0.107090548,0.412092498,nan,2.8042521,4.419236,1.3474339,1.6303368,2.4540093,2.9751985,3.313706,24898313150,24.79787,1.7218151,55.754917,13.602526,205.39922,24.46627,13.438318,1.4847369,39.531147,6.2574463,86.59658,22.268667,61.027676,5.555555556,0,0.403,-99,11.1347,0.1473,0.2,0.0133,0.6457,0.0101,-89.7533,1.3766,10.80609419
9039,150.1815899,2.289505156,0.014506447,nan,nan,15.18274945,2.337319179,12.16782972,4.837875452,23.41691066,2.214799245,nan,nan,1.32195428,1.044354924,2.538948084,1.24970491,1.799918357,2.872435419,4.763955184,2.91363061,22.55553222,2.548639359,53.07629211,2.515099967,100.0778818,1.574878357,165.4633172,1.768285876,205.1352345,2.840874073,241.0490857,1.920219134,1.349039494,2.98999583,0.548629888,0,0,0.864,0.7,4.941820621,4.258050442,1.023205638,0.182863515,nan,2.7079754,5.682937,1.6600958,1.8406241,2.4166532,2.8471885,3.1369185,38998147097,15.848454,1.4372101,54.540146,7.261017,258.68658,16.1083,6.611305,1.0913079,29.266459,4.733445,99.96082,54.083122,58.03103,4.140625,0,0.675,-99,3.3646,0.0665,0.6706,0.034,0.8505,0.0144,11.5465,4.6805,10.95212758
9106,150.1747665,2.289643177,0.01449389,nan,nan,36.08232305,3.860719133,71.38851068,9.149052569,114.1402467,4.090408594,nan,nan,5.21886177,2.125128743,12.31279083,2.52328682,5.030474487,7.345820225,23.27297179,7.558513038,101.9215456,7.445187416,185.0666677,7.798287332,298.75696,5.038116054,393.1450004,5.320377617,489.8233633,8.059898619,525.2629462,5.152031077,1.18202892,2.799900262,0.907499086,0,0,2.9184,1.4,9.177233696,7.154437542,-1.527601242,0.26929681,nan,2.727204,2.7838125,2.5247838,2.622116,2.7173343,2.800366,2.8791099,94091853166,48.757103,5.453747,190.87569,10.745575,608.06244,68.99072,20.309578,2.7824526,139.678,16.12513,306.91528,56.712387,87.53084,13.97058824,1,0.367,0.724,3.8898,0.0748,2.8275,0.0597,0.8592,0.0092,66.2856,2.3916,10.98777462
10646,150.1941047,2.296557788,0.014589288,nan,nan,17.51645385,2.668822011,28.74062225,5.392279629,41.13517821,2.523731501,nan,nan,7.998302669,1.62464413,10.17973296,1.693887456,10.89603879,3.203888581,18.33541455,3.376412863,36.48413595,2.972240341,63.50603046,2.853536098,97.16577905,1.718796275,120.8235899,1.733202915,154.1824776,2.787362587,175.7614836,1.823807193,1.518373076,3.147076677,0.607051561,0,0,0.84,0.7,6.386229038,3.641430616,1.132207274,0.236365794,nan,2.7756605,1.211871,1.9100131,2.5103898,2.7662578,2.903696,3.065913,31940536069,24.98752,2.3107939,64.793106,25.037645,191.57634,17.565437,15.297088,1.4567575,50.285225,7.068098,82.63252,55.832596,63.004765,11.09090909,1,0.567,0.37,6.4808,0.1775,1.4229,0.0545,0.2717,0.006,-25.0009,0.522,10.54358409
10775,150.1988888,2.297213182,0.014620043,nan,nan,10.58598831,3.647805898,4.578924948,7.464501363,13.21913539,3.531542226,nan,nan,10.91485592,1.90428842,12.07036923,1.835734875,11.72432809,2.77941383,10.07057135,2.872894268,18.70631111,2.478160285,25.31251216,2.188473768,18.39031687,2.093893748,18.1722263,1.795789736,18.32285209,3.283584347,22.97051832,2.275975478,5.028858297,5.923459225,0.559642071,0,0,0.0896,0.32,3.201059341,1.742834687,1.221169233,0.267956351,nan,2.9130483,5.292476,1.7175086,2.5103433,2.9167738,3.3363042,3.7757869,60982872665,7.932678,1.1900084,19.84064,6.6215696,234.3376,771.7658,6.4972773,1.0852358,11.883389,2.7601933,58.75951,57.89406,29.49862,2.790055249,0,-1.642,-99,6.9187,0.3519,0.5328,0.0825,0.4135,0.0192,-58.029,2.1877,9.813058567
11150,150.152883,2.298752646,0.014462352,nan,nan,52.68317093,4.613146645,95.14603292,8.218845904,158.2571042,5.129022286,1.179812831,4.208254812,8.103781446,2.434315247,11.61305953,2.961099907,24.17680017,6.100482149,37.03750808,5.98465393,142.7112275,6.203511109,277.0638071,6.786468612,452.6225987,4.491234528,619.0366426,4.999423103,721.6138251,7.41741788,779.4523308,4.425897892,1.142323981,2.448531856,0.848971479,0,0,3.8784,1.4,8.797833443,8.54041481,-0.135039747,0.243188554,nan,2.6626694,6.1551495,2.490326,2.5662415,2.646876,2.7129786,2.7714655,1.02E+11,63.052425,3.227459,288.09036,16.36673,876.60406,77.23651,26.412083,1.9838562,189.72797,9.906342,469.5941,37.345367,83.46668,10.57692308,1,0.086,0.325,4.9182,0.2245,5.9185,0.2275,0.3648,0.0073,25.4546,0.4759,11.11257176
11542,150.1265905,2.30036033,0.014754761,nan,nan,150.3986461,3.363289043,206.9997912,8.369548654,258.8280668,5.260490048,30.80287397,2.905961713,76.82551377,2.717385512,100.8403163,2.909043712,105.1396371,10.88576837,168.0196776,11.43614914,266.9813056,11.52919545,347.1412797,11.65572182,433.0776827,8.331878739,484.6484686,8.114719923,nan,nan,555.4628246,7.238612369,1.117783489,2.849719332,0.766801269,0,0,1.7152,1.4,7.356727123,6.151157379,1.084974527,0.290912471,nan,2.7861936,10.480547,2.6919446,2.7336822,2.790191,2.85347,2.9570043,58063667676,206.03061,8.445816,352.96634,54.576553,616.2267,65.05563,154.58226,6.4610367,285.48337,27.72763,393.8327,314.78397,368.07758,4.934210526,0,-0.929,-99,6.7074,0.0543,0.8915,0.0129,0.5986,0.0038,-40.4938,0.5175,10.8553094
11648,150.1477534,2.300747917,0.014470271,nan,nan,39.35295953,4.902720201,60.34196174,8.526355915,112.096025,4.792318274,0.161170278,4.814995995,10.66469891,2.831332047,10.38853645,3.22289756,9.71646481,7.254070032,36.45275586,7.16557475,93.97366506,6.986097433,167.5792932,6.946402504,274.6631444,4.368627051,400.653331,4.879693085,467.4968305,7.268651605,523.8537663,4.844043466,1.274626312,2.761929254,0.991219509,0,0,3.2928,1.4,10.16513157,7.919205189,0.365860432,0.340668425,nan,2.6531954,3.178791,2.193302,2.3642297,2.623873,2.7842054,2.910013,85964375940,29.937574,2.7637358,142.92079,8.684578,612.63947,47.35489,12.947179,1.7567177,90.93175,5.0983963,264.21902,20.504402,57.27228,5.283757339,0,0.298,-99,14.5239,0.5655,1.2493,0.0481,0.6787,0.0165,-77.6084,2.5633,10.85793756
13168,150.1343995,2.307257306,0.014600754,nan,nan,13.70395518,1.180215041,18.51650267,2.564139754,26.21507265,1.176867654,0.789373415,0.43484505,3.308572794,0.418016568,4.554943323,0.472533954,6.271361738,0.785165969,11.17922426,0.771488288,24.96918338,0.691057798,35.7547931,0.632679438,51.2567885,0.438372696,72.36503731,0.452003354,80.07929863,0.763185473,88.43397636,0.520212698,1.546922766,nan,nan,1,1,0.0384,0.32,1.693074822,1.259946346,0.776670694,0.313986998,nan,2.5752969,2.2839522,2.280801,2.3771021,2.5149968,2.6051507,2.66269,30606822419,61.018066,4.497095,154.84274,9.009041,310.40793,17.653336,30.952984,2.755168,121.8914,12.280045,203.66092,12.935196,216.42291,18.15068493,1,-0.561,0.0873,1.5977,0.0525,0.2,0.1133,0.7657,0.0411,-12.238,6.3437,9.857317337
13206,150.1661078,2.307462379,0.014438261,nan,nan,67.88450146,3.950573416,96.20886708,8.498755857,155.0729068,4.334122923,8.800000001,3.918258521,19.39806036,2.463528362,31.17042559,2.677222476,27.16760626,6.086698862,61.20272426,6.642250539,148.3515123,6.656333596,281.1492117,7.25692359,424.5943853,5.027970589,559.021549,5.55273763,717.1010331,8.363779334,775.5034814,5.408270236,1.09713773,nan,nan,1,0,1.9792,1.4,6.266639709,5.723787785,1.227612376,0.202948854,nan,2.8719704,6.658086,2.708038,2.7700481,2.852233,2.9248867,2.9873137,1.54E+11,101.7468,5.757538,312.45206,17.998978,932.7612,112.223785,57.870956,2.9068909,231.27824,24.798683,460.41818,92.757126,315.97693,7.594936709,0,0.088,-99,3.0131,0.0431,3.6476,0.0651,0.8489,0.007,45.0215,1.6125,11.10492682
15849,150.1399986,2.318042412,0.014458111,nan,nan,12.23700334,2.716372138,15.3892264,5.002319364,37.38005899,2.33312715,-1.677611469,1.228403147,-0.303868295,0.950942302,1.137082852,1.115152903,3.553413897,2.419475403,6.925554505,2.445395309,36.91940011,2.16735404,95.83401416,2.200575196,169.4861204,1.464125493,230.365132,1.518867542,293.1108423,2.526329183,314.8826883,1.553003701,1.343902674,2.816207306,0.552941097,0,0,1.1344,0.7,4.982238293,4.835974693,0.289547056,0.185229066,nan,2.8924656,6.7619233,2.635463,2.797753,2.9126594,3.023704,3.1264315,48597136879,20.485184,1.5583067,110.49688,6.35194,356.50824,19.129929,6.3437514,1.1544025,70.24833,2.5894127,186.29274,8.337082,59.20776,50.82212257,1,0.776,1.42,3.2604,0.0913,3.7106,0.118,0.7262,0.0115,-65.1751,1.5298,10.5295874
16050,150.1811526,2.318789487,0.014487551,nan,nan,62.82628212,5.538447513,83.77969037,10.54544588,100.0054689,5.224890637,5.986533467,4.876005651,27.1384843,2.6840797,35.45339023,3.468289946,35.84719365,7.939569231,51.72043895,8.08065766,99.51029406,7.645162803,125.410456,7.309727945,186.6986342,3.975434346,204.63128,3.849630095,238.6753832,5.862613336,259.1744493,3.943775385,1.404978638,2.924331278,1.009474271,0,0,2.2256,1.4,14.92954063,4.988511086,0.724891305,0.462150625,nan,2.7557364,5.05575,2.6655405,2.7240107,2.8099236,2.9366004,3.0692909,38837459329,76.02105,7.408455,119.840164,7.567623,296.5977,24.753082,46.302055,4.7968674,95.880905,14.906918,148.7977,32.779793,206.594,6.363636364,0,-0.512,-99,13.9233,0.1814,0.6589,0.0191,0.3003,0.0031,-45.6273,0.3337,10.69069437
16285,150.1824946,2.319704756,0.014496825,nan,nan,34.18729251,2.077254886,38.80727719,4.246076501,51.97654484,1.995042387,5.887316728,1.436911015,15.63794366,1.069427175,23.26015327,1.116348365,24.87939919,2.995930891,29.67954207,2.960976949,53.05237629,2.661773413,73.8861364,2.562773403,97.47581016,1.38715576,111.8005035,1.374355845,135.0841574,2.266313156,147.1408795,1.486743749,1.189901063,nan,nan,1,1,1.288,0.7,7.623074055,5.428424835,0.172415495,0.362881136,nan,2.9223065,5.0864096,2.708001,2.7705853,2.9263778,3.0860808,3.1856246,24679624412,42.46259,2.3543262,73.41734,12.683462,166.68094,21.062828,30.042807,3.668023,60.765926,7.144085,84.420975,30.812925,286.28983,9.672830725,0,-1.154,-99,9.1854,0.0967,0.3014,0.015,0.4026,0.0047,-72.829,0.4808,9.956582002
16605,150.1531494,2.320784662,0.0143304,nan,nan,28.86755286,3.71486746,61.90512317,8.483030522,87.11497984,4.274529979,-4.04576007,5.23455956,7.631151407,3.029602701,17.96286275,3.356215191,4.550599182,5.27989942,12.5938893,5.324206195,71.60595645,5.08793223,133.7633322,5.008926831,230.2885332,2.735848442,334.4061519,3.119358804,398.2005645,4.563773451,442.2051098,2.999012142,1.141376982,2.734389876,0.816180407,0,0,2.4416,1.4,7.826898575,7.11445713,0.043004539,0.317563144,nan,2.5292075,2.3843853,2.1730928,2.4079945,2.5615838,2.7073848,2.8266728,71204500864,30.802374,1.9514074,120.20704,9.326366,495.31042,29.555298,15.251523,1.6527538,79.80996,3.8115768,212.29988,12.25663,80.1864,7.009345794,0,0.524,-99,8.4276,0.1199,0.3776,0.021,0.4316,0.0064,-83.3065,0.6886,10.96070874
16614,150.0986416,2.320809552,0.015036406,nan,nan,47.99119085,1.714531763,61.94781909,3.40321766,71.04472052,1.68354281,8.792255874,0.842364571,19.04691352,0.698445436,29.59401678,0.86266598,31.01134604,2.569986332,42.22788601,2.563158843,77.02960234,2.276887206,89.32874313,2.090348798,97.03618243,1.202215247,125.0259292,1.194724524,138.8055573,2.16449389,150.9704182,1.348113143,1.351802583,nan,nan,1,1,0.4848,0.48,4.136044025,3.854992628,-1.225325823,0.388941322,nan,2.603731,14.392761,2.165627,2.3166313,2.5563958,2.6240442,2.662021,36382452752,59.21899,3.7943497,101.42996,7.176235,266.57248,21.795212,37.78107,3.569212,84.84722,4.7329063,125.33444,6.9566917,329.94397,18.09145129,1,-0.445,-99,1.7158,0.04,1.9967,0.1321,0.7057,0.0191,76.8141,2.8079,10.28034355
16615,150.0985378,2.320863725,0.015037938,nan,nan,17.27804433,3.095515692,36.88831626,6.505694612,32.99219349,2.98065363,-0.244353785,1.812263906,5.719272408,1.433151747,8.93095937,1.852247119,1.345743704,6.076850793,4.212035801,5.895575142,23.47223047,4.933131095,55.72719516,4.724485099,143.6682762,2.877138128,336.4057084,3.475325301,499.1288489,6.131893168,603.9864521,4.021647177,1.782574926,3.006942152,0.704606885,0,0,1.1248,0.7,8.351882935,4.109029293,-0.730429947,0.365582552,nan,2.6397283,16.638302,2.4015002,2.5597951,2.8841956,3.2090826,3.472513,1.50E+11,20.399057,3.2432337,57.379776,4.74444,636.9783,24.81894,9.787384,2.0918646,36.160934,3.9028568,139.65106,7.4972076,147.59662,12.16931217,1,2.279,-99,12.4348,1.0641,0.2,0.1375,0.1595,0.0198,60.2511,1.6346,10.59546146
17095,150.0971916,2.322606612,0.015048873,nan,nan,18.65755725,2.822519633,28.29652646,3.920686308,50.97905148,2.760182764,0.710409461,1.629707919,2.467642552,1.20689583,7.676923343,1.677403897,12.56515417,5.549762285,14.26740574,5.275371837,49.89053481,4.745219616,103.7331411,4.761537021,164.4658862,2.659919651,221.4764346,2.766372728,282.7217911,4.668821358,305.3513731,2.970391822,1.588829734,3.221500017,0.743165183,0,0,1.2816,0.7,7.259878159,4.581472874,-0.802883625,0.253996993,nan,2.962335,2.712448,2.582691,2.7963672,2.934249,3.0434644,3.1448178,66743891369,32.239986,2.4481678,117.801186,8.309666,352.30963,49.89267,14.291121,1.9610143,88.49003,4.577919,181.24991,25.464912,35.61393,7.456647399,0,0.836,-99,6.8852,0.2153,1.7956,0.0688,0.3085,0.0067,36.526,0.5666,10.93840737
17142,150.1341908,2.322734066,0.014468343,nan,nan,13.47671049,2.540082828,22.49168398,5.149625033,31.03474943,2.357197265,-0.35010702,1.304428335,3.176652832,0.932518748,5.94964231,1.257934641,5.06162645,3.24701483,7.699365355,3.23000013,29.51797285,2.815297031,90.8608664,2.787237122,122.1321039,1.274195688,150.5389275,1.270232202,171.803373,2.149560215,182.6855856,1.3443318,1.388868985,3.012222064,0.586871448,0,0,1.0448,0.7,5.339876175,4.44284153,-1.303997517,0.189475026,nan,3.2277722,3.4190207,2.9906974,3.0998197,3.2224212,3.3409882,3.460328,28358668096,30.590668,1.9010296,108.71725,5.8766403,209.02625,34.31476,12.378917,1.476501,81.732414,14.955791,138.35916,9.760361,50.25407,-55.44117647,0,0.283,-99,2.0037,0.074,4.9896,0.2554,0.8056,0.0174,28.1527,3.1414,11.01355707
17583,150.1232488,2.324102935,0.014560416,nan,nan,151.7172068,5.078090627,199.6330623,10.11452773,247.2158092,5.333460096,29.19323375,3.258789552,76.48129617,2.536459273,93.32567754,3.614246253,84.69584157,7.580096248,125.0278747,7.841867631,251.8875436,8.114905207,293.9289073,8.241026133,329.5951617,4.84484654,385.1490906,4.803733327,399.8850376,6.948909732,430.3095577,4.416954898,1.159631625,2.838752897,0.733703402,0,0,1.8528,1.4,7.617300987,5.481062889,0.09142179,0.32807068,nan,2.6432316,13.06216,2.4993184,2.5807993,2.6292117,2.6632998,2.7055647,22105878598,182.0097,6.5355988,309.96664,16.532013,470.51273,44.429886,127.42343,11.37656,276.0844,14.403305,344.30603,24.746826,364.877,4.453441296,0,-0.817,-99,5.4012,0.038,1.0215,0.0138,0.3047,0.0019,89.8132,0.1909,10.76529374
18006,150.1052115,2.325822429,0.014863674,nan,nan,32.89819441,2.991774243,50.99991694,5.467083548,71.4451993,2.928737185,-2.177521382,1.75359864,6.553543167,1.296205604,8.786719255,1.828098126,11.62601782,5.737063942,25.14421597,5.79031969,72.05128729,5.045010645,127.3639701,4.976096294,248.1482555,3.038574356,468.1381688,3.861362212,624.8968416,6.444419812,732.945181,4.203789759,1.723562519,2.96388224,0.713358881,0,0,1.4272,0.7,7.400920391,4.892023563,-0.188662022,0.292512615,nan,2.6014566,4.5232635,2.2349362,2.3872004,2.55977,2.65452,2.7500882,1.50E+11,39.617256,3.311884,123.95572,7.3564568,750.0701,46.29779,17.479652,1.9415183,81.78749,4.7669487,238.87016,14.036621,98.82887,37.20930233,1,1.916,1.77,11.3544,1.0047,2.2589,0.1809,0.3435,0.0158,63.3031,1.348,11.52566671
18305,150.185855,2.326961142,0.01452811,nan,nan,43.21025722,5.26631899,nan,nan,100.2768669,5.109334028,-6.258545686,4.483880385,15.37536593,2.804270874,19.07515577,3.455908998,15.78691267,7.75201836,44.24800388,8.118308995,86.79997442,7.614823791,170.5062621,7.6589562,261.4509948,4.551782895,324.4834706,4.752329984,411.7427337,7.32064911,447.3094058,4.785202266,1.336879457,2.991541739,1.057209913,0,0,3.0256,1.4,11.93113708,6.542300701,-0.35091868,0.358622604,nan,2.8078065,3.5347197,2.6996708,2.7769635,2.8890033,3.0256002,3.1678789,1.03E+11,64.98902,20.765356,166.18475,19.947968,551.5691,64.81137,40.129467,3.1038952,104.10195,35.46873,241.7857,61.91944,172.01448,7.341040462,0,-0.093,-99,9.3024,0.2476,2.4446,0.0537,0.674,0.0089,64.6626,1.1238,10.96190693
18315,150.1822513,2.327069036,0.014483549,nan,nan,21.94323906,2.409332651,44.17767818,4.839502033,78.21381023,2.395232383,-1.223942344,1.760770572,-1.75601209,1.108238923,1.533931353,1.347238097,1.197460996,2.594844313,21.00371852,2.762939897,77.86785285,2.566467004,175.9980074,2.830247369,241.5273233,1.63211624,306.3223697,1.664987906,356.9289211,2.686468488,380.3249065,1.667973189,1.309958118,2.712370774,0.540287423,0,0,1.2976,0.7,5.183101654,4.784558773,1.500902891,0.167763555,nan,2.6794572,17.171515,2.5523808,2.6169941,2.6697636,2.8072844,2.9135487,44516739539,33.160645,1.8499537,176.78206,8.852348,401.97098,17.135727,10.237311,1.1206808,110.48198,4.0767555,243.05519,11.336922,18.198616,7.165354331,0,0.161,-99,1.884,0.0221,3.9444,0.0876,0.6253,0.0068,-37.3395,0.6555,10.41170017
18574,150.1537435,2.3279843,0.014276536,nan,nan,6.309670569,4.480535175,51.63198329,8.856405814,69.40341548,4.273518172,-4.338928027,4.765844841,2.546618555,2.771747463,0.843927821,3.27572552,12.23654263,6.71884231,11.46448448,6.789605248,51.35312347,6.569733076,128.3371531,6.301883258,292.6142794,3.660676644,556.8443087,4.682104586,774.3686945,7.448230606,910.2844265,5.013683028,1.160888063,2.54752361,0.830551795,0,0,3.1264,1.4,9.370253563,7.089664459,-0.263106614,0.301920746,nan,2.6383631,11.552346,2.3109827,2.484955,2.609234,2.7133648,2.8324618,2.61E+11,14.240527,2.1892257,107.1623,6.008911,1107.9727,48.925354,3.6469164,1.8468711,61.057724,3.1117954,272.91122,14.061935,174.05743,25.27881041,1,0.738,3.06,11.7108,0.303,0.3071,0.0317,0.5355,0.0153,69.0078,1.7384,11.2378171
19427,150.1262311,2.331069594,0.014437463,nan,nan,77.25246109,4.879490283,102.6076288,9.08402165,123.2506351,5.062736645,nan,nan,31.10331226,2.148498707,41.23168457,2.867590752,37.25753823,7.274146396,56.27525345,7.264102132,114.6793748,6.889504761,180.4619764,6.811798217,267.9367564,3.740743303,299.5563028,3.813277911,352.2709543,5.739065891,382.1633755,3.76457249,1.180644567,3.036695657,0.89575955,0,0,2.0896,1.4,8.56638813,6.348375797,1.100313902,0.350839686,nan,2.9359121,4.7105737,2.644166,2.7754705,2.9179223,3.059892,3.168555,72805190458,88.75488,5.872467,171.77689,13.215286,490.98962,97.28946,56.472885,5.9528637,150.16832,42.739307,230.36465,224.4968,284.56406,6.94214876,0,-0.389,-99,10.3623,0.1044,0.5805,0.0143,0.4929,0.0042,-20.7528,0.5128,11.02735163
19599,150.1718091,2.32857381,0.014354863,nan,nan,41.16560572,4.406830229,46.02660356,8.330670064,74.16879464,4.213056258,1.905296047,4.041549448,20.28490905,2.761224784,15.28265334,3.27706005,41.12992211,7.442505135,48.20143943,7.969285365,106.090479,7.28234074,129.8604035,7.108533893,173.3258458,3.465777929,224.4993964,3.671067583,272.9364502,5.633886261,295.8700614,3.638453535,1.09713773,nan,nan,1,1,8.6592,1.4,79.01838684,22.26618767,0.935384393,5.805635519,nan,2.6827517,10.607029,2.2413778,2.51654,2.6445258,2.7512662,2.9412823,30921147156,25.675167,2.4069958,65.042496,4.6400776,221.61671,18.127296,13.810568,1.8172388,43.37317,3.3861961,100.85252,15.640087,96.484924,9.496855346,0,-0.305,-99,4.3054,0.0505,0.2,0.0116,0.9809,0.007,1.4247,18.5215,10.68348971
19858,150.1650612,2.331122805,0.014268939,nan,nan,60.39873996,2.327863433,79.12804446,3.320111822,93.11722627,2.206370747,21.13150835,1.834206647,37.55457433,1.018710539,44.16573343,1.161684264,46.94454429,2.261381879,56.45505307,2.383596025,99.18331413,2.187507246,121.6909958,2.114159658,136.3290961,1.336893912,169.3034839,1.343132439,179.7145403,2.486905833,196.0215085,1.362639914,1.189901063,nan,nan,1,1,2.1216,0.7,8.7825737,7.863657475,0.153318241,0.330472394,nan,2.6672497,3.5520198,2.4997563,2.5608628,2.6416972,2.7016604,2.759915,21187810343,70.66785,4.674343,115.41148,13.004093,198.84483,17.604187,52.28963,2.6808033,99.58914,7.0380783,125.162926,52.34579,339.28583,12.42236025,1,-1.026,-1.05,5.555,0.0459,0.5107,0.0191,0.1769,0.0025,-33.5937,0.1889,10.51194785
20931,150.1241866,2.337437914,0.014371796,nan,nan,38.82813946,4.568629447,66.05492349,7.680797088,118.9649159,5.361915266,-11.62972019,4.077966661,3.360105324,2.081710024,11.97472834,3.063865236,-2.086800162,5.806168837,11.62249709,5.981036711,82.97188217,5.907004547,236.2315793,6.570416362,328.3041798,3.762516393,393.6952867,3.91836226,474.9557272,5.829464649,493.0409605,3.68930523,1.09713773,nan,nan,1,0,2.192,1.4,7.209647655,5.87755394,-0.222497106,0.19252506,nan,2.9601455,29.388176,2.8304565,2.8944266,2.9541626,3.005342,3.0550678,71757985528,68.77437,2.5223846,288.99765,14.280228,586.98517,48.35086,24.010496,1.5874424,208.58461,8.823402,372.52106,20.231491,75.521065,7.947019868,0,0.574,-99,1.1557,0.0083,4.6439,0.09,0.3282,0.004,82.3559,0.2718,10.90705451
21260,150.1433536,2.338628226,0.014303758,nan,nan,15.12165838,2.42150227,19.16717037,5.203130902,23.79573873,2.281797786,6.23566987,1.304417867,10.16714478,1.077200896,9.951581597,1.570331463,16.79993135,2.805840556,14.3700358,2.726460315,24.04582818,2.362868896,51.35647009,2.347995615,112.9709039,1.233849311,143.8288133,1.180790531,168.9133322,2.014991273,182.1876287,1.268317983,1.402211661,3.067446625,0.569777207,0,0,0.9056,0.7,5.490206718,3.927782536,-0.461395025,0.201728048,nan,2.998205,10.553891,2.6808372,2.8887618,3.0476975,3.4977152,3.6582723,30153270198,21.607542,3.5218954,54.51853,19.225311,206.7131,14.706642,14.461164,1.861609,31.410923,12.821531,106.14673,7.676674,194.84703,-3.95480226,0,-1.408,-99,2.461,0.2745,8,0.8383,0.1885,0.0147,61.8094,0.8713,10.82608327
21380,150.0953348,2.33897763,0.014953093,nan,nan,70.61531693,4.623222979,86.58589225,7.992847909,114.673797,4.515619097,-0.282570173,3.365800769,23.1479669,2.081080376,34.46053738,2.717209238,48.51427703,12.91540323,66.34959829,12.97291198,113.0367841,12.7603151,199.7270722,12.44723216,318.8379345,6.874127588,371.964992,6.856445992,469.1015038,10.770601,511.4376909,6.675299104,1.11962766,2.950120543,0.766143669,0,0,1.5456,1.4,7.283971786,5.786989212,-0.631185353,0.307599632,nan,3.1532857,5.769707,2.8545496,2.984435,3.119187,3.2092338,3.2793531,1.07E+11,118.48389,4.862419,221.84387,78.80373,665.32214,146.10074,73.08548,3.5267563,147.32068,23.107662,308.9813,53.34861,311.61426,5.985037406,0,-0.741,-99,7.112,0.1074,0.7293,0.0249,0.6512,0.0077,23.6815,1.2685,10.74064217
21562,150.1122009,2.339599472,0.014603371,nan,nan,34.50830933,4.425622676,73.37241326,7.698615266,77.03517804,4.474725476,1.496897467,4.634686482,3.878340964,2.042097805,13.6385334,2.69579096,4.787288494,8.528037247,30.53839175,8.592123656,83.71062691,8.272184375,171.6013693,8.582080837,228.3894171,4.900990845,327.4120421,5.476327943,391.4804128,8.157830536,409.1362002,5.407926649,1.09713773,nan,nan,1,0,1.7792,1.4,7.294901371,5.560469627,-0.570419669,0.21178563,nan,2.7116225,7.359784,1.969908,2.2030897,2.6541908,2.7828965,2.918752,32331216738,42.07152,2.8797092,156.90968,10.95797,458.52554,23.152496,16.083214,1.8653708,87.872116,7.315445,237.64554,49.989464,36.38707,7.777777778,0,0.345,-99,5.048,0.1599,3.9445,0.1064,0.6964,0.0098,74.7189,1.2077,10.34134477
21570,150.1943113,2.339710183,0.014621604,nan,nan,75.40069094,2.781706673,108.2555325,5.639606186,131.6569177,2.738881512,nan,nan,33.42413305,1.392403405,43.84188287,1.490253495,43.68300996,4.559802642,69.78872031,4.900905668,134.8625786,4.572190377,176.5065528,4.449235637,206.0147364,2.744733931,250.2100916,2.764046368,278.8813506,4.281709043,297.2874419,2.768917285,1.476444295,2.984976702,0.601023731,0,0,0.9616,0.7,6.159381866,4.113810062,1.250966907,0.230968948,nan,2.6481264,3.700068,1.8526704,1.9440063,2.2482526,2.6467335,2.7211933,28607165411,90.10774,5.858185,172.65326,16.857285,300.89008,35.57776,58.44613,8.420553,142.31284,8.478394,203.76082,17.973297,333.39355,9.857142857,0,-0.69,-99,4.534,0.0763,0.9699,0.0345,0.2883,0.0052,-18.1308,0.4651,10.6099379
22306,150.159189,2.342306777,0.014290126,nan,nan,19.72300331,2.909616808,19.5492903,4.847486552,41.05241933,2.796541225,2.478676772,1.903014506,4.064840702,1.484440583,9.456872722,1.533279121,8.675283132,2.479963674,14.43967296,2.510106442,35.6577649,2.227287362,97.95806593,2.28790785,176.1015224,1.679409282,213.9556189,1.678029494,257.914382,2.772329523,303.1869668,1.805239634,1.607032568,2.906819103,0.690467172,0,0,1.424,0.7,6.418625355,5.493992329,-1.567754745,0.404268447,nan,3.2025936,6.114199,2.9299192,3.0801208,3.2658293,3.5125654,3.6688142,47288061889,36.580048,1.9981117,122.76547,25.019096,406.93637,64.90434,16.650082,1.9496937,86.7151,55.570477,190.39606,23.864876,86.85292,3.319148936,0,0.2,-99,4.2872,0.0472,0.7125,0.0189,0.6853,0.0065,-1.8141,1.0829,10.92651095
22425,150.2026267,2.342930654,0.014732393,nan,nan,6.607561923,2.153027691,nan,nan,7.450343065,1.998492142,nan,nan,2.45779182,1.295454658,0.047055788,1.224233719,6.600189717,3.554653406,2.123305698,3.620624758,8.970434122,3.238108546,25.16999994,2.921799245,34.9537973,1.5787527,47.04671163,1.593672457,62.4451485,2.662906805,71.08789184,1.744154495,1.189901063,nan,nan,1,1,0.6272,0.7,6.879132748,3.369990826,0.175379217,0.396123004,nan,3.3891196,7.903485,1.7393942,2.7102575,3.1874194,3.4635398,3.8083692,22215014679,9.7456455,1.4261136,31.509958,1.8964376,100.095024,27.333752,4.3703575,1.1092067,22.677065,8.025322,42.716778,3.0212364,16.241167,3.153153153,0,0.074,-99,98.643,44.6327,3.8787,0.691,0.5077,0.0374,-89.8734,3.4132,10.24503247
23790,150.118076,2.347794984,0.014506508,nan,nan,53.69262069,4.746544168,98.96093402,7.966959809,164.7800967,4.547271056,3.76126756,3.005251545,2.708921344,2.267626089,4.017146466,2.950857435,2.003671064,8.023101829,39.65408471,8.414116158,143.3311338,8.906444126,272.3866068,9.651992016,386.509457,6.044493171,513.3846508,6.468844049,589.2650336,9.522320986,623.7556216,5.704770563,1.09713773,nan,nan,1,0,2.1728,1.4,6.784591675,6.232538223,0.379173696,0.170946021,nan,2.510202,2.7200437,2.3735442,2.4432814,2.5085874,2.570565,2.631018,79158719340,58.934196,2.541359,271.13663,12.858353,664.2868,25.430511,19.348,1.5749083,183.12888,5.655014,390.26733,27.459763,16.6762,1.984126984,0,0.376,-99,1.6902,0.0159,2.1736,0.0683,0.1093,0.007,-73.4999,0.23,11.05956024
23813,150.099093,2.347888333,0.014831666,nan,nan,51.08898623,2.245916246,64.03242343,4.075181879,78.16699595,2.158391086,6.729001261,1.034713227,18.06433241,0.82216684,24.2313986,1.066653431,16.93141563,4.087776798,39.51011482,4.203856789,79.72253112,3.758320548,113.4202143,3.634523305,144.7011922,2.036682812,193.3454909,2.129681516,209.9694315,3.45102762,237.9970324,2.416610788,1.189901063,nan,nan,1,1,0.8416,0.7,6.750023842,4.202136517,-0.450584799,0.525962859,nan,2.6656775,7.811589,2.4061768,2.5079381,2.5902078,2.6675804,2.7123132,29048222913,60.73357,3.9311714,108.94612,9.644943,243.62558,17.679276,32.260494,3.068698,85.31507,6.203575,138.84792,29.721527,300.90173,10.35532995,1,-0.286,-0.343,7.5207,0.156,0.6421,0.0355,0.3412,0.0061,63.786,0.673,10.63179029
23900,150.0976758,2.348171958,0.014857055,nan,nan,88.80837478,5.579813743,139.5331541,9.142379566,154.633517,5.516728533,7.956624158,6.139502218,34.52438481,2.352014525,50.66587914,3.114619977,50.49278012,14.86421536,61.87243862,15.27426051,160.8260121,14.62906519,194.4628459,13.32034442,231.7622476,6.587791956,nan,nan,303.385906,10.3608752,307.6813679,6.321747629,1.30800665,2.912255077,0.880102395,0,0,1.7568,1.4,11.25083351,5.073444366,1.388428807,0.400515705,nan,2.6021426,8.578179,2.3295062,2.4885304,2.5867498,2.652374,2.7119637,25621810135,99.17755,6.0326576,184.78773,12.827553,328.63248,19.803452,56.225147,5.82172,156.29333,8.7100525,233.33926,13.228363,250.38051,2.051282051,0,-0.559,-99,13.6142,0.3369,0.7244,0.0368,0.3596,0.0065,-9.2258,0.7673,10.68965793
24319,150.1683272,2.349798864,0.014306804,nan,nan,21.94599408,2.483781024,29.32320964,5.253199901,39.3004214,2.405411765,nan,nan,11.42189542,1.17045739,17.18285665,1.350108611,17.32291109,3.105135911,21.41201435,3.174421903,40.09259974,2.753909572,86.50097044,2.75883213,100.011734,1.55251929,99.27281426,1.459711544,117.0679322,2.416388258,127.8781315,1.57343388,1.401229559,3.37877191,0.579828457,0,0,0.7008,0.7,4.777749538,3.852458239,-1.347612023,0.204377326,nan,3.1554465,2.3316665,2.956169,3.0687408,3.1691673,3.280907,3.3997808,23676438677,37.267654,3.0528297,91.05335,18.860466,146.99022,46.02896,21.44321,2.0711231,71.70894,19.733887,90.72085,20.666576,176.03983,4.772991851,0,-0.839,-99,3.0384,0.1188,3.9919,0.1821,0.6856,0.0153,39.4472,1.7558,10.27499117
24389,150.170623,2.349792308,0.014310376,nan,nan,123.7825126,5.285345136,147.7098866,9.882879559,190.8825396,5.157205617,nan,nan,59.68639951,2.963831459,93.0091355,3.052340036,88.90519138,9.717373034,121.8937242,10.0655986,168.4633268,9.691375132,245.1144842,9.253292971,307.4771152,5.340998667,284.8068393,4.868312264,310.4701446,7.237680248,329.9140141,4.853844738,1.271278071,3.209052314,0.994635719,0,0,2.112,1.4,10.23549175,5.86605072,0.434715062,0.395972065,nan,2.963288,12.49994,1.9877939,2.821306,2.9543862,3.0839279,3.1765003,32091448136,159.10669,19.72876,228.28403,15.731407,404.95798,47.61789,107.44242,4.5077515,212.1907,74.60158,245.36017,55.905838,304.89456,-3.77593361,0,-0.913,-99,9.6939,0.0898,0.4459,0.0142,0.3637,0.0033,86.4077,0.3459,10.76213862
24717,150.1060532,2.351061452,0.014709991,nan,nan,3.852507892,2.577379789,7.777095459,4.57423469,18.5794491,2.418454586,0.407370543,0.784928003,-0.560808947,1.025344061,-0.848653551,1.291820032,nan,nan,nan,nan,nan,nan,nan,nan,89.01139976,2.125431209,117.3475134,2.164486853,148.3935554,3.775545837,161.9751071,2.309035469,1.444635547,3.623176592,0.623345959,0,0,0.6624,0.7,4.871199131,3.797724247,1.562436342,0.216180182,nan,2.9888203,4.1110444,1.6153296,2.6150317,3.1280441,11.662775,12.014819,27067678587,10.246087,1.6559515,55.29072,8.196508,193.83609,8.482162,2.6138177,1.135569,37.738712,5.650873,99.69835,4.684433,36.370407,0,0,0.654,-99,-99,-99,-99,-99,-99,-99,-99,-99,10.87569299
24838,150.2002095,2.351428666,0.014684668,nan,nan,38.75001896,3.324844562,nan,nan,69.68509475,3.141225466,nan,nan,21.23388974,1.862452005,28.10219581,1.879463122,32.35655129,3.456683191,44.06112575,3.740887995,69.94755315,3.277043637,97.13057589,3.118324858,117.6883923,1.878982089,131.3366655,1.791481564,153.8837122,2.942137623,167.6699938,1.952452163,1.628397861,3.5625781,0.759814926,0,0,1.0736,0.7,6.630424023,4.28771162,-0.751905024,0.262594699,nan,2.7897036,4.332644,1.8440845,2.1545596,2.7952735,2.9175003,3.0791368,20009085924,53.49816,7.6555157,92.31304,19.548973,180.9908,18.53833,38.441837,2.689787,73.13312,15.453844,102.52763,57.382416,232.49129,8.709677419,0,-0.864,-99,6.8564,0.1039,0.848,0.025,0.4214,0.005,48.9116,0.5642,10.44862803
24908,150.1995388,2.351231985,0.014675314,nan,nan,44.78640119,3.323750431,nan,nan,83.83522003,3.317210732,nan,nan,21.84698262,1.909044684,29.35075528,2.027519004,32.84332279,3.505004155,49.34071809,3.811109864,85.44871234,3.38230005,115.5054,3.212459956,162.3581724,1.982397742,189.8478529,1.939008722,230.4478291,3.312978892,249.5027038,2.087630903,1.643261966,3.292578308,0.779669119,0,0,1.3936,0.7,7.196837425,4.869526863,-1.201778173,0.422098188,nan,2.7946138,4.9273562,1.289325,1.9278299,2.7752216,2.8773463,3.024609,37337405534,62.55269,8.560284,111.35123,10.196991,266.9998,28.143143,43.063507,2.8859653,90.363686,10.552925,133.95778,39.00627,216.1073,13.58778626,1,-0.249,0.209,4.9146,0.1122,1.9259,0.0515,0.6637,0.0099,20.2567,1.2645,10.67430413
25193,150.1336206,2.35209501,0.014298481,nan,nan,305.9310628,4.18284124,389.1481972,5.597046963,457.2826353,4.173472819,21.25949718,1.123684114,85.29822414,1.594377767,148.9786296,2.02470116,160.4390534,3.66261936,256.276996,3.858201861,448.504229,3.762066374,642.7792948,4.035483392,792.183197,3.017096513,1017.032468,3.397742671,1139.688767,5.227868865,1224.195081,3.190903039,1.952664224,2.273695874,0.594254599,0,0,1.3552,0.7,6.743965149,6.330602646,-0.931566358,0.885781793,nan,2.7173612,22.132776,2.6496954,2.6959827,2.7166262,2.73455,2.7545514,1.30E+11,373.72998,12.746506,608.1418,67.56464,1260.5375,106.798706,227.59174,10.090385,481.32687,39.02423,712.3924,243.00473,397.68335,41.37931034,1,0.031,-0.0513,6.4395,0.0837,1.9565,0.0251,0.9595,0.0072,82.7884,6.6194,11.39059159
25232,150.1748742,2.352742659,0.014325542,nan,nan,5.994264404,4.463409366,14.88598508,6.429797322,22.18246921,4.27043926,nan,nan,-1.340505049,2.570454584,-0.938049425,2.784780123,-1.780538514,5.629763562,-9.59618054,5.858532463,20.10795572,5.47126878,53.59184386,5.125209448,142.4948277,2.680396894,210.1135357,2.955539188,295.4222503,4.817953751,350.5498828,3.28708578,1.150802704,3.098770078,0.837876816,0,0,1.7616,1.4,7.176617622,6.367102623,-1.110033631,0.320978212,nan,2.5034342,14.390661,1.9694068,2.293946,2.5798566,2.9263442,3.56641,76191370473,3.3360906,0.7421452,37.649296,2.7686882,399.34103,13.412506,0.531025,0.25262403,17.408058,2.1650844,113.568375,6.3160667,164.27403,11.8699187,1,1.823,-99,12.6289,0.6658,0.2,0.0485,0.6886,0.0427,7.1529,6.1909,11.00610556
26060,150.1178211,2.35541181,0.014522569,nan,nan,36.06467777,4.742880187,48.96914667,7.691117514,79.93296238,4.275956057,0.505708313,1.59761478,3.657952166,2.474379651,12.04054244,2.828387262,17.83432813,7.530486567,40.11855643,7.540839318,68.60225332,9.643580886,134.2770637,10.60430267,271.1786164,5.425180179,344.3684149,5.539508947,446.3532497,13.35926583,481.5339691,8.188090777,1.113148872,2.886440126,0.742149252,0,0,1.7728,1.4,7.498854637,5.509884357,-1.200566411,0.254404525,nan,2.9127967,9.455172,2.739913,2.8184247,2.9676578,3.1539743,3.5470061,89907651248,56.872425,7.877968,148.0707,58.874096,633.513,61.12799,31.82681,1.9962969,101.23298,24.224308,252.16963,15.496773,143.42648,6.388888889,0,0.737,-99,4.5239,0.1148,1.9261,0.0557,0.8757,0.0137,8.3759,4.364,11.16421307
26254,150.1430063,2.355895158,0.014283964,nan,nan,nan,nan,77.83415282,11.30446375,89.38182599,4.71161979,-0.315910237,1.778504846,14.80110358,2.990753794,22.59839502,3.053919697,12.32946333,8.378720917,41.67122716,8.844529767,83.63569742,8.360768035,151.5478197,8.177577262,289.6446736,4.043027917,371.306391,4.451841483,492.5321893,6.954407365,573.2416497,4.750696092,1.222418047,2.704614058,0.728916516,0,0,1.6112,1.4,8.384868622,5.414130688,1.415840387,0.536547794,nan,2.808391,7.315558,2.61815,2.7384906,2.836034,2.9548879,3.1268106,1.39E+11,58.332176,10.517139,145.78682,10.432449,759.19794,43.762756,29.899216,2.831542,97.37084,24.31028,248.73262,44.91423,119.306656,15.26717557,1,-0.527,0.252,22.9583,3.4356,8,0.4592,0.7672,0.0177,-0.5621,2.6356,11.09948608
26255,150.1432388,2.35601382,0.014283721,nan,nan,5.49336177,2.090539016,6.617326479,5.182104569,13.67549851,1.948191612,-0.790362545,0.65283293,0.743346975,1.001798948,0.723553127,1.064751098,-4.739881067,2.443920251,4.131343034,2.484740607,10.57296497,2.172501945,38.0041746,2.073124275,99.24091628,1.073313958,167.4647787,1.208148198,255.355676,2.168204143,303.8981024,1.409243885,1.189901063,nan,nan,1,1,2.0384,0.7,9.359125137,6.425949574,0.70393765,0.818867984,nan,3.2096953,9.372796,2.1257138,2.7080886,3.177469,3.4177916,3.5555212,69253077381,11.725129,1.212472,54.714455,8.270788,419.08707,80.89589,4.05234,1.1918174,29.017603,18.685678,124.00544,11.974228,140.2124,8.426395939,0,1.466,-99,8.6606,0.1636,0.3809,0.0278,0.4111,0.0081,-33.4216,0.8459,10.81534882
26946,150.1736371,2.358642035,0.014329063,nan,nan,21.91678035,2.710827689,33.63105752,5.728490468,60.56127947,2.533345177,1.696583394,2.200471269,5.29740991,1.158348284,11.0733804,1.156463422,9.792716984,2.521135439,12.48012478,2.608637764,47.14353601,2.32530019,107.2171215,2.333568842,143.9740987,1.422370046,170.803022,1.385938263,200.1230899,2.24175641,208.6752964,1.444081313,1.456075192,2.529166443,0.579360615,0,0,1.3568,0.7,5.92394352,5.536205769,1.000269651,0.224155645,nan,2.9493213,6.150225,2.7391021,2.8433836,2.9365964,3.0052059,3.072925,27558843608,35.3864,2.6552525,117.336525,7.438549,228.9174,23.477104,15.24997,1.5120516,93.79921,4.248001,154.36351,19.080849,90.52193,2.710280374,0,-0.239,-99,2.0818,0.1043,8,0.4257,0.8395,0.0168,-48.6173,3.2456,10.34872628
27261,150.1275203,2.359770922,0.014386354,nan,nan,20.56082357,2.489727239,55.0902983,4.513504522,77.62438241,2.380550583,-0.967500855,1.020627646,0.838841435,0.926459056,3.884499803,1.178211813,5.36235195,2.859956064,14.50082281,2.861625909,72.18527529,2.766893129,155.8839365,2.834886806,223.6365515,1.42289916,288.6384439,1.492929256,344.9070514,2.402363421,365.7669207,1.460572228,1.303773683,2.64800429,0.530124392,0,0,1.3072,0.7,5.266310692,4.756546497,-0.960417926,0.164869484,nan,2.7131321,7.601437,2.5062327,2.6084123,2.7101543,2.778023,2.86387,42486422557,33.49282,1.8943872,160.58926,7.799919,379.03427,15.856186,10.691855,1.3009439,108.9207,4.1637,230.00769,12.0303955,21.257408,4.146341463,0,0.082,-99,1.3602,0.0112,2.1427,0.0487,0.6779,0.0059,77.5568,0.8862,10.66719311
27576,150.103264,2.360761891,0.014748576,12.31435172,1.920578851,16.18540037,2.164882361,32.822298,3.914223388,36.96763067,2.072856445,1.142644751,0.670523634,3.0922597,0.99197629,3.146874384,1.212094437,8.204792947,2.848644755,12.91309035,2.778863958,35.50901483,3.401433511,64.87087116,3.305211837,103.8775906,1.307390469,164.7435206,1.411191966,197.6690865,3.55616245,218.6315647,2.186414162,1.189901063,nan,nan,1,1,1.5296,0.7,6.873398304,6.225009918,-1.095016003,0.8430429,nan,2.5856628,5.1284018,1.8646364,2.06771,2.3874514,2.6067538,2.6893246,27521611201,20.525156,2.3493319,62.357353,4.7170486,220.37729,13.3389435,9.991021,1.0476427,41.335556,3.2230206,101.41733,6.1560555,55.47124,8.128654971,0,0.658,-99,7.0734,0.4005,0.91,0.0822,0.7798,0.0327,86.761,7.3824,10.69517026
27688,150.1856737,2.361559319,0.014445815,nan,nan,4.930467271,1.202507673,4.65000426,2.763168487,6.000386565,1.082034329,3.866123466,0.690404476,7.145549925,0.572983267,5.608290398,0.504323927,nan,nan,nan,nan,nan,nan,nan,nan,4.357913663,0.586611886,4.611647196,0.552019607,3.667397015,0.96680522,5.023497639,0.685539211,1.546922766,nan,nan,1,1,0.088,0.32,2.677211285,1.609084606,0.229467705,0.461524331,nan,2.8958263,12.927259,0.6110736,2.7923124,2.95569,3.1577277,3.352514,1.95E+11,6.4533477,1.6378188,104.155754,54.18059,2.5211844,2.7110527,4.287439,1.7947474,39.009544,8.279491,130.52147,502.32312,25.452528,7.301587302,0,-0.47,-99,-99,-99,-99,-99,-99,-99,-99,-99,10.29241537
27882,150.1916548,2.362261252,0.014547796,nan,nan,10.35759862,2.914806264,nan,nan,13.06039868,2.721642468,nan,nan,11.17034766,1.432479994,10.71088731,1.459299154,nan,nan,nan,nan,nan,nan,nan,nan,17.639756,1.598021984,15.96686885,1.3743025,17.28799952,2.47070588,16.23550489,1.740299443,3.911705078,5.33852834,0.533645846,0,0,0.1264,0.32,3.594587326,1.737377286,-0.348576367,0.248054908,nan,2.76368,0.15122615,0.1765991,1.1937587,2.365265,3.1990154,3.7621396,87916416252,11.6402025,7.073106,7.904853,287.73788,592.5533,25158.322,8.7327175,2.1216173,19.363209,25.174099,143.07883,3077.959,5.1713367,0,0,-1.257,-99,-99,-99,-99,-99,-99,-99,-99,-99,9.946549894
28305,150.1345756,2.363653526,0.014298985,nan,nan,48.09791495,3.001425736,56.32746688,6.083350114,75.26138517,2.862979131,13.14579621,1.001454287,29.53986682,1.42011163,35.45705209,1.765721651,34.42216277,2.997504353,47.45886983,3.063390531,79.11533666,2.701176133,107.5524653,2.593472879,141.8965776,1.515192865,167.9117081,1.493727119,202.5698622,2.52990454,215.7723342,1.621317041,1.648673237,2.887060988,0.722180092,0,0,1.496,0.7,7.081432343,5.522529125,1.006518126,0.274068293,nan,2.7406151,3.7262814,2.6606927,2.7185535,2.8205311,2.9534507,3.0993357,22865203939,57.603985,3.4592972,102.307816,17.610138,221.62335,30.201927,42.364395,2.308136,82.49658,8.749924,121.33804,114.37839,358.3771,17.54122939,1,-0.588,-0.461,7.2661,0.0655,0.3809,0.0149,0.3536,0.0034,-57.4018,0.3512,10.53190448
28373,150.1352792,2.363613528,0.01428991,nan,nan,87.59385438,4.88818718,118.7078008,9.097424428,185.5393478,5.017350641,5.445753477,1.859756733,22.93388946,3.287722163,35.75420915,3.343948833,34.35068107,6.927003261,75.4212887,7.523159244,171.5678711,7.415829674,249.4025473,7.508246719,380.9118035,4.916617775,439.1547678,4.933011502,516.9298742,7.279654706,542.31004,4.641900291,1.130242771,2.63755631,0.796873347,0,0,2.72,1.4,8.283963203,6.886792183,1.272361279,0.25872385,nan,2.7013621,10.6036,2.5826044,2.6679482,2.7093508,2.7536783,2.8339102,46674273489,118.29671,6.93507,266.8473,34.979156,600.5488,104.748245,67.17807,5.1810226,213.9072,14.36866,378.02335,290.50183,237.48175,13.10679612,1,0.072,-0.363,5.5423,0.074,2.2423,0.0319,0.6184,0.005,7.1885,0.5601,11.16536094
28465,150.1737224,2.364069457,0.014332372,nan,nan,70.8906307,4.862736913,101.1506158,7.992804073,123.6241637,4.511079182,9.115908599,2.8708144,18.71604343,3.526222427,28.26466988,2.855194631,43.4421075,6.99421113,56.27648887,7.426300931,124.4667713,7.191882494,180.3657602,7.178955683,253.7288804,3.952047704,357.2889002,4.533730171,403.7593895,6.387880895,451.7565132,4.276945122,1.122058726,2.863534884,0.742127092,0,0,1.9088,1.4,8.537806511,4.916831493,1.382137418,0.282909984,nan,2.5955129,4.2522464,2.1070898,2.26415,2.5038414,2.6294138,2.6867602,70247721903,72.47458,2.9581375,163.61778,9.914543,504.6083,31.70137,45.179947,2.9387817,122.50866,6.5473137,249.7412,13.040146,215.8485,10.69958848,1,0.132,0.108,9.3229,0.097,0.4159,0.0165,0.2966,0.0031,-12.4304,0.3163,10.92352989
28831,150.1155572,2.353706974,0.014556088,nan,nan,106.2211402,5.294011162,131.3901951,8.821190773,156.0474754,5.093326494,11.35513801,1.925643073,43.44662567,2.790110108,70.57794888,3.445645873,37.11270742,9.583607368,68.97892948,9.798771859,99.10080888,12.4040639,151.4703176,12.71494584,244.5687794,4.937850425,256.0038458,4.883113765,314.8897778,11.82930829,326.4797015,7.387790004,1.266566051,1.85951092,1.348621067,0,0,7.7376,1.4,20.19673347,16.27725983,-0.132226333,4.847216034,nan,3.4974372,23.96373,2.78115,2.8740153,3.049048,3.2668095,3.507397,63527363755,113.234825,5.152218,182.46872,26.404976,455.51715,212.55444,67.03545,2.9947166,125.74691,9.722042,247.2081,15.762657,318.27307,0.555555556,0,-0.528,-99,21.7124,2.9384,8,0.425,0.7574,0.0154,-74.3415,2.4108,10.84886217
28877,150.1502686,2.365318884,0.014267163,nan,nan,22.9130346,4.797084094,16.50627758,8.922736605,41.29548005,4.477854672,0.909171257,1.654459978,11.45146588,2.720422892,15.18646218,2.943135396,-1.055407085,5.520309775,19.90292911,5.556307172,36.64912456,5.197230003,66.43487141,4.96291848,126.0950283,2.628056349,142.2781692,2.597546912,161.2357992,3.916379675,184.4482088,2.63215235,1.181137643,3.088745401,0.828941337,0,0,1.632,1.4,8.450474739,5.326994896,-0.06138479,0.3509015,nan,3.025181,18.382872,2.775713,2.9078193,3.0187466,3.154707,3.5250268,24196915719,28.467949,1.7350254,84.368996,6.7470818,240.26097,25.160072,15.558027,1.523622,64.28356,3.1238708,136.19527,10.718555,97.241615,1.764705882,0,-0.661,-99,5.7322,0.1772,2.5507,0.0904,0.2777,0.0061,81.6217,0.4578,10.62890904
29812,150.1707968,2.368622971,0.014340068,nan,nan,9.872070645,4.663672216,18.76485296,7.683280532,23.93047714,4.29561394,0.158042041,3.098940149,-5.227398149,3.40109107,0.047031133,3.240643453,3.181271551,4.963220332,3.750205298,5.103679262,23.92048171,4.779190479,51.37750821,4.508103638,116.1543531,2.460812046,231.048278,2.927921463,319.8340222,4.614344913,377.4324286,3.065026145,1.152029523,3.014296099,0.799692551,0,0,1.944,1.4,8.501911163,5.174134731,-1.214429498,0.331423565,nan,2.619097,6.1102486,2.0925822,2.3065097,2.6005883,2.8848054,3.1977909,98259796294,9.040816,2.0707002,44.32444,2.9304638,444.4509,16.223053,2.5269458,1.3512712,22.265635,3.0203533,110.27032,5.508442,136.27148,8.035714286,0,2.464,-99,116.6688,80.2412,8,1.664,0.2357,0.0172,12.7509,1.2604,10.73389887
30847,150.1960743,2.36958303,0.014655007,nan,nan,136.3205863,5.502598612,nan,nan,411.1059344,6.289789644,nan,nan,3.315197411,3.183973669,21.02933953,3.507194329,-0.168223304,11.91710044,79.14614307,13.48343471,367.7013539,16.49679474,637.4757399,18.73923487,867.1230583,12.64025273,1110.264901,14.12396895,1258.090303,19.34028416,1338.598726,11.99191755,1.169566769,2.460509116,0.930903955,0,0,3.9376,1.4,11.14525032,8.026939392,-0.417826831,0.243998888,nan,2.5096886,8.172037,2.4262633,2.4718316,2.5139062,2.5595996,2.6067023,1.45E+11,148.43344,6.046112,656.3116,29.050049,1420.8635,55.72052,49.042633,3.700388,462.65247,16.475021,885.95306,43.542847,68.589874,2.819548872,0,0.653,-99,2.9668,0.0601,5.7228,0.1491,0.3734,0.0052,56.9956,0.328,11.33491245
30948,150.1940555,2.37222596,0.01463233,nan,nan,39.34848111,3.115112668,nan,nan,59.04231681,2.874606711,-0.300177774,2.302744262,14.83276988,1.749203055,29.87560855,1.798087578,27.64145376,5.248995099,38.284409,5.40315274,49.28051617,4.769448238,154.5669741,4.993712507,212.5456304,3.258791765,237.8255645,3.305107535,270.7584801,5.162252153,287.1638447,3.231435248,1.702532147,3.213915372,0.73699757,0,0,1.1504,0.7,6.244884968,5.262823582,-1.201907873,0.283921223,nan,3.4267514,2.3854373,3.2907836,3.3802178,3.5137382,3.7115936,3.8677206,53343018382,67.05359,5.078327,180.57512,23.566322,325.76917,106.0103,41.25796,2.3648643,140.66406,21.851677,226.56032,14.734108,223.37401,-5.195530726,0,-0.705,-99,3.9568,0.3652,8,0.5678,0.6333,0.0178,-20.8733,1.7333,10.81024502
30990,150.1040058,2.371621687,0.014711571,-3.509641344,1.825252099,-5.767390326,2.106572236,2.728590044,3.854968657,4.17588497,1.9226577,-0.786398456,0.672729544,0.746077404,1.635468449,0.088915331,1.207926699,-0.260192761,4.008334038,5.149629152,3.784035661,nan,nan,nan,nan,44.13683039,2.123637401,86.9773341,1.63462928,nan,nan,nan,nan,1.189901063,nan,nan,1,1,0.7024,0.7,5.672748089,4.818627834,1.427441478,1.361459541,nan,2.8154838,16.656898,1.9182739,2.575,3.8156888,17.48841,19.530771,37267307837,1.0399904,0.81474,14.342677,5.313483,191.52385,43.58873,0.10032215,0.22473738,6.030703,3.0816507,49.30713,3.0635986,104.563156,0,0,-99,-99,-99,-99,-99,-99,-99,-99,-99,-99,10.57132802
31155,150.1917998,2.372904271,0.01459699,nan,nan,23.3925722,2.734721352,33.01018287,5.006318338,48.34080986,2.519941362,1.877045243,2.050212415,11.58682884,1.524443916,16.10544804,1.487701186,15.82860034,4.56055718,24.64521447,4.674320872,46.28976356,4.13031309,73.6168157,4.067910741,nan,nan,nan,nan,nan,nan,201.0830486,2.605114699,1.502342587,3.149667383,0.621992207,0,0,0.8528,0.7,5.596473217,4.355179787,1.057321548,0.233470388,nan,2.811688,1.1878,2.5545993,2.7000065,2.8368459,2.992467,3.18928,42736004717,31.65978,2.062296,72.64711,10.775379,222.48141,19.503525,20.421864,3.183302,59.591846,14.348736,97.20518,42.805313,67.3384,16.71875,1,-0.905,-99,4.5242,0.1407,1.1963,0.0555,0.5431,0.0146,-41.5768,1.582,10.40632711
31341,150.1111503,2.373302735,0.01460648,52.11095161,4.202935805,110.070999,5.603529861,208.8814609,8.789224982,327.5004185,5.633881101,3.103029131,1.994743751,2.697507455,3.095849269,16.36142829,3.027477499,13.83976317,12.79815822,54.03366965,14.15682029,nan,nan,nan,nan,943.1841469,12.73833308,1281.450621,14.38927784,nan,nan,nan,nan,1.187989699,2.582418592,0.950738229,0,0,3.672,1.4,9.678774834,8.752422333,0.59043771,0.291675056,nan,2.5223918,0.76497334,2.361821,2.4562178,2.543231,2.6353228,2.6852396,2.21E+11,119.83936,4.8013763,584.0974,103.972046,1799.123,652.20935,41.053204,2.9926586,375.2459,18.303085,969.80426,131.31915,90.02718,0,0,1.481,-99,-99,-99,-99,-99,-99,-99,-99,-99,12.28094128
32343,150.1305359,2.376762892,0.014357975,60.10251001,3.848412588,83.6110812,4.840347893,104.3964152,8.218541218,119.2312465,4.685436552,5.214161514,1.874885041,34.55225745,3.215996741,60.87636578,3.086757313,60.77991662,5.505574567,84.6949433,5.80417536,116.184164,6.253199355,178.553383,6.346625446,239.785292,3.280267768,238.1440662,3.146365472,297.5198837,5.330419331,321.7792229,3.612856426,1.09713773,nan,nan,1,0,1.76,1.4,6.131088257,5.715778351,1.116832852,0.250397001,nan,3.186473,12.538878,2.9855843,3.1203947,3.2009578,3.3284762,3.4807105,56275968277,126.09206,4.633774,177.88094,35.02668,415.27048,75.14505,85.90426,3.0007324,136.21059,25.571247,224.8044,35.15808,339.39014,6.72489083,0,-1.193,-99,2.5307,0.0174,1.7256,0.0259,0.7979,0.0052,32.781,1.0661,10.32923121
32899,150.1922182,2.379132638,0.014631168,nan,nan,26.79996739,2.184570744,33.39673971,3.893810341,44.22641798,2.06336457,2.801151362,1.531727568,8.013196323,1.163794297,14.7644764,1.160442938,nan,nan,nan,nan,nan,nan,nan,nan,102.9364714,1.829316324,119.8561823,1.8013804,142.7228221,2.938754808,158.0019911,1.936405607,1.189901063,nan,nan,1,1,0.992,0.7,6.92098999,4.43197155,-1.05943656,0.287384905,nan,3.1491923,1.7438061,2.7102296,2.862666,3.0724003,3.2147293,3.356479,30474764028,41.311726,6.016571,82.44132,67.33307,195.28485,55.623856,25.236141,2.538515,62.27989,45.83003,104.52636,19.50159,120.098305,0,0,-0.721,-99,-99,-99,-99,-99,-99,-99,-99,-99,9.821314276
32923,150.1760313,2.379249179,0.014454055,nan,nan,54.33902192,2.769156899,86.55612861,5.120424249,100.0588588,2.63960532,4.559103224,2.302306316,16.91867787,1.883337911,25.34253984,1.42164299,27.88503783,2.305094145,44.33432492,2.34186485,104.2629642,2.194900778,135.6720813,2.139766782,165.1432481,1.24501388,203.978919,1.247729987,221.913018,2.007622912,235.231201,1.289116941,1.435906952,2.822119892,0.578421518,0,0,1.1808,0.7,5.433450699,4.832170486,0.519657493,0.23303895,nan,2.5968957,4.8179593,2.3380764,2.4844127,2.5707066,2.6365364,2.6858597,19994986593,63.98537,4.5038414,132.53673,7.3604546,234.39664,12.24218,36.05695,2.6548595,109.5888,5.5535164,164.92534,8.58316,205.20573,22.71126761,1,-0.744,-0.713,1.7749,0.0469,5.2462,0.2284,0.5869,0.0124,-51.7349,1.0652,9.645316186
33193,150.1871628,2.38014401,0.014556329,nan,nan,138.6853702,5.354762695,245.7884435,8.799580432,383.7293841,5.752552516,11.87001739,4.747399332,16.74548467,2.818734307,36.41458245,3.242989117,28.43038879,12.83184186,97.30992546,13.70413881,376.2498474,16.0830197,671.4378342,18.69486978,1004.237944,12.04923328,nan,nan,nan,nan,1992.412348,13.57964507,1.193335405,2.360607768,0.884904605,0,0,3.7232,1.4,10.26391315,8.556818008,0.230803981,0.29738497,nan,2.5993245,6.45878,2.465179,2.5305605,2.6055465,2.6829743,2.7452993,3.69E+11,149.17032,5.0398407,661.06824,34.72461,2205.0713,155.92175,55.3786,4.359909,440.20105,30.741653,1017.27795,60.66559,132.64471,26.36054422,1,1.022,1.26,5.5106,0.1499,3.1403,0.0762,0.865,0.0114,-86.5458,3.0125,12.02137953
33621,150.1325423,2.381856923,0.014370943,nan,nan,106.1721009,5.191808942,101.4081363,9.847047936,146.7218626,4.932799088,20.10853791,2.005408869,62.78911789,3.308643616,90.97036364,3.572230263,87.38560556,6.642999528,99.98625796,6.754796949,136.7530614,7.770089583,206.2250421,7.536261238,225.3865326,3.410463449,223.2630915,3.23170021,249.5092013,5.459339841,252.0858771,3.566108065,1.203541306,2.946652841,0.88749094,0,0,2.2304,1.4,8.875349045,6.387993813,0.776015341,0.335017215,nan,3.1533966,6.4509315,3.0000544,3.0939999,3.1774294,3.2737606,3.3768137,35349772782,138.157,9.261787,215.68463,49.354195,283.6247,128.75859,106.62723,4.1118126,185.26831,158.83426,219.26405,48.47316,297.46042,2.307692308,0,-1.185,-99,7.8914,0.0858,0.9159,0.0166,0.5403,0.0044,-43.3798,0.5576,10.34490038
33845,150.1794783,2.382845351,0.014507327,nan,nan,27.08023786,2.459359628,59.03054149,4.721557147,102.5452963,2.587059746,1.212802471,1.973942901,1.022313215,1.570083679,6.805755128,1.164443707,4.722555388,2.39850586,24.9962668,2.526752494,95.98832598,2.434651673,198.6293682,2.637753686,274.108535,1.613422519,332.3590781,1.676358502,390.0470798,2.651347625,414.1323233,1.660368064,1.343921146,2.812619218,0.554633943,0,0,1.1984,0.7,5.079760075,4.784403801,-1.502209663,0.186708122,nan,2.7346444,9.534889,2.5939593,2.6833353,2.7460291,2.8170764,2.884531,45805142651,45.400772,2.2350864,206.25179,10.165916,435.6297,47.496674,15.822915,1.4009948,144.57716,5.0956497,281.84677,13.165756,32.907875,54.78589421,1,0.153,1.3,2.7468,0.0289,2.8055,0.0439,0.8822,0.0064,-75.1109,1.9886,11.07345267
34137,150.1488344,2.383851271,0.014279686,nan,nan,286.3177061,5.234749321,296.2610396,7.742162309,286.0793385,4.926946126,138.948714,1.741712917,nan,nan,232.1360726,4.589051021,215.4420956,6.767016183,226.5010026,6.744263627,290.7989556,6.501348815,335.8498624,6.241543028,313.9404771,3.051838227,379.9003381,3.092278592,350.9058535,4.416022305,382.2496865,2.938268858,1.19978005,3.107655284,0.876406925,0,0,2.0416,1.4,9.949655533,4.995947838,-1.111891747,0.363939594,nan,2.5141995,12.12403,2.4937027,2.504827,2.516327,2.5328193,2.559575,25061052175,313.30438,12.068008,384.08508,37.838547,411.70157,20.161484,250.90466,12.518402,316.75027,15.980911,338.05246,23.875717,241.94287,9.217391304,0,-1.124,-99,2.599,0.1122,5.8403,0.2804,0.6717,0.0139,-7.8734,1.6224,10.53891672
34683,150.1002388,2.386257847,0.014693077,7.984562511,4.252099857,10.00262728,5.362822307,33.67263149,8.972710195,47.37548558,5.045266441,-0.150751641,2.562960918,4.995528486,3.702405943,4.892925947,3.591339919,-21.30193676,10.35761553,-5.701078858,10.57919567,19.0627673,13.82711373,73.67730883,13.15794504,163.124054,4.685583455,271.3514939,5.086939407,335.670286,11.13585805,nan,nan,1.33198746,3.144332176,0.941520402,0,0,1.8784,1.4,11.94368362,4.69185257,-0.026126102,0.399142347,nan,2.5690777,7.77887,1.6656375,2.1337917,2.5285041,2.8304925,3.0734692,74305440312,13.588445,2.4156327,77.08067,6.8589134,436.27032,19.08339,4.5363965,1.3517414,44.510403,3.800642,159.86191,12.083824,69.05485,0,0,1.212,-99,12.8044,0.8763,0.2,0.105,0.187,0.0173,-85.1737,1.4934,11.05877748
35358,150.1771699,2.388675717,0.01452229,nan,nan,37.02054049,2.929248001,45.52154375,5.112384463,57.86020297,2.941755934,3.043561449,2.390780262,15.96456763,1.754881861,24.43810701,1.511872737,19.7834341,3.833314001,34.78492484,3.432879499,58.75547382,3.095001869,106.4902625,3.072353072,151.066776,1.768207053,162.7924959,1.708489274,198.2364817,2.936870973,214.3004648,1.855810691,1.551568586,3.212995662,0.683632972,0,0,1.1376,0.7,6.426655293,4.402716637,1.387495637,0.235767315,nan,3.1463363,2.7322185,2.747526,2.924046,3.106937,3.2372115,3.3972018,27176079649,56.812527,2.643732,103.458855,83.54543,250.53394,65.06319,35.430584,2.3151932,71.50429,21.931566,136.10167,41.597775,188.61583,6.315789474,0,-1.01,-99,5.7232,0.1352,1.9935,0.0525,0.5402,0.0083,-5.9402,0.8255,10.65448102
35920,150.1836468,2.390542194,0.01459604,53.36678344,5.609150444,103.1975975,5.924173914,nan,nan,174.23227,5.63503757,-7.365655446,5.425888681,-2.081265472,4.737877826,17.10124966,4.255127437,36.90290605,14.59827686,96.04019317,14.45016355,159.1271948,13.63136061,336.1946314,14.25755242,699.9425668,10.44055171,1227.125529,13.17987012,nan,nan,nan,nan,1.44066428,2.772239332,1.051563642,0,0,3.1696,1.4,14.2187891,6.324512959,0.94092381,0.480540722,nan,2.6793537,8.249036,1.7026056,1.9330115,2.5134652,2.7086773,3.0331879,4.15E+11,99.96429,5.9458733,303.27982,17.024689,2124.9622,156.6637,45.683186,3.4933033,165.07994,7.443413,654.50665,67.51929,166.83958,0,0,0.294,-99,15.3024,0.1609,0.5767,0.0148,0.3451,0.003,-34.8934,0.3278,11.41578437
36434,150.1692198,2.392471397,0.014467583,nan,nan,7.612715996,2.492457742,16.79145895,4.368902625,19.12164327,2.32127578,0.722840121,2.207573186,5.349596058,1.550867767,5.118973852,1.575114468,5.105874132,2.229696549,9.109601044,2.276495236,17.50028271,1.984094547,46.86122312,1.89138763,68.91184235,0.958816304,83.82722898,0.928117783,108.6420896,1.569635893,119.4774455,1.03934435,1.361789456,3.042183093,0.529076498,0,0,0.8,0.7,5.094079494,3.710911036,-1.553290963,0.182138001,nan,3.2152376,3.4068322,2.7443295,2.919799,3.1364148,3.3345664,3.477795,22318494735,18.626822,1.8213091,54.559975,12.692045,149.2997,31.203922,9.396507,1.5834062,35.38834,35.049355,72.135124,6.8983154,35.775925,6.782608696,0,-0.064,-99,2.9818,0.1344,3.5393,0.2102,0.569,0.0166,10.8745,1.5871,10.43774007
36481,150.1065611,2.39281907,0.014661558,-0.759639935,1.604731143,2.805103957,2.038142816,0.443244745,3.773708381,7.091019613,1.948358241,3.346316672,0.562965495,3.652414473,0.961260537,4.129946524,0.947549135,4.224344374,1.770785597,3.110006043,1.709538589,4.762920262,2.004988468,8.901403867,1.744016413,nan,nan,5.065226813,0.896669568,nan,nan,nan,nan,2.737003508,6.434157629,0.352003703,0,0,0.0336,0.32,1.629816055,1.147763729,-0.39129445,0.17644295,nan,2.5848167,6.856788,0.18547828,1.2917031,2.447679,3.128264,3.6523342,28421006630,1.7572763,0.8871525,8.311539,2.6162202,172.78757,214.20497,1.8406373,0.685538,3.445356,1.1679407,29.145588,47.1851,12.896803,0,0,-1.385,-99,24.8222,79.4394,8,10.4654,0.3707,0.2048,-87.3083,15.2043,9.471594824
36670,150.1938905,2.392570853,0.0147183,nan,nan,37.42165112,1.8445181,nan,nan,60.71763744,1.720112747,3.280297623,1.763748432,14.88757881,1.497799923,23.82362554,1.343474191,27.76104705,3.717067179,33.52487015,3.981152821,63.79085137,3.483323738,101.6572891,3.409107104,146.2678822,2.19976687,164.9320855,2.131823691,196.7894369,3.366325297,207.8220482,2.104063667,1.189901063,nan,nan,1,1,1.304,0.7,8.029319763,4.67299366,-1.192503214,0.386372493,nan,3.062472,3.0999775,2.736373,2.8450308,3.0288968,3.1615484,3.2711473,31479309179,57.212315,2.3093853,98.07766,15.349312,238.93356,65.099495,34.822826,2.747244,69.340385,8.331713,125.31501,18.207214,214.63164,0,0,-0.524,-99,5.9272,0.3947,4.8697,0.2647,0.4249,0.012,12.8366,0.8876,10.7870448
36864,150.148934,2.394024276,0.014352476,nan,nan,54.29235542,4.460520855,80.74880147,8.707474322,99.33400274,4.346413034,6.066897559,1.569568738,15.25964933,3.31230706,23.60345696,3.259931173,19.35176123,5.044641576,36.47766277,5.258867323,82.70526024,5.097082045,153.7159843,5.261178419,266.9273651,3.225398946,320.9746012,3.379143276,397.1561201,4.911013097,430.7620567,3.20597935,1.09713773,nan,nan,1,0,2.2224,1.4,7.504141331,6.014305115,-1.286824584,0.240809599,nan,2.7475257,2.964062,2.6831572,2.7413251,2.8518696,3.0017855,3.126002,60769018167,66.808014,5.6612186,155.25224,20.81498,496.34805,52.947327,37.740833,2.6870193,102.772545,11.9928055,222.05956,76.41964,262.08768,7.287449393,0,0.036,-99,6.6066,0.1028,1.4143,0.0281,0.3806,0.0044,-10.113,0.4064,11.02233612
36880,150.1733398,2.39413661,0.014513342,nan,nan,68.5384116,5.236947052,68.26240756,7.8956442,87.04787988,4.589470075,1.580356558,5.209980066,34.05809846,4.727279565,51.54232095,4.268403471,58.41597379,6.805134353,68.27485596,7.012583939,88.25472549,6.550582289,141.3306837,6.45035443,158.1953595,3.393945901,149.2891518,3.161436245,176.0597108,4.715547724,176.593964,3.198310321,1.127224092,2.724601017,0.716841435,0,0,1.568,1.4,8.026034355,5.390379906,0.612015903,0.288092517,nan,3.171271,7.3959126,2.9915328,3.1158972,3.2250903,3.4195182,3.5108654,21148866610,86.95732,3.5657463,133.80077,26.332905,199.10506,49.372505,61.151096,3.0103188,94.02259,18.863152,146.81628,22.914303,285.47543,0.836653386,0,-1.129,-99,14.6021,0.891,4.4196,0.1613,0.3948,0.0077,-33.527,0.5856,10.34431685
36996,150.0934655,2.394735914,0.01478199,nan,nan,9.788807083,3.458780695,7.188406494,6.084804268,13.58260098,3.170651595,nan,nan,-1.620494805,2.416839958,0.052052207,1.833642322,-16.42738733,6.288905795,0.120882847,6.349892921,9.861644313,5.482035432,31.32428397,5.025015978,57.92647878,2.296612534,80.4716072,2.26529181,99.71405537,3.908497408,120.3303537,2.638778738,1.906722239,4.298437322,0.836988365,0,0,0.5584,0.7,6.474868298,3.659878969,-0.536009431,0.313362202,nan,3.039969,12.187611,1.5395715,1.8120437,2.713462,3.2840285,4.269918,31290537775,9.379574,2.0853908,39.71929,4.1244965,150.12325,24.72879,3.4101934,0.890506,26.064068,11.508326,67.55416,3.3428001,23.697577,-8.129496403,0,0.566,-99,-99,-99,6.4737,152.0746,-99,-99,-44.9853,428.9335,10.6143892
37185,150.1034276,2.395095732,0.014698066,84.29049916,4.307752212,104.8919755,5.261377306,128.5861517,6.643604857,174.7062274,4.86463152,12.36725907,2.582621475,54.68018469,3.672105741,61.4162438,3.622618956,58.91740365,14.0426288,96.37833933,14.35049905,168.8235436,13.20656952,248.7149021,13.08693935,nan,nan,420.5765382,7.249406779,509.1172169,11.20072018,560.8635776,7.224367804,1.27543255,2.805869537,0.99272134,0,0,2.4016,1.4,10.9600544,7.138173103,0.01897198,0.447643652,nan,2.7383046,6.9389668,2.5969174,2.683943,2.744844,2.856637,3.005185,85277867619,84.9031,7.9447174,197.76749,30.867256,651.93353,72.658875,51.397984,3.8353233,139.78539,12.453022,278.30157,105.79644,177.63864,1.13960114,0,-0.719,-99,13.3108,0.1961,0.6492,0.021,0.4966,0.0057,79.552,0.7274,11.04426571
37460,150.1869847,2.396540084,0.014666938,25.45801354,2.525303884,32.46679403,2.925170634,nan,nan,74.37193832,2.783071056,0.493582926,2.143199928,5.944935473,1.975223162,17.88549935,1.735699672,19.11106244,3.341391389,36.13570249,3.418150701,74.91406092,3.030089632,152.6157925,3.20890718,264.8950593,2.322398481,326.5298119,2.366958751,416.8437887,3.968892416,450.7368688,2.506961637,1.567629175,2.909953604,0.680639393,0,0,1.4544,0.7,6.371598721,5.366530895,-1.334130287,0.248987543,nan,3.11286,8.793243,2.7966487,2.9410014,3.095327,3.20387,3.3412056,68739862010,66.96292,9.853567,162.67952,8.364174,530.2752,105.26332,33.092278,2.4319687,99.63872,4.834175,242.96375,18.928383,130.83559,5.693950178,0,0.31,-99,3.9969,0.0539,1.5937,0.0315,0.6224,0.0066,8.8903,0.7796,11.04341243
37943,150.1957061,2.398309181,0.01477849,31.04353215,2.564041028,44.37859775,2.697028304,nan,nan,76.55449867,2.566580337,2.42033997,2.025461779,15.82822421,1.6826109,24.60961815,1.636370834,20.98130528,4.344586087,39.98182944,4.57325934,75.81838857,4.22085785,125.53055,4.203107898,166.2305511,2.673663207,172.8996808,2.503496999,198.6654722,4.131163285,207.3515723,2.568836765,1.459223442,3.111438551,0.603024216,0,0,0.8688,0.7,5.384358406,4.360066414,-0.354397446,0.220774214,nan,2.9149184,3.2142906,2.7067072,2.7687755,2.903048,3.0514135,3.1747954,24268372252,65.460625,6.8158627,125.15339,32.92939,225.41434,30.411987,36.611855,2.55048,85.68336,22.983961,154.73647,49.426064,177.96683,2.937062937,0,-0.497,-99,4.6422,0.1168,1.9401,0.061,0.6289,0.0112,69.8651,1.2851,10.52895979
38111,150.1801343,2.398938939,0.014604372,33.3543147,3.741943522,53.99314899,4.524422257,nan,nan,88.23757161,4.27499621,nan,nan,12.14194515,3.922277182,23.93610749,3.210986357,30.4801891,6.520321723,43.28319224,6.521345867,85.28751454,6.104775522,154.9815866,6.049057597,240.8194633,3.573639465,271.8385112,3.643430221,339.4245494,5.620220408,363.5381332,3.55836219,1.09713773,nan,nan,1,1,2.9184,1.4,12.86693668,6.875172615,-0.525246739,0.576997328,nan,2.7403011,9.666143,1.829338,2.677517,2.8915865,3.1470501,3.2581573,33267204481,38.249367,1.643198,88.838036,8.0317,276.53952,27.019348,18.684416,1.2809143,55.71442,2.2957802,131.84116,88.35532,112.5418,8.347107438,0,-0.261,-99,28.0546,2.753,8,0.3039,0.4661,0.0078,58.7972,0.5887,10.74822364
38286,150.1722388,2.399607645,0.014524112,9.615759535,3.672942104,25.93373478,5.556872587,nan,nan,72.7851368,4.58262919,-1.444722196,3.04574968,nan,nan,9.691631176,3.982715597,4.160092972,5.517685963,17.99323505,5.826088927,58.60284608,5.616204412,126.4343312,6.014864066,171.1394977,3.307208096,207.5118913,3.345033395,232.6231091,4.947225705,246.5688437,3.180722303,1.104630701,2.796961607,0.710634738,0,0,1.88,1.4,7.589363575,5.31611681,-1.133147717,0.206221907,nan,2.8125277,5.3055677,2.5827987,2.6872118,2.7903047,2.8699112,2.9343774,35049924228,41.176697,3.9159088,144.73103,7.4189606,279.06198,30.341728,18.725327,1.8066454,112.378586,4.6542473,187.53085,9.444077,37.586582,1.837837838,0,0.037,-99,2.376,0.0297,3.6347,0.0767,0.3856,0.005,26.594,0.3258,10.80936613
38380,150.1222418,2.399794583,0.014571681,112.9465806,5.323054051,150.7764931,5.908016598,186.9464172,10.985115,208.2151618,5.488311713,32.88965391,2.369799929,64.81167075,3.575430103,92.1908531,3.779789394,107.3424994,6.961911957,128.9451259,7.119971417,214.1265709,7.248325124,260.6357146,6.996643919,306.3796155,3.579035363,360.9053072,3.595875058,370.3717383,5.237164465,393.6557624,3.441081685,1.367075548,3.030026951,1.075729524,0,0,3.0128,1.4,11.38876534,6.916980743,1.440752983,0.491996749,nan,2.6720731,10.56843,2.4818559,2.5744166,2.6509337,2.6969142,2.7370217,37531461108,151.3945,10.017784,238.38014,18.39563,439.34976,40.93907,92.62735,4.934532,195.27576,14.323242,281.8389,23.519394,375.5711,-1.369863014,0,-0.701,-99,13.0101,0.2418,1.5253,0.027,0.5688,0.0063,-26.6803,0.74,10.90555187
38746,150.173364,2.400731707,0.014539698,46.91530663,4.111034543,58.51644,5.203953143,nan,nan,98.89106019,5.130725806,8.135059102,3.415409963,nan,nan,32.73963057,4.405087028,26.98166115,6.227288853,44.26330363,6.811535948,66.09158854,6.082750505,129.1806016,5.946894763,265.1420605,3.59848551,348.0179637,3.697110512,472.1517861,5.821540593,540.4893105,3.921608792,1.258636973,2.636759383,0.893366355,0,0,2.7936,1.4,10.98342896,6.532211781,-0.055588309,0.467038151,nan,3.4990745,8.371835,1.9378415,2.695626,2.8953624,3.2046332,3.5138717,1.57E+11,91.94694,4.554306,202.71942,17.836739,903.1107,301.86343,48.049084,2.6373672,124.778175,6.321678,336.94775,16.563583,111.67503,3.196347032,0,-0.967,-99,9.3689,0.1197,0.8304,0.0217,0.2461,0.0027,88.4063,0.2633,11.12662424
39057,150.1627477,2.402034049,0.014436233,18.58618654,4.131974106,36.67448355,5.09083931,nan,nan,114.9672213,5.226499747,1.460654536,3.559375626,1.450313185,3.557085611,5.712567843,3.329729757,22.86064486,8.738536733,34.18178367,9.162203745,105.2039422,9.008769093,160.4826588,8.890823793,198.2391172,4.260517989,233.5634566,4.278282389,264.9558767,6.990766438,269.7870038,4.064842134,1.181242723,2.863919707,0.742269627,0,0,1.7376,1.4,6.932788372,6.055831432,-0.691698134,1.007156239,nan,2.5021842,14.462102,2.36636,2.442063,2.5027983,2.5645866,2.6303642,23872664696,46.496986,2.494854,170.00497,8.432289,290.72812,11.055954,19.422028,2.1754484,136.38756,5.1104736,203.78606,9.3628235,36.649235,0.491803279,0,-0.012,-99,0.6909,0.0182,8,0.6442,0.7458,0.0171,81.9815,3.3486,10.71210867
39058,150.163081,2.40222969,0.014439886,33.86620745,5.063046387,75.514273,6.107068059,nan,nan,145.8395544,5.981933529,11.01312618,3.924027871,9.119094738,4.06574655,22.92411408,4.064772515,37.08943899,10.70900037,46.65588217,11.20269461,151.9899927,11.23317638,217.8606822,10.70186006,294.004732,5.02259949,359.8025894,5.027620452,392.5524121,8.006739814,414.8963583,4.837878442,1.415245532,3.026619703,1.094814831,0,0,3.152,1.4,10.92375851,7.486409187,-0.91563338,0.738225334,nan,2.5182366,10.750425,2.2085538,2.295657,2.4898763,2.5968192,2.6660602,38176513032,75.212135,6.1893387,232.79686,18.083908,443.40128,19.45636,41.10238,4.0539703,178.96909,17.248573,302.53525,21.36853,160.43773,1.992031873,0,-0.591,-99,4.8925,0.2408,4.6044,0.1779,0.7848,0.0152,-44.4811,2.4398,10.7296978
39504,150.1318797,2.403203458,0.014524978,nan,nan,67.58265093,4.523937772,109.478482,8.813068355,138.008857,4.434438237,2.95179303,1.775749828,14.41793901,3.141070873,24.25074329,3.220404513,18.73874564,5.797328748,44.25238956,6.076314312,118.5925339,7.177469071,319.8597616,8.32140525,694.6577332,5.179353102,1157.36282,6.627418218,1440.041928,11.14823802,1574.227405,7.214063306,1.09713773,nan,nan,1,1,13.8384,1.4,53.08127213,24.0502243,-0.243001282,3.67009354,nan,2.6843216,6.9138713,2.0697732,2.610579,2.7610273,3.0042849,3.1276052,1.97E+11,45.699192,3.6038303,228.59442,15.709686,1390.9154,112.724304,15.787359,1.2960696,106.28883,10.7199135,532.93176,63.3425,203.55223,9.183673469,0,0.337,-99,6.5254,0.4184,0.4261,0.0915,0.7072,0.0458,86.4043,7.6482,11.23805429
40266,150.1126063,2.40667723,0.014674512,nan,nan,2.454382151,3.302713617,12.24261669,6.745242873,5.815834987,3.023601291,5.679436089,2.843846047,-5.75830486,2.310340169,1.242187741,1.953156838,2.503538708,3.350269851,2.359088067,3.254029149,7.674273035,3.599762296,21.119614,3.374304893,69.79790741,1.435785934,123.8962454,1.483094374,202.7534729,3.372446425,249.8822841,2.196781223,1.843870545,3.426860734,0.8029891,0,0,1.2112,0.7,7.418636799,4.625751495,0.446188748,0.302344647,nan,3.498122,13.008811,2.6247232,3.2279806,3.4824169,4.281136,5.1498227,89868202217,9.072802,2.263226,44.099438,5.430685,417.592,136.29445,3.5957088,1.4423287,21.596376,5.6549144,109.737206,5.323723,120.480576,-2.52173913,0,1.273,-99,236.2603,197.9157,4.4521,1.1473,0.5463,0.0503,-59.4438,4.7353,10.39148885
40429,150.1734915,2.406577782,0.014559321,103.4983814,5.056235778,120.0181583,6.405241368,nan,nan,168.9277372,6.211530397,23.42053798,3.989191268,69.3613791,6.196697566,98.34250462,5.483601078,102.2555518,8.735649551,120.5440124,9.382970793,168.8978445,8.67915861,261.2192815,8.840151972,292.3768613,4.882091502,303.144694,4.795165609,345.8976054,6.941060236,362.2105912,4.511716737,1.461162629,2.621382213,1.059260469,0,0,2.8352,1.4,12.34837723,8.264469147,-0.984099805,0.828329312,nan,3.1437094,7.7187576,2.9367397,3.0737717,3.1602538,3.2525935,3.337848,47676236339,175.10495,6.706703,271.94327,20.81617,416.67233,97.765564,125.88241,4.736763,187.5383,32.58973,293.70966,74.48187,308.2314,3.826086957,0,-1.15,-99,5.9553,0.0617,1.2242,0.0152,0.7475,0.0055,0.9568,1.0044,10.68609376
40800,150.1082756,2.408404363,0.014713773,nan,nan,22.73552061,2.127855092,18.65194201,4.334252426,30.63504272,1.950146821,0.206341923,1.872100426,8.85862223,1.466455294,15.08138625,1.242429671,14.23017857,2.22178853,23.27278338,2.151512849,30.34086971,2.342555449,62.48839485,2.260837646,90.64455927,1.06729774,100.8462078,1.016290933,125.0314845,2.109782022,135.4776774,1.353312033,1.189901063,nan,nan,1,1,0.688,0.7,6.004853249,5.110043049,-1.063738227,0.470329726,nan,3.3131683,4.9786286,3.0269601,3.1851006,3.3447304,3.4942157,3.6564944,23440457943,31.958591,2.208724,66.55591,11.707821,162.88045,62.35161,22.451614,1.331316,45.73556,17.482357,91.99,9.086498,162.77376,6.338028169,0,-0.89,-99,6.4329,0.073,0.2,0.0174,0.8685,0.0117,56.9153,4.9306,9.8474344
41321,150.1549577,2.410230557,0.014446557,nan,nan,122.9461497,5.00304266,147.5553869,9.871416556,199.7838804,5.017141336,33.22480472,3.217245928,53.70243067,3.956924639,70.53052862,4.177169637,67.8505057,6.31056907,97.84976652,6.647248099,197.0595606,6.664702368,273.4366746,6.739491988,320.4326859,4.000024476,401.4378919,4.247852907,432.8808785,5.818924081,464.0850229,3.833656086,1.105088313,2.705620068,0.722238896,0,0,2.1808,1.4,7.23446846,6.156041145,-0.962862909,0.224306383,nan,2.646661,4.0157747,2.3139458,2.5124693,2.6082447,2.6663969,2.7057426,49804086367,152.35188,7.71402,276.81232,24.909515,503.5537,43.569443,100.04183,8.059944,227.43834,12.980797,336.93686,29.040619,438.8136,12.42937853,1,-0.878,-0.999,2.3993,0.0303,3.4823,0.0696,0.717,0.0067,64.1119,0.8782,10.82065661
41678,150.1587977,2.410906156,0.014435227,nan,nan,146.572322,5.429553356,nan,nan,256.3058889,5.041110853,25.11443782,3.320859395,63.00366405,3.774832155,80.13336166,4.077161859,93.11679215,5.914713588,123.137462,6.108508194,257.4209038,5.894048155,354.6548735,5.819286014,512.9853607,4.014895801,686.9263674,4.593081591,816.966229,7.363088054,902.0469891,4.582250034,1.241376069,2.639680535,1.060320866,0,0,4.8512,1.4,12.14097309,8.306123734,-0.539097548,2.61788977,nan,2.6891797,4.765596,2.523577,2.630774,2.6956255,2.7619073,2.85248,1.94E+11,163.69977,11.20797,325.79602,29.14566,1079.3994,79.75775,109.155594,4.6669006,254.87862,17.788658,487.00406,122.85524,451.5283,16.44295302,1,-0.235,0.433,7.1598,0.0531,0.7358,0.0116,0.5379,0.003,33.9651,0.4128,11.25194414
41760,150.0969067,2.411790841,0.01481206,nan,nan,39.35514812,4.69223967,75.91078373,8.796529947,115.2067773,4.700726001,7.003672608,4.245503505,8.441842987,2.819567512,16.12007297,2.948113666,37.54313973,12.88103947,65.8869753,12.98735465,140.4363702,12.55186353,225.9425301,12.96546557,340.5428116,7.771202401,496.6880351,8.868211351,583.5648793,13.19899831,630.1773255,8.100917716,1.137944571,2.727619644,0.734834749,0,0,1.7872,1.4,7.414927959,6.117652893,1.125513792,0.225648998,nan,2.7104688,17.801615,2.4785557,2.594776,2.7201176,2.8378108,2.9222398,72088239016,45.918293,3.2563553,219.49057,22.539108,717.6093,120.26672,17.653633,3.7431102,135.1579,9.932072,341.26892,85.97462,59.35307,3.603603604,0,-0.409,-99,6.9931,0.526,8,0.3559,0.4974,0.0098,-45.3001,0.741,11.07498065
43508,150.1205919,2.418091441,0.014664328,nan,nan,3.302459099,2.74444382,5.318905448,5.666090156,0.885371825,2.47137498,-4.480024312,2.30644283,2.139737766,1.708640745,-0.230461871,1.592454171,-5.735721352,2.383978752,-6.701895006,2.278865733,-1.194582497,2.838198934,18.82771435,2.619700942,73.40099819,1.12179434,126.7115521,1.315378213,221.3444426,3.264906262,268.9642909,2.0994876,1.547045755,3.349088585,0.680053354,0,0,0.9648,0.7,5.470648766,4.710574627,-0.700746238,0.249924706,nan,3.4971378,26.955776,3.2022123,3.281111,3.429449,3.505511,3.6494222,41804576328,3.2698557,1.0983323,48.32161,3.2230396,514.90497,24.562195,0.3451956,0.43938604,19.635548,2.9021406,111.323044,5.898964,218.46411,0,0,1.527,-99,4.5984,0.3573,0.7746,0.1306,0.6508,0.0445,-57.8638,6.5719,11.10089481
44342,150.1639543,2.420885001,0.01466152,nan,nan,78.71227094,4.720867288,nan,nan,120.4029359,4.607414981,9.865326223,2.952188003,27.25766553,3.371030196,37.83390939,3.784421005,48.01948399,8.029088095,77.75025537,8.350841097,125.7599376,8.322846529,179.5610329,8.213179854,256.652725,4.934532462,394.1020227,5.643678802,445.4428114,8.135834535,508.5335235,5.218038274,1.131026382,2.803156907,0.781455446,0,0,2.008,1.4,8.062353134,6.024650097,-0.373427212,0.272112891,nan,2.5912712,4.592582,1.9605241,2.2882545,2.5133092,2.6116898,2.6634061,72184088203,73.6133,4.751671,147.08899,8.46331,571.40656,33.642487,38.13407,3.2620983,102.01339,4.676796,243.20372,14.928223,171.72502,13.63636364,1,-0.706,-0.0778,9.9619,0.1689,0.4961,0.0244,0.454,0.0071,75.2008,0.8124,10.4807312
44689,150.1560508,2.422033177,0.01466141,nan,nan,34.94038085,4.588325414,38.22680804,8.488027265,65.4522573,4.222427801,nan,nan,7.343429025,3.472153959,10.51925861,3.682637931,10.7709944,5.637063141,18.36632263,5.840434689,66.97613318,5.625045824,127.3603827,5.630632251,208.0773497,3.780625671,314.3980068,4.23211586,351.1116765,6.14551767,383.8408637,4.021992109,1.113433501,2.831493266,0.712756563,0,0,1.7152,1.4,6.922738075,5.720757008,-0.095217973,0.923413824,nan,2.591073,5.294755,1.7929692,2.1511848,2.449966,2.6333077,2.7325435,38599379582,32.247776,2.619752,121.362915,7.0060844,422.61975,36.925278,12.775734,1.9120798,74.33434,5.6707497,210.0179,10.622398,41.708664,2.427184466,0,-0.179,-99,6.6314,0.1943,1.1608,0.0426,0.7988,0.0164,74.8629,3.7799,10.59601028
45514,150.1417749,2.425686002,0.014701452,nan,nan,26.66027586,3.631367434,43.11907667,8.97359663,56.55630081,3.772065504,3.51955727,2.936000384,8.299930658,3.65945409,4.431401244,3.248355167,4.681468249,6.382327479,18.01119552,6.751203068,51.36124375,7.665192712,111.0916861,7.371675574,239.303002,3.415670057,472.9026438,4.426475329,601.1991606,7.645392529,721.5887424,5.370444536,1.176531344,2.865025941,0.803123238,0,0,2.2256,1.4,8.474515915,5.7952528,-0.673311234,0.288418454,nan,2.5989053,1.4105053,1.9943037,2.2134051,2.535958,2.7425835,3.075276,1.54E+11,15.721779,2.2392979,82.448944,4.948208,859.3306,49.433838,4.97815,2.181088,37.87604,3.0850868,222.28236,15.758331,179.8034,10.71428571,1,2.014,2.68,13.3296,0.3632,0.2421,0.03,0.525,0.0165,49.1572,1.8113,11.40149167
46062,150.13381,2.427996673,0.014729777,nan,nan,37.65798655,2.126021072,40.2433918,5.693641311,61.61501519,2.286902734,1.737476033,1.400302745,10.75243691,1.428335033,23.22752817,1.523807075,16.4290756,2.57242398,34.27862922,2.603994841,62.87086329,2.700229237,117.6974345,2.739507507,172.6205733,1.400315965,189.073654,1.360222415,238.2438513,2.694131434,254.7969092,1.680162407,1.520655227,3.054052509,0.656117513,0,0,1.2224,0.7,5.978226662,4.825228691,0.321019143,0.241626722,nan,3.2178636,9.379974,3.0104482,3.1423438,3.2342286,3.3309689,3.4536602,27642436602,60.94157,3.050705,122.73263,46.787003,303.43744,101.22424,35.999504,1.7491722,82.31057,90.37854,170.91785,15.530464,173.13776,5.443786982,0,-0.243,-99,5.5495,0.0518,0.564,0.0169,0.4092,0.0035,-61.4435,0.41,10.66897449
46260,150.1058696,2.428806646,0.014803879,nan,nan,20.90024165,4.582899028,23.38763764,9.058600834,46.82993073,4.3126871,-2.940070235,4.257870581,0.891446201,2.749981474,11.01258,3.191195991,21.75445799,12.30767998,-6.962077462,11.98363049,22.24237948,11.3829134,61.71990295,11.13135025,181.8966415,4.495368802,242.3727673,6.069709135,396.7664458,11.66365538,474.498214,7.550585556,1.144762259,2.529347196,0.792219219,0,0,2.2416,1.4,9.192993164,6.669556141,-0.114679404,0.308125835,nan,3.4801962,15.672214,3.2834404,3.3984544,3.4652293,3.4929183,3.5081978,40223766888,34.03926,2.8484173,124.77065,8.551811,893.5719,213.83813,13.524778,1.9776917,67.14667,9.546398,222.24336,11.233353,107.47436,4.895104895,0,0.091,-99,5.1911,0.2406,1.3599,0.0781,0.6997,0.024,-87.8202,3.5829,10.82090538
46509,150.1742915,2.429730137,0.014948154,nan,nan,1.202452214,2.115858821,nan,nan,-0.277368989,1.938062506,0.137681325,1.638193509,2.671246057,1.55049155,-0.092208502,1.258714236,2.014927645,2.463953008,0.003621381,2.421726786,-0.108626325,2.107312125,7.200943255,1.94441059,18.65562084,1.048464052,47.49647579,1.106207286,73.16239679,1.921169857,108.0309911,1.366993562,1.189901063,nan,nan,1,1,0.816,0.7,6.270151615,4.342529297,-0.626911461,0.307728315,nan,3.4928486,9.916405,2.9058976,3.1787162,3.4018643,4.0906816,4.4613266,69089876053,1.5354036,0.8281394,13.023723,1.6965957,200.84946,9.909187,0.40908062,0.64613813,7.1322494,1.9287255,39.3372,2.2200127,82.895744,0,0,2.528,-99,62.5909,24.0611,2.0638,0.4859,0.4769,0.0456,62.0475,4.7236,11.11805521
46646,150.150183,2.430208711,0.0148004,nan,nan,20.28940637,4.563905631,9.151735038,8.456209267,37.31370975,4.176705217,0.7446589,2.859925796,6.434943747,3.926692063,7.564158556,3.888751563,9.375661921,6.443846384,2.95531056,6.630056761,20.05721222,6.286195291,65.0275317,6.198027012,150.8631428,3.678760165,195.8141211,3.6950542,240.7607543,5.388402476,278.663839,3.643422162,1.120095326,2.987689631,0.765764668,0,0,1.6336,1.4,6.447598457,6.36798048,-0.97987771,0.28577543,nan,3.0049107,5.593386,2.7176445,2.8357086,3.056239,3.5014212,3.703535,58718543582,27.271805,1.7871399,95.77007,8.6922035,369.01886,50.2594,14.814637,1.6945262,64.728615,8.07641,168.80058,14.882965,78.239265,-8.636363636,0,0.176,-99,4.7368,0.0788,0.6968,0.0271,0.727,0.0099,30.7995,1.9234,10.9584944
46949,150.1910301,2.431758654,0.015179169,nan,nan,3.411745479,1.720266829,nan,nan,8.653220027,1.623194299,0.847713694,0.93168406,1.767484145,0.844795823,5.088379446,0.787948335,nan,nan,nan,nan,nan,nan,nan,nan,13.77465074,0.906379304,14.27826834,0.794285746,13.16815426,1.450811015,15.24713171,1.0052468,2.27034842,5.163855449,0.381068287,0,0,0.0672,0.32,2.317990303,1.468337417,0.126482308,0.155728798,nan,2.947429,0.09634712,0.14523157,0.9718505,3.1090758,4.07237,4.7695065,80412407571,5.976565,1.6016273,24.066376,43.931805,299.73624,2597.5283,4.433266,1.3938537,11.856199,8.759157,48.249157,390.24304,1.7082375,1.425061425,0,-0.683,-99,-99,-99,-99,-99,-99,-99,-99,-99,9.910285603
47324,150.2016741,2.432955214,0.01530848,nan,nan,14.27348185,2.204570117,nan,nan,28.45572787,2.022344249,nan,nan,7.968143368,1.431026577,11.49981808,1.139932273,10.75133807,3.588127103,16.59262613,3.667074977,21.90797719,3.243374521,45.64010825,3.232845538,69.78793758,1.878687609,79.09069378,1.800449984,104.6828992,2.917527388,112.0345647,1.935552637,1.189901063,nan,nan,1,1,0.5664,0.7,4.538291931,4.0435009,0.614276946,0.253768093,nan,2.8709986,2.6378658,2.7104416,2.8233604,3.0516946,3.2946916,3.4884696,20385253274,19.549578,2.2123775,43.541134,15.176158,124.66226,15.02121,13.672655,2.0798635,33.159695,6.957738,56.20116,41.599876,102.82489,8.748615725,0,-0.761,-99,4.9314,0.1627,0.787,0.0595,0.5174,0.0156,-66.5218,1.8172,9.764808403
47607,150.1389674,2.433760943,0.014820978,nan,nan,58.49981724,3.559274201,91.40959111,8.803317484,136.4453135,3.878246186,-0.805100395,2.920486545,7.960920197,2.809917665,10.14814279,3.085851859,2.813166584,6.589751352,29.86666201,6.695466595,122.6998143,6.522929762,257.7832876,6.967979193,572.4353549,5.356952548,1068.665004,6.894949186,1372.19149,10.45397834,1617.137066,7.005640965,1.137599916,2.574367179,0.851998077,0,0,3.68,1.4,8.728200912,7.843168259,-0.9072541,0.302835892,nan,2.5696034,3.6672785,2.0036516,2.181367,2.3970451,2.5888298,2.6812088,3.66E+11,46.00975,3.5119152,216.07495,10.843475,1848.369,85.435,14.075895,2.4293141,118.01868,5.999634,521.7826,34.78186,145.22069,8.565737052,0,1.879,-99,9.3027,0.1109,0.2,0.0122,0.6967,0.0098,23.4321,1.4455,11.70313749
47669,150.2015356,2.434186839,0.01532658,nan,nan,35.49029619,2.879495235,nan,nan,63.13438229,2.652656916,nan,nan,3.254658808,1.865149455,16.90228137,1.478593939,18.26199644,4.612065863,27.86269452,4.864106406,58.72448105,4.392039763,110.1250856,4.28292344,175.0480708,2.678887353,197.2747616,3.047848056,223.0180904,4.163949254,246.381098,2.671063607,1.507774218,2.986085812,0.610137823,0,0,0.9568,0.7,6.333731174,4.119758129,1.505586624,0.228078651,nan,3.109419,11.724354,1.8160278,1.8919363,3.0382283,3.2168632,3.6343758,25903328035,56.33982,14.457478,114.650665,5.9737053,293.2885,45.176666,31.218779,2.288497,74.56342,3.7272682,176.80748,33.611557,87.915375,-4.830917874,0,0.153,-99,4.5859,0.1881,3.0553,0.1532,0.3611,0.01,-0.5999,0.7693,11.05708619
48680,150.2037102,2.437694359,0.015403036,nan,nan,17.83047483,3.465849308,nan,nan,45.99887133,3.229749374,nan,nan,13.56986423,2.446089257,13.05169062,2.015721826,14.52255366,4.632454428,26.00009015,4.72197713,41.77019618,4.243311049,97.68590264,4.209134483,133.7377668,2.426371565,150.8845375,2.362721263,179.003426,3.846857632,191.9443394,2.478643927,1.48358315,3.170957852,0.64594513,0,0,0.8192,0.7,5.764605522,4.499049187,-1.073838234,0.233396375,nan,2.9849632,4.9176164,2.7195327,2.8383875,2.9892747,3.151812,3.308428,30857820761,32.620346,2.2054749,108.055046,6.9376945,216.10759,56.0988,19.184616,3.164404,78.42519,6.2575645,132.5599,33.06388,79.16341,1.180555556,0,-0.58,-99,4.4406,0.1263,1.7434,0.0717,0.4815,0.0113,64.9507,1.0158,10.54066992
48836,150.1572926,2.438395213,0.014979005,nan,nan,42.52216588,4.934845259,30.34045048,9.572788376,61.83882254,4.6254758,4.830878466,4.649647845,10.68132933,3.481781244,21.26258847,3.691027824,15.78886961,6.778179605,34.30669993,7.117340733,52.57776951,6.834147481,133.3639486,6.950748473,223.2451392,4.458657908,260.1504249,4.495365737,321.1763091,6.72111824,349.4036982,4.409224398,1.181125638,2.933428885,0.892407919,0,0,2.2976,1.4,9.025971413,6.40857935,0.271004319,0.294193977,nan,3.2876024,6.625239,2.9399536,3.1501095,3.2688186,3.4198554,3.5367284,34288226639,67.216446,3.0513306,157.86996,12.06591,473.65067,119.25644,38.413143,2.297552,94.18346,5.9380608,246.69669,19.97123,135.99234,1.177829099,0,-0.171,-99,6.6438,0.1945,2.8129,0.0719,0.662,0.0095,4.4135,1.1442,10.85910684
48919,150.1578749,2.438783255,0.014989554,nan,nan,56.21513311,4.616438672,44.13164776,8.792013209,70.17924369,4.352638401,7.423154577,4.381947592,29.69530767,3.13037421,45.02416608,3.420029228,50.79113685,7.100097875,54.41651796,7.314448005,68.33201698,7.071791464,122.2205958,6.828005748,151.0486545,4.016251376,160.3834578,3.925407982,193.094457,5.781921807,205.5059662,3.851483608,1.09713773,nan,nan,1,1,2.2992,1.4,13.78488159,5.419770241,-0.132460639,0.495301126,nan,3.4605525,5.581213,3.1202548,3.2483897,3.403596,3.4946852,3.6308255,29858036571,50.452602,2.3690739,81.14083,11.474762,170.1301,73.049225,33.391304,1.6966715,63.62627,8.135792,96.33411,8.156345,300.27438,1.458333333,0,-1.37,-99,22.0145,0.8313,2.7538,0.0737,0.314,0.0045,85.3056,0.3808,10.187061
50266,150.170715,2.444301971,0.015196184,nan,nan,14.14495122,2.429076874,nan,nan,34.20719174,2.282576583,-1.545088543,1.925803923,0.482156959,1.500474996,5.064898759,1.431874904,5.600501892,2.302646179,11.16397327,2.398015741,31.55090564,2.17211747,126.1306004,2.397052469,178.1506985,1.786684684,206.8367932,1.776903317,242.6884347,2.789132856,265.4353914,1.818207552,1.330068106,2.891825776,0.559257135,0,0,1.0592,0.7,5.723444462,4.084146976,1.569667101,0.168982145,nan,3.40405,5.3777776,3.2410893,3.3356857,3.4352562,3.5670834,3.6716218,34693032516,41.842987,2.3166542,161.32832,6.6875687,337.1323,94.52887,16.355795,1.390984,125.927734,6.1856155,199.44867,9.583038,82.415886,-151.4248705,0,0.626,-99,1.7242,0.0152,2.464,0.0637,0.3085,0.0051,7.453,0.3466,9.879461155
51178,150.123394,2.44641259,0.01496316,nan,nan,225.1889136,4.181150431,247.5318364,9.55929816,318.1903055,4.628128129,28.49886809,4.602730105,68.9305453,4.029034894,111.1288165,3.585656069,114.42996,9.05466783,196.1602669,9.657905663,323.1151728,14.17066857,464.1739985,15.02005895,723.8998555,6.008684457,900.9747675,8.071087013,1058.033891,11.30481553,1112.090599,7.312367244,1.239385784,2.46782737,0.873704144,0,0,3.1808,1.4,9.765107155,8.022361755,0.212192535,1.406265182,nan,2.7344286,10.881349,2.2094073,2.4201345,2.6988404,2.7447424,2.910971,1.59E+11,172.44942,11.277847,388.91653,55.35318,1325.8577,153.31628,96.35629,4.5557976,261.05038,22.789574,580.045,1242.828,292.56543,-3.184713376,0,-0.302,-99,11.1312,0.1366,1.4433,0.0178,0.6007,0.0046,-88.3922,0.5708,11.61382071
51580,150.1028071,2.449706184,0.015018453,nan,nan,53.13834357,2.430857695,74.57891006,4.460951674,103.0646315,2.717145776,3.885158544,1.493639509,18.82091254,1.978823908,16.74180697,1.277275326,19.14687479,4.030542547,31.95556062,4.037103291,nan,nan,nan,nan,219.7258258,2.334226445,nan,nan,nan,nan,nan,nan,1.189901063,nan,nan,1,1,1.8784,0.7,10.4485693,6.616012573,0.678559124,0.387177709,nan,2.5853894,7.527549,2.3084865,2.4086971,2.522005,2.6224604,2.690861,22892337570,59.590668,3.6225204,156.74141,26.081627,359.95938,465.27875,26.859861,3.1272984,112.97854,7.7638474,216.3204,22.45005,135.9067,0,0,-99,-99,-99,-99,-99,-99,-99,-99,-99,-99,10.35969014
52310,150.1642644,2.453072005,0.015275702,nan,nan,15.16857072,2.843255624,nan,nan,21.58799772,2.208318773,-0.798440556,1.551382027,1.460764036,1.990014525,8.162420185,1.632418839,14.24345325,2.300726888,31.52461595,2.449313875,34.59371128,2.145223836,48.6622079,2.126637017,77.99812723,1.267977481,96.15602906,1.216663798,163.8827581,2.049078289,170.1161811,1.325345373,1.189901063,nan,nan,1,1,0.8656,0.7,6.071462154,4.727361679,-0.665956318,0.611027357,nan,3.453492,51.510944,3.267864,3.413769,5.1945257,5.291675,5.3431096,41866721468,31.495943,1.9888964,62.28149,5.695402,221.29364,76.625656,21.013512,1.3779926,39.605137,2.6821117,89.75379,7.394432,111.96615,21.27118644,1,-0.527,-0.42864796,4.6724,0.0882,0.4251,0.027,0.9046,0.0177,29.2188,7.7104,9.97374224
52762,150.1469399,2.455323669,0.015132794,nan,nan,88.22823195,5.384481839,98.26794275,9.383191772,152.9215291,6.441009194,0.910538099,3.868733147,23.39350423,3.108251799,45.69885664,3.497936972,57.97240663,12.75004475,87.57465932,13.14421479,166.120237,13.40072864,301.970345,13.49532893,359.1737681,7.736503623,402.9401937,8.408115039,450.3999057,11.64478071,485.4159363,7.100387156,1.116337489,2.579502355,0.736046098,0,0,2.0768,1.4,8.591025352,5.923429012,-1.52980566,0.21862629,nan,3.180291,9.551115,3.0794115,3.1427286,3.213432,3.3015556,3.374456,74281902518,152.31938,6.248268,317.8726,39.074295,597.67395,104.8008,93.34748,3.5486221,249.76599,32.157738,386.95078,39.91588,310.77643,1.944444444,0,-0.263,-99,0.7256,0.0148,8,0.4466,0.7252,0.0124,44.5049,1.7582,11.2139908
52828,150.1213219,2.455730677,0.015060088,nan,nan,40.35533382,2.088891672,52.6011683,5.173695543,70.18737391,2.474523063,nan,nan,10.1260183,2.476889053,17.13137708,1.678790324,19.7565566,2.495741432,31.28031437,2.500484186,69.95432042,2.918862066,137.5053917,2.992838388,260.3094389,1.981795893,334.1902989,2.380513391,436.1774056,3.868248868,476.0006597,2.439938011,1.378110987,2.780213902,0.573663743,0,0,1.232,0.7,5.345571518,4.977878094,-1.252970695,0.208176224,nan,2.7437484,2.7574475,1.8016871,2.6052902,2.8671527,3.0915108,3.2304852,63017609057,53.024525,5.474798,135.09177,67.951706,501.96585,52.944702,28.349384,3.3434753,80.910164,7.203228,227.04865,42.035362,148.68929,7.234042553,0,0.648,-99,3.034,0.0344,0.9584,0.0205,0.8129,0.0083,-28.1422,2.0392,11.24414066
53153,150.1336325,2.457417224,0.015088841,nan,nan,124.3569997,5.847203991,155.1957086,9.429684528,216.6758697,6.425782811,nan,nan,57.97202511,5.06953852,76.99114919,4.315664017,74.07782472,9.679262242,95.42571044,10.36071852,188.7454093,10.77717777,450.6328296,12.94868744,592.2228624,10.64397588,660.0805265,10.7904276,799.069032,15.19387167,847.2635908,9.916870364,1.09713773,nan,nan,1,0,1.7808,1.4,6.361176968,6.052536011,-1.23058176,0.211977174,nan,3.1205885,1.6417786,2.9188666,3.023053,3.1401315,3.2517016,3.3436394,1.57E+11,199.36436,18.80619,499.60825,198.2172,1018.11865,352.50256,123.37102,6.444126,362.39987,90.07492,572.4794,218.23859,409.36786,3.821656051,0,-0.798,-99,3.7104,0.0434,3.3471,0.0481,0.7704,0.0055,-71.9176,0.8542,11.11967373
53654,150.1472298,2.459866784,0.015183308,nan,nan,68.12796927,5.111234331,62.50249106,8.655320132,94.91229193,5.45252934,-2.848764489,3.792238971,26.33560056,5.067909004,42.12420264,4.311873325,38.20384455,6.54809284,47.52927765,6.875618754,93.44807611,6.577096436,157.9907967,6.6541953,198.6158921,3.731692826,195.5177481,3.5764293,241.2564833,5.294771247,263.2916878,3.497530714,1.110558491,2.879986066,0.732217102,0,0,1.6208,1.4,7.472043991,5.406790733,-0.04017663,0.28703154,nan,3.1769812,4.3411407,2.9200563,3.1085238,3.1861835,3.2766542,3.3902779,46849262246,91.66528,5.4490433,155.58931,29.300556,351.75327,97.14988,61.424496,2.882803,113.467766,26.042866,176.78366,27.46077,221.02191,7.188940092,0,-1.053,-99,7.5898,0.0576,0.3904,0.0134,0.2763,0.0024,76.3245,0.2282,10.57148322
54549,150.1732471,2.464310607,0.015533751,nan,nan,272.2075003,6.303826902,nan,nan,480.6794927,7.5854822,nan,nan,nan,nan,68.8574452,6.926617657,101.699284,10.63717079,183.7379962,11.96812392,470.2000534,13.19604641,921.8547843,15.13241746,1465.835521,9.423006005,2325.467388,11.36243638,2945.192434,16.24046196,3156.804005,10.22844743,1.19670105,2.23839956,0.939706236,0,0,5.304,1.4,11.24301529,9.79729557,-1.569338322,0.378333688,nan,2.6007214,1.9988942,1.8519207,2.069284,2.2930439,2.621535,2.684616,5.41E+11,320.02747,17.936035,863.4312,49.079742,3474.6624,198.49402,148.2627,10.7044525,547.9845,26.833008,1445.7443,84.93701,166.11575,38.67684478,1,1.216,-99,14.8063,1.2686,8,0.3152,0.637,0.0103,59.0911,1.0178,12.0383593
54812,150.1466003,2.46617356,0.015242965,nan,nan,20.91326477,5.075895366,30.23161511,8.804415964,50.33073297,5.04435288,-3.419967008,5.038156881,4.294650292,6.387402905,5.537791383,4.85908037,16.09861658,7.745940194,35.09463108,8.16008159,47.4649184,7.475690877,105.7163608,7.317711881,216.6645268,4.435355942,297.9786638,4.548078747,399.0389271,7.079164854,435.5480591,5.196608863,1.166355252,3.071163455,0.826739015,0,0,1.6576,1.4,8.386170387,5.400666237,1.282666326,0.346306016,nan,3.4989643,4.963034,1.783705,2.750763,3.1424992,3.5079823,3.7248023,1.32E+11,54.4674,5.237648,161.68202,19.588509,662.8021,199.09288,25.117828,1.9485302,96.22502,9.864243,292.2799,20.119797,84.203995,-4.332129964,0,-0.274,-99,13.3919,0.7523,2.5797,0.1062,0.6798,0.0164,8.7538,2.1175,11.03392197
54974,150.1443192,2.467325048,0.015237889,nan,nan,31.1333774,2.854109108,44.43300728,5.176118336,52.76788427,2.744997841,3.954958968,1.717149754,nan,nan,22.33481207,2.827714894,28.21912303,2.918808788,38.22193637,3.026452254,58.19863913,2.711481952,91.18448342,2.71116407,114.3993823,1.617150071,121.3069727,1.569512946,150.6615651,2.551157383,161.5745206,1.672358831,1.373383011,3.031873964,0.544684628,0,0,0.7456,0.7,5.283925056,3.81760788,0.249946594,0.194310886,nan,3.152763,8.216517,2.6988025,2.7742789,2.9742541,3.1767805,3.2935715,26592336398,53.741127,2.2889671,86.62661,18.52465,184.47145,55.109344,34.942467,2.277565,62.098953,10.735434,100.538025,26.78881,114.66842,4.659090909,0,-0.674,-99,4.9484,0.1195,1.785,0.0588,0.4031,0.0079,-59.384,0.652,10.39355701
55493,150.1641742,2.470589449,0.015496816,nan,nan,5.483340022,1.864545823,nan,nan,8.911376196,1.410655608,nan,nan,nan,nan,8.832505346,1.406996426,9.367861733,1.660401892,7.552255969,1.654518983,10.05933768,1.469511827,20.40786965,1.266086012,12.27581399,0.878385188,6.612931486,0.799236139,7.113041258,1.388142388,8.018609545,0.984288322,2.115120905,4.696849802,0.362804679,0,0,0.0832,0.32,1.968728185,1.894203663,0.029628912,0.146070582,nan,3.0407941,3.8368957,1.6214727,2.7491462,3.494337,4.5995274,5.1921477,1.10E+11,6.8539863,1.3277366,23.262245,7.662994,473.01364,1108.9595,5.3749394,1.3283267,15.823812,4.4587274,51.49731,350.43164,20.168234,-0.470219436,0,-1.185,-99,0.827,0.064,2.6707,0.7705,0.7483,0.1033,60.632,12.9765,10.04419604
55682,150.1160961,2.460934414,0.01510486,nan,nan,169.2805629,25.29444598,131.9692986,42.19024468,213.4012331,26.60952674,78.87889416,19.62609807,42.18774195,23.10837768,203.2758337,18.91342348,499.1723452,54.0211345,492.3547425,53.89588694,627.3063802,52.30941387,770.383986,48.38406589,659.7170327,26.53388273,nan,nan,nan,nan,nan,nan,5.524074384,1.333838765,1.601950204,0,0,8.4416,1.4,48.00277328,18.78040886,1.16083777,11.52066559,nan,3.224902,26.93059,0.46099478,2.966357,3.223316,3.336497,3.43217,23608389912,367.44092,28.15445,601.9383,28.768799,610.90326,283.28162,259.07108,23.507744,599.218,197.19109,526.8883,57.46106,207.6897,0,0,-1.354,-99,51.9423,0.709,0.2,0.0168,0.1059,0.002,-8.1348,0.1779,10.80068439
56089,150.1664185,2.473836523,0.015563093,nan,nan,43.16631285,4.726130744,nan,nan,94.35596973,3.974164522,nan,nan,nan,nan,21.88636205,7.003933435,12.23151939,11.03297639,41.6216707,12.02016409,85.73708224,11.58688517,189.5669414,11.58450799,327.2017065,7.925468048,368.0037757,7.978657164,461.6805604,11.56019404,497.3356278,7.461049643,1.138725085,2.657802789,0.783886128,0,0,1.9264,1.4,8.337844849,6.520586491,-1.391250134,0.330604541,nan,2.8013384,1.5960051,2.5961895,2.7507696,2.8966029,3.1171846,3.2476113,66959236876,72.09172,8.276485,196.04826,44.74765,575.3037,61.41092,37.739136,5.3830776,112.54901,24.502972,276.51068,186.06482,46.034447,0,0,0.079,-99,9.0072,0.1332,0.8096,0.0217,0.5448,0.0057,13.216,0.7898,10.65083514