id,RA,DEC,ebv_mw,f_f105w,e_f105w,f_f125w,e_f125w,f_f140w,e_f140w,f_f160w,e_f160w,f_f435w,e_f435w,f_f606w,e_f606w,f_f814w,e_f814w,f_f090w,e_f090w,f_f115w,e_f115w,f_f150w,e_f150w,f_f200w,e_f200w,f_f277w,e_f277w,f_f356w,e_f356w,f_f410m,e_f410m,f_f444w,e_f444w,tot_cor,kron_radius,kron_radius_circ,use_circle,flag_kron,iso_area,use_aper,a_image,b_image,theta_J2000,flux_radius,z_spec,z_phot,z_phot_chi2,mass,restU,restU_err,restV,restV_err,restJ,restJ_err,restus,restus_err,restgs,restgs_err,restis,restis_err,excess,flag,beta,beta_dark,RE,RE_ERR,N,N_ERR,Q,Q_ERR,PA,PA_ERR,lmass
924,34.24935722,-5.320025428,0.017965875,nan,nan,nan,nan,nan,nan,130.3583287,8.308736373,nan,nan,nan,nan,nan,nan,30.26035083,10.63027939,55.43685893,11.08602502,136.1039045,10.23241444,237.0063675,10.56222807,376.9732419,7.037474426,580.5059578,8.214634367,706.593046,11.77433234,773.6145289,8.237920544,1.28583393,2.768572559,0.915074663,0,0,2.216,1.4,12.6156292,5.412181377,1.232983828,0.404793723,nan,2.666092,1.1902058,1.13E+11,66.68569,8.626364,199.49786,20.092873,833.0075,71.20407,26.830437,5.762702,116.06648,5.595093,356.60434,68.35091,0,0,-99,-99,11.8576,0.3129,0.551,0.04,0.3369,0.0078,-33.8947,0.8343,11.05307844
1167,34.48283294,-5.319062587,0.019378538,nan,nan,nan,nan,nan,nan,nan,nan,nan,nan,nan,nan,nan,nan,16.44869052,4.45251592,36.90842739,4.782745924,52.04348586,4.209332998,87.64563714,3.794814232,130.8889794,2.509262754,156.1472846,2.602989545,201.7634111,4.21550558,228.8900807,3.035056487,1.673506001,2.748684781,0.629407365,0,0,1.0064,0.7,6.968448639,4.702812672,-0.838216066,0.27807452,nan,2.8021574,3.689447,42317131294,46.46672,3.8478832,83.32457,14.622818,253.93935,23.243446,29.733236,3.6569328,56.20368,8.14819,115.003746,38.8212,0,0,0.0633,-99,5.7686,0.3593,0.5474,0.149,0.3817,0.0346,49.6636,2.8421,10.49896742
1235,34.42486882,-5.318609851,0.020652118,nan,nan,nan,nan,nan,nan,nan,nan,nan,nan,nan,nan,1.896819334,2.926218472,4.354454446,4.001041287,10.58687202,4.250471817,39.98497821,3.794855842,83.92282859,3.502871524,167.3768647,2.144084877,278.1672773,2.590195392,358.0499993,4.170761379,412.0160231,2.848722115,1.399165407,2.826285166,0.609786246,0,0,1.1744,0.7,6.783560276,4.288897038,-0.007666714,0.189619025,nan,2.5142984,0.071812086,69345975942,17.373095,5.3115587,78.342094,6.006405,404.33868,17.566513,6.776551,2.7309878,46.913048,8.735899,153.34998,13.560974,8.333333333,0,1.1997,-99,-99,-99,8,2.17E+12,-99,-99,-0.7466,3.91E+12,10.93722674
1243,34.25739863,-5.31857757,0.01811165,nan,nan,nan,nan,nan,nan,50.90091564,4.274917852,nan,nan,nan,nan,nan,nan,25.86015038,4.040202579,31.6282763,4.222149147,52.22212216,3.9312554,101.6350121,3.515173796,130.1753922,2.207309233,187.2425553,2.396486394,201.7503825,3.805246346,233.7460434,2.683741151,1.507974176,2.667723551,0.549819428,0,0,0.912,0.7,6.619996071,4.010336399,0.148904458,0.225703173,nan,2.5513945,2.3760464,24768071333,40.284454,9.060154,94.099335,5.8838005,230.77728,10.238861,28.095675,3.5089016,57.04483,3.4696426,128.04034,6.4442177,8.426395939,0,-0.4178,-99,-99,-99,8,323.5496,-99,-99,89.9355,1187.5137,10.59320856
1255,34.33977325,-5.318785943,0.019889236,nan,nan,nan,nan,nan,nan,nan,nan,nan,nan,nan,nan,nan,nan,-16.16403103,9.757643937,-9.555692388,10.32355294,93.23382092,9.495360936,241.0332207,9.669770661,566.2540271,6.98956882,1005.03159,8.595756927,1303.105825,14.55286608,1498.409276,8.828449116,1.225785817,2.672923032,0.930776535,0,0,2.9424,1.4,11.07242012,6.844715595,0.703771234,0.341925721,nan,2.661832,9.67896,3.85E+11,16.248354,3.006064,187.2209,11.136459,1838.8269,72.91327,1.4254934,1.3634467,83.65734,8.002548,495.41162,24.210236,0,0,1.3225,-99,-99,-99,2.8584,239.1477,-99,-99,0.0005728,4350,11.66518743
1301,34.24619713,-5.318425607,0.017919514,nan,nan,nan,nan,nan,nan,13.09694325,4.201314071,nan,nan,nan,nan,nan,nan,3.986479196,4.260616143,7.990144899,4.276464315,11.98995879,3.692774056,22.58188782,3.136708841,57.27201406,2.036550356,97.239758,2.397118893,143.3381681,3.893797881,167.9859648,2.715144136,1.553058474,3.087371281,0.56642802,0,0,0.6144,0.7,6.395102978,3.289608479,1.086726785,0.247929919,nan,3.4994094,0.44931027,49578571045,15.466075,2.6576629,38.9695,6.518278,264.54266,133.91798,8.997607,2.259573,21.95551,4.8003664,85.97337,7.1174316,0.623306233,0,0.3724,-99,10.654,0.3852,0.2465,0.0694,0.2426,0.0131,-29.7901,1.2173,10.76527895
2362,34.36479802,-5.316047584,0.020427212,nan,nan,nan,nan,nan,nan,nan,nan,nan,nan,nan,nan,nan,nan,40.25686403,11.61784903,59.16662506,11.691276,173.4349296,11.26812849,307.8102304,11.6782292,475.9379633,7.107777012,nan,nan,734.9088109,11.30602436,785.9067905,7.798316831,1.307981137,2.577934322,0.980820441,0,0,3.0832,1.4,11.65422153,7.763044357,1.200737476,0.408484572,nan,2.6605194,8.07E-06,64122292747,85.284996,74.268555,284.0456,55.63562,842.6511,267.44437,38.15566,69.229225,197.5689,144.45465,442.56073,130.08952,5.054151625,0,-0.5065,-99,8.6069,0.5789,0.6288,0.1492,0.3305,0.0252,-28.2481,2.0577,10.91141476
4120,34.37335816,-5.314732417,0.020577268,nan,nan,nan,nan,nan,nan,nan,nan,nan,nan,nan,nan,nan,nan,17.60156241,7.482140067,20.6741036,7.89467406,70.37212854,7.051919717,189.1608972,7.173103397,304.9952523,6.080706588,323.849974,5.760310839,362.3956227,8.954546413,382.7905049,6.272364774,1.095947275,nan,nan,1,1,3.3472,1.4,11.32768059,10.15014362,-0.535461664,0.890538729,nan,3.0999613,0.5256192,52659101360,50.43291,14.287022,164.69453,55.48581,348.53882,57.083206,23.908545,3.441084,125.182755,95.26636,213.57158,105.25992,-5.277777778,0,0.0587,-99,6.4389,0.4587,8,0.3366,0.7425,0.0124,81.1778,1.6781,11.41246571
4567,34.30481574,-5.311184558,0.018941534,nan,nan,nan,nan,nan,nan,nan,nan,nan,nan,nan,nan,nan,nan,10.49065552,2.13280625,11.63734454,2.229329415,20.75813561,1.917809865,37.90667675,1.715927477,63.93277627,1.187450542,104.7593642,1.288516887,136.6382562,2.139517927,155.1105874,1.475762,1.187328163,nan,nan,1,1,1.9792,0.7,11.93437004,5.199666023,-0.567499161,0.395874928,nan,2.6704779,0.006667783,25506785318,15.201556,1.9251189,36.234783,13.0047655,162.28104,15.789528,11.026133,1.7540717,24.834381,4.894663,61.689056,26.772387,26.08695652,1,0.7726,-99,16.0107,0.6743,0.4363,0.062,0.2414,0.01,62.1184,0.9881,10.53291147
5414,34.33248805,-5.309547444,0.01961902,nan,nan,nan,nan,nan,nan,nan,nan,nan,nan,nan,nan,nan,nan,28.67906224,10.86428927,50.24719774,10.35687707,123.4113295,10.07878007,163.5584452,10.08555768,187.961015,5.375797971,233.149434,5.480066649,248.3146147,8.355988451,264.5510835,6.028134731,1.205308227,2.599001332,0.816780779,0,0,1.7872,1.4,9.282632828,6.649773598,-0.068410963,0.369221766,nan,2.5610516,0.000168932,21301523382,54.5681,43.506138,142.67284,10.014671,279.62823,17.14119,30.05958,19.007927,117.194695,12.890369,177.9434,16.9738,5.093457944,0,-0.5907,-99,12.7296,0.402,0.5823,0.0425,0.6219,0.0162,75.4167,2.4717,10.30107543
6352,34.27351794,-5.307326624,0.018426115,nan,nan,nan,nan,nan,nan,nan,nan,nan,nan,nan,nan,nan,nan,15.22845392,3.398927367,21.98814277,3.485772698,37.22464424,3.056919563,57.83191293,2.889022522,76.24692063,1.595773716,93.10162241,1.663674807,116.987083,2.851143783,129.2997716,2.022228822,1.187328163,nan,nan,1,1,0.8896,0.7,6.154262066,4.684222698,0.513618171,0.268439839,nan,2.7292264,0.1983194,21717037533,31.673544,2.8985977,54.693913,15.333641,137.15585,17.11678,20.29678,2.6229258,39.807755,8.672821,63.272182,39.727554,10.18766756,1,-0.3026,0.886,6.8073,0.3678,0.2,0.0672,0.4868,0.0311,-31.81,3.4609,10.32866462
6912,34.29581822,-5.306306141,0.018750313,nan,nan,nan,nan,nan,nan,nan,nan,nan,nan,nan,nan,nan,nan,5.244936482,3.824816105,19.33817399,4.119042392,30.0477269,3.565627407,101.9469426,3.431088299,190.6093042,2.783642891,282.9795873,3.06932351,382.2363084,5.065609464,447.3375455,3.36941488,1.600643417,2.990002406,0.693398959,0,0,1.192,0.7,7.167934895,4.689313412,0.297279447,0.251945808,nan,3.4079375,2.3223865,1.35E+11,39.809135,4.1506424,139.09991,54.114086,675.2521,138.84875,19.927383,5.3892035,89.952095,58.616074,250.0302,13.997162,2.431118314,0,-0.0564,-99,6.5581,0.2942,2.4181,0.1116,0.5232,0.0138,-67.5223,1.2967,11.05637907
7049,34.36303813,-5.30610366,0.020399331,nan,nan,nan,nan,nan,nan,nan,nan,nan,nan,nan,nan,nan,nan,37.04737628,3.386888171,43.84951875,3.402919159,77.3818357,3.067179328,157.6857776,3.043819705,206.9970579,2.03418676,321.8413659,2.328241122,315.0551933,3.536487147,385.1576299,2.41838456,1.187328163,nan,nan,1,1,0.6592,0.7,7.315973759,4.363685608,0.794406652,0.324901377,nan,3.010175,5.209652,27048908096,68.54489,8.1887245,168.32158,18.04213,457.46365,48.225586,44.12913,4.3257732,130.78519,33.829033,213.10106,63.77735,-24.76190476,0,-0.9747,-99,29.7227,8.0596,7.5044,0.7811,0.6842,0.0287,-42.8105,3.2203,10.79212024
7050,34.36304487,-5.306027539,0.02039955,nan,nan,nan,nan,nan,nan,nan,nan,nan,nan,nan,nan,nan,nan,51.50973416,4.842874318,68.37683882,5.111354933,118.9014614,4.541095337,217.4401896,4.496875702,272.9861617,2.902825649,409.6345396,3.354127796,394.7442529,4.865597954,475.936426,3.395646598,1.667123956,2.782044046,0.749012418,0,0,1.2592,0.7,9.099867821,4.978459358,0.287505388,0.35833509,nan,2.5333774,2.163321,31837744426,84.54682,7.3053665,209.56815,11.961479,468.44925,21.835663,58.14035,4.990734,135.63052,11.167786,269.2625,23.257553,14.07407407,1,-0.5178,-0.932,9.768,1.4767,5.4137,0.5166,0.4059,0.0193,-87.4181,1.5016,10.90306315
7361,34.44105101,-5.305483709,0.020241671,nan,nan,nan,nan,nan,nan,nan,nan,nan,nan,nan,nan,2.668660709,3.969971615,17.4629398,4.724843969,22.88817273,5.029013158,84.41603271,4.651523628,227.7368633,4.574105183,297.6470369,3.156892811,353.7317219,3.417827541,406.9012433,5.292933701,426.4676329,3.60075541,1.851316028,2.86563388,0.620735314,0,0,0.9904,0.7,5.64931488,5.191056252,1.348380208,0.572013918,nan,2.990797,5.796712,57172370310,63.380135,4.808569,257.72995,12.863556,473.26468,42.671738,23.627325,5.382412,187.56006,9.832108,324.92218,14.7202,2.824858757,0,0.1467,-99,5.7703,0.3926,6.6457,0.3033,0.7381,0.0143,-38.3668,1.8523,10.13997238
7387,34.32081727,-5.305338387,0.019293705,nan,nan,nan,nan,nan,nan,nan,nan,nan,nan,nan,nan,nan,nan,21.51868874,3.968549073,38.19987932,4.038793669,74.1361052,3.651367477,135.3439931,3.433450567,176.6545558,1.621569899,191.0419465,1.655230443,223.2892768,2.6507105,240.0116497,1.803647726,1.380974966,2.688692164,0.542832931,0,0,0.9984,0.7,5.537073135,4.60097599,0.321355969,0.204042047,nan,2.7955873,0.8135527,29729401635,61.140205,9.704723,132.45615,18.517586,256.17126,30.534943,34.44381,4.209345,91.14995,83.2037,158.46698,59.246326,18.12688822,1,-0.8668,-0.896,4.3459,0.0851,1.3289,0.0361,0.762,0.0117,-76.6631,2.1337,10.60168525
8008,34.43980667,-5.304077925,0.020263273,nan,nan,nan,nan,nan,nan,nan,nan,nan,nan,nan,nan,19.53290584,2.8432532,26.09850357,2.467131346,34.93896211,2.58623262,45.80403117,2.261748205,117.6707404,2.109851659,104.7944391,1.613178818,74.51260291,1.498313132,94.83258416,2.526093191,156.5561126,1.883750162,1.298819907,3.172828955,0.497072112,0,0,0.5184,0.7,4.301388264,3.566291571,0.796871543,0.156194883,nan,3.3854654,63.907574,24910626032,53.735306,3.6738682,102.288864,16.636787,261.96777,36.590645,37.062,3.0581112,91.703766,17.344894,73.51055,5.256359,16.72413793,1,-0.5817,0.046443911,-99,-99,8,0.8996,0.657,0.0304,9.1587,3.4953,9.974089207
8307,34.37239177,-5.303587449,0.020516072,nan,nan,nan,nan,nan,nan,nan,nan,nan,nan,nan,nan,nan,nan,57.69383593,6.560370592,76.87704916,6.819341738,125.7634465,6.286269325,215.6909399,6.560064448,309.6571407,4.716041943,410.9121916,4.960595621,384.7460302,7.180820091,434.5744703,4.877444586,1.228551704,2.751519429,0.937412751,0,0,2.6144,1.4,9.895015717,7.331284523,-0.685217559,0.342336852,nan,3.0053685,1.2828782,20454226057,114.86088,6.3808403,204.9776,76.29018,514.814,82.57347,74.06566,5.0076714,154.65245,140.19803,262.4001,251.89235,-16.93548387,0,-1.0011,-99,9.2063,0.3238,2.8965,0.0826,0.5778,0.0094,88.3766,0.9399,10.29625846
8379,34.34374106,-5.303448033,0.019848942,nan,nan,nan,nan,nan,nan,nan,nan,nan,nan,nan,nan,nan,nan,15.03237377,9.236961001,21.7193855,9.338751451,97.2895559,8.375172014,250.1810701,8.896127925,462.7779573,7.109468672,769.2492931,8.350960766,986.0489766,12.57647393,1053.819159,8.642584388,1.125253148,2.608806083,0.75803263,0,0,2.1104,1.4,8.922354698,5.914155483,1.181740642,0.308889767,nan,2.6405735,1.1224071,1.52E+11,30.478323,3.89285,205.05905,19.367691,1150.8518,123.73584,13.28562,3.3904972,106.90438,7.821762,434.23593,23.711487,24.19354839,1,0.6527,0.978,9.0402,0.2142,0.4298,0.031,0.668,0.0157,-12.4949,2.3493,11.43937806
8393,34.39304274,-5.303276641,0.020617335,nan,nan,nan,nan,nan,nan,nan,nan,nan,nan,nan,nan,nan,nan,18.15167726,2.039396798,21.68640921,2.035813296,38.88969075,1.861468032,61.22697689,1.713791165,69.33642321,1.175300106,83.53990587,1.221899259,100.706996,2.062684399,109.9480567,1.445853855,1.352776127,nan,nan,1,1,0.5184,0.48,4.60119915,3.693982124,0.814293027,0.614662188,nan,2.9079876,0.056077097,23159983334,38.40233,17.647491,77.90176,16.426003,141.92184,15.5947,27.84464,4.0951385,68.81156,23.004742,89.151886,26.127382,8.768656716,0,-0.132,-99,3.9646,0.1284,0.2954,0.0571,0.6676,0.0239,-45.9874,3.9547,10.38922783
8770,34.28716345,-5.302662593,0.018636962,nan,nan,nan,nan,nan,nan,nan,nan,nan,nan,nan,nan,nan,nan,68.70813541,3.635210919,85.8516712,3.833918213,116.2717262,3.47444323,210.3726865,3.432897809,280.7782428,2.565412828,319.7648506,2.603790653,362.7404316,4.032705076,407.3381279,2.615445558,1.346936554,2.528915884,0.561507514,0,0,1.2768,0.7,5.675609112,5.428875923,-1.095480561,0.185352217,nan,3.0447302,0.84767,30936979849,113.77522,8.253456,203.68002,441.93964,471.12067,72.788895,86.50793,5.091614,125.03405,253.5702,236.93956,187.40042,2.362204724,0,-1.349,-99,2.4904,0.0368,2.8628,0.0992,0.8264,0.0119,-24.0164,2.6037,10.47619507
9195,34.25571368,-5.301767883,0.018178682,nan,nan,nan,nan,nan,nan,10.46767955,3.290381359,nan,nan,nan,nan,nan,nan,1.823888904,3.11129732,0.832085992,2.9942405,15.56471998,2.712600498,31.03212934,2.518476404,59.85501163,1.979171376,102.2853238,2.202357067,126.3428129,3.611672825,144.9556778,2.284825882,1.249757946,2.993006765,0.437375993,0,0,0.432,0.7,3.810446739,3.502665043,-0.673908651,0.156159641,nan,2.5991294,3.0161276,22252136578,5.9138675,3.9000773,29.66966,2.5448475,147.60208,11.43409,1.4706829,2.0617597,16.204962,2.7943306,58.063316,3.4258537,4.447268107,0,0.8938,-99,3.6177,0.3685,0.5051,0.1955,0.632,0.0644,41.0022,9.4903,10.54117605
9288,34.24624157,-5.302002451,0.018015641,nan,nan,nan,nan,nan,nan,795.4559366,9.607178909,nan,nan,nan,nan,nan,nan,42.42185795,6.755925897,144.6487561,7.851974038,709.4124703,9.944316785,1299.210866,12.64044937,1857.599004,10.52413204,2349.309136,11.3059826,2672.268772,15.78384875,2870.630666,10.34025343,1.104181555,1.824148702,0.718285118,0,0,5.5872,1.4,11.69304085,8.287543297,1.225419402,0.206951397,nan,2.513969,9.241267,2.97E+11,240.72551,11.831963,1226.3583,56.707886,2883.3655,118.13721,76.407295,4.99868,828.59155,37.430634,1773.1609,123.39252,10.0286533,1,0.4883,0.0282,6.1403,0.0826,4.7027,0.0587,0.3841,0.0023,-11.5312,0.1746,11.83675014
9569,34.46205571,-5.301340393,0.01965209,nan,nan,nan,nan,nan,nan,nan,nan,nan,nan,nan,nan,nan,nan,62.30969161,4.71334466,83.49650994,4.718052433,138.5614082,4.393173413,208.138151,4.230737139,235.3036916,2.882344178,243.2174128,3.004469978,283.5747904,4.68372043,294.4127813,3.118929536,1.60331068,3.113813931,0.692746777,0,0,1.0672,0.7,6.393089294,4.838747501,-0.729922056,0.275073624,nan,2.7046125,0.26402617,27841028221,117.06907,24.564377,191.06143,54.239197,299.07123,60.513313,77.42917,16.039824,150.5119,132.2536,195.9042,150.7651,13.58490566,1,-1.0974,-1.04,5.872,0.1737,2.5927,0.0801,0.5404,0.0096,70.3865,0.8821,10.57100642
9635,34.46245717,-5.300949497,0.019638276,nan,nan,nan,nan,nan,nan,nan,nan,nan,nan,nan,nan,nan,nan,4.388040739,3.835561553,16.84898214,3.887968007,43.57578494,3.410278535,84.96487682,3.294255496,132.1072947,2.137570929,162.8278608,2.376240039,196.5280708,3.726376384,210.1132794,2.618311804,1.382552192,3.092810418,0.573913684,0,0,0.7328,0.7,5.345720291,4.025875568,-0.861198008,0.20477283,nan,2.759026,1.0058306,22770072658,29.9592,5.385377,86.8357,17.265362,220.77603,28.366531,12.568011,3.3400297,61.977066,21.647793,127.86951,52.10921,6.542056075,0,-0.2443,-99,6.3725,0.4966,2.9733,0.2165,0.525,0.0216,38.9525,1.9242,10.61891523
10664,34.43808636,-5.299270792,0.020269185,nan,nan,nan,nan,nan,nan,nan,nan,nan,nan,nan,nan,15.22065559,2.723803954,19.60472225,2.364926052,38.25981716,2.639549799,92.59313368,2.381653298,197.1996372,2.359408413,284.0482779,1.801096229,336.6047109,1.875839235,410.8901252,2.980388351,441.8691545,1.957677147,1.259023224,2.286406019,0.446233789,0,0,1.128,0.7,4.962886333,4.796935558,0.767011881,0.161593725,nan,2.8484488,1.0350472,66378341674,73.00123,16.637762,207.8757,41.080544,486.15048,48.794754,35.26833,3.7706804,133.73058,99.44577,287.71484,51.29461,26.99055331,1,-0.356,-0.455,2.2805,0.0441,4.5268,0.132,0.8664,0.0103,-82.8987,2.7474,10.89604768
11949,34.30656322,-5.297172983,0.018938899,nan,nan,nan,nan,nan,nan,nan,nan,nan,nan,nan,nan,nan,nan,4.765484545,1.797056111,6.813072129,1.800089561,21.01285544,1.641901648,61.27787169,1.522349272,136.8684887,1.147167025,241.4357673,1.347820704,306.6077514,2.146928777,355.9722537,1.43987895,1.250000977,2.431305676,0.471904694,0,0,1.1312,0.7,5.688825607,4.1389184,-0.943264902,0.150457774,nan,2.9954956,0.042251542,50427478344,15.821134,5.3130736,74.66593,27.93422,437.03806,49.995728,6.8601284,1.5728118,44.400135,38.483364,157.48259,60.19003,4.647887324,0,1.0432,-99,16.5116,2.1385,8,0.4614,0.4221,0.0109,42.2908,0.7846,11.07829951
12720,34.3133262,-5.295495388,0.019035346,nan,nan,nan,nan,nan,nan,nan,nan,nan,nan,nan,nan,nan,nan,34.96786833,2.643617996,53.45306295,2.791620356,88.88524115,2.550166279,138.1179134,2.364709925,198.9939274,1.340564506,229.6411757,1.425238914,276.7633466,2.233316275,294.6632617,1.514585649,1.363728532,2.323696238,0.490410595,0,0,1.1952,0.7,6.200445652,4.489707947,0.620463789,0.178001922,nan,2.8039021,0.9274711,34339965511,77.80794,4.5548553,127.30745,32.554386,312.58304,37.65355,50.04855,3.1022396,98.57794,45.50988,166.5368,135.4282,20.13651877,1,-0.0673,-0.447,4.1534,0.0693,1.9653,0.0461,0.5202,0.0068,-54.1038,0.6231,10.83363353
13124,34.26695714,-5.294819753,0.018377159,nan,nan,nan,nan,nan,nan,nan,nan,nan,nan,nan,nan,nan,nan,3.741221335,2.643570707,9.16729607,2.667704382,21.95481108,2.310693817,66.81379532,2.178447027,123.0677695,1.400525549,201.94781,1.578945658,260.4270312,2.632030722,291.94044,1.847049894,1.399945366,2.642920383,0.593493762,0,0,1.256,0.7,6.160229683,5.116197109,0.550510645,0.23326204,nan,3.1488712,0.3567025,53478889024,21.348146,5.025094,86.65904,5.4940224,368.09326,70.88728,9.984364,2.2796054,48.638588,57.13609,155.02919,23.728706,3.443708609,0,0.0832,-99,5.8453,0.5916,5.202,0.3668,0.8476,0.0274,-78.5519,6.2228,10.88270898
13198,34.24888132,-5.295269285,0.01813585,nan,nan,nan,nan,nan,nan,35.12097861,3.493490276,nan,nan,nan,nan,nan,nan,5.558950498,2.409203063,8.968195616,2.48339956,31.34356323,2.299468037,77.36265782,2.076846721,116.8504969,1.439203927,143.3269248,1.526893434,173.960529,2.485669101,184.1483554,1.69816004,1.30386402,2.732513268,0.444112575,0,0,0.664,0.7,4.281473637,3.856100321,0.898423016,0.153561976,nan,2.9441643,0.43322098,31779927304,21.640377,5.5732737,87.74771,5.8119087,202.94878,21.231743,9.115355,1.6597748,61.78765,5.5307846,123.65764,14.693729,2.383654938,0,-0.0101,-99,0.9202,0.0221,4.0669,0.2883,0.5109,0.0153,1.5176,1.4935,10.35450828
13199,34.24847093,-5.294953909,0.018135301,nan,nan,nan,nan,nan,nan,90.61346582,9.733401717,nan,nan,nan,nan,nan,nan,36.7207241,9.022938451,43.84622247,9.204229508,79.94154947,8.126660898,108.5198564,7.76435302,188.5480259,4.863383856,311.0368495,5.226515432,410.6374922,8.473364783,504.0179757,5.938883342,1.559927094,2.989065932,1.016480421,0,0,2.4192,1.4,16.15909386,4.472908974,0.704699695,0.740103564,nan,2.657944,1.5793563,1.39E+11,35.533382,4.2639494,86.07126,6.2361603,588.38904,24.822144,24.556229,4.167053,68.557236,6.9148903,164.55637,8.827614,23.36492891,1,1.3456,2.258007236,26.2404,3.3746,4.1075,0.3226,0.1507,0.0061,-53.0642,0.4889,11.00415108
13317,34.30682298,-5.29458114,0.018950873,nan,nan,nan,nan,nan,nan,nan,nan,-20.5396822,7.575614107,-5.040500079,4.077158904,-7.125652726,4.957105799,6.759839457,4.915401512,13.00423471,4.99719321,97.36779604,4.92358941,190.0884915,5.114050747,273.6770709,3.680228621,352.1223175,3.922072853,396.0293666,5.680056795,413.9877351,3.737222954,1.095947275,nan,nan,1,0,1.5632,1.4,6.57113266,5.681985378,1.34551537,0.231543592,nan,2.6263046,20.817461,48070664492,28.905937,2.618023,159.04797,7.739174,428.11133,14.852844,7.434985,1.3567181,108.30224,5.7324486,240.58315,11.903404,3.937007874,0,0.0254,-99,4.9135,0.1477,1.9627,0.0723,0.5023,0.0104,-8.9933,0.9984,11.04810228
13411,34.46408198,-5.294390195,0.019539465,nan,nan,nan,nan,nan,nan,nan,nan,nan,nan,nan,nan,-5.496721135,6.453967463,9.341315718,4.720745141,12.5112405,4.524461721,46.64521825,4.098856645,107.8182951,4.216364606,214.7497686,2.891976819,322.4464218,3.275358044,439.4159619,5.162037153,490.8221223,3.484359272,1.095947275,nan,nan,1,0,2.0304,1.4,7.001186848,5.888941765,-0.111812219,0.20975326,nan,2.7411795,3.2500505,1.09E+11,20.936903,3.1580229,102.57213,6.0170403,563.35736,60.974808,7.9119244,1.741092,64.264946,4.8243675,209.77168,10.446518,17.91044776,1,1.5227,1.101616935,5.9608,0.0958,1.6124,0.0317,0.5024,0.0058,-86.7859,0.5749,11.15853314
13418,34.32738214,-5.294352954,0.019337981,nan,nan,nan,nan,nan,nan,nan,nan,nan,nan,nan,nan,nan,nan,36.67903046,2.697554174,52.80074168,2.782511331,65.69037114,2.447209201,126.7028766,2.35946166,157.1920139,1.630024086,165.1721424,1.680376949,191.3013125,2.712721208,212.9041131,1.988428925,1.383543635,2.796025187,0.564800043,0,0,1.0176,0.7,5.40024662,4.722518921,-0.968210697,0.198935455,nan,3.0710359,3.5585816,38394535845,65.569,4.74041,121.18457,86.291756,249.01787,71.96583,52.108418,3.3668957,85.69161,56.759,148.94307,73.51857,-3.962264151,0,-0.7711,-99,3.7988,0.0457,1.3592,0.0328,0.3834,0.0051,43.9255,0.4254,10.57221015
13971,34.51657219,-5.293516076,0.018747191,-8.294822251,6.716533232,nan,nan,20.66795344,5.825886577,nan,nan,nan,nan,nan,nan,nan,nan,2.217522394,6.797132051,6.370963844,6.519960153,35.39104993,5.901048789,87.67664038,5.973744558,169.5833005,3.649878971,309.9333256,4.384198542,412.5701734,6.812487954,475.95082,4.708822789,1.133842562,2.944493651,0.804283442,0,0,1.8,1.4,8.342607498,5.589529037,-0.978589058,0.292088723,nan,2.6812246,2.550327,1.36E+11,10.471529,2.578412,72.53524,4.3181534,564.9241,32.395874,2.543339,1.8292083,41.149815,3.6866322,154.87524,7.434059,13.87283237,1,1.3892,2.767279844,11.3219,0.2179,0.5777,0.0282,0.3931,0.0064,36.1138,0.7181,11.12194762
14361,34.31921963,-5.292891505,0.019128316,nan,nan,nan,nan,nan,nan,nan,nan,nan,nan,nan,nan,nan,nan,3.120200434,8.832204828,26.27088133,8.922924075,157.3978975,8.632423399,360.5074886,9.230856139,618.1908506,6.089836767,861.8859085,6.649865485,995.665915,9.949206913,1089.663089,6.598360215,1.373366017,2.561758819,1.175518402,0,0,5.6032,1.4,16.80248642,7.832291603,-0.260899782,1.296949865,nan,2.6565914,3.1440365,1.55E+11,51.66064,5.6420937,336.35632,15.775452,1171.7343,50.560547,12.573899,3.2608666,204.74963,10.937607,591.36084,27.373138,9.523809524,0,-0.364,-99,13.4001,0.2735,0.7508,0.0289,0.4209,0.0059,74.4388,0.7565,11.37682584
14493,34.34941445,-5.292544419,0.019879295,nan,nan,nan,nan,nan,nan,nan,nan,nan,nan,nan,nan,nan,nan,-19.17172008,9.828424117,3.639751332,10.06261693,16.79160088,8.650820119,58.18075942,8.780569504,152.3583432,3.680912948,272.727087,4.268797774,343.5490698,6.685253932,403.7864394,4.606928187,1.127207799,2.76122221,0.712787819,0,0,1.5568,1.4,8.904493332,4.677228928,0.202100053,0.289124093,nan,2.5155044,2.7520347,80678779329,5.1039057,1.7160242,49.233566,4.352806,428.43613,18.2798,0.74928176,0.3217852,24.294687,4.436449,125.73702,7.646141,3.658536585,0,1.5594,-99,11.3374,0.9276,0.2396,0.0983,0.4325,0.0411,-78.4778,4.113,11.07527903
15599,34.4023894,-5.290698141,0.020562502,nan,nan,nan,nan,nan,nan,nan,nan,nan,nan,nan,nan,0.472257178,3.2443523,8.524701605,2.024891924,23.60251446,2.177508271,38.8623652,1.914768062,108.9800362,1.881337909,157.4326729,1.475265933,207.1343996,1.816446103,237.7443924,2.435428669,251.2402753,1.633420692,1.246545244,2.516290234,0.444242337,0,0,0.8832,0.7,4.72110796,4.126240253,0.927532136,0.144741821,nan,3.1744435,12.854524,30384322509,40.213623,2.7565632,134.39627,5.810074,289.84665,42.9665,21.781418,1.8429804,91.8707,18.147602,184.68939,22.738052,0.60483871,0,0.2141,-99,1.9003,0.0451,4.9562,0.2068,0.7026,0.0121,-80.4335,1.5441,10.82252533
16019,34.39330483,-5.290065201,0.020516971,nan,nan,nan,nan,nan,nan,nan,nan,nan,nan,nan,nan,nan,nan,13.66242077,6.406763945,17.29764683,6.311437489,53.735544,5.918449462,122.9456007,6.047442714,179.9526932,4.119963514,303.6258458,4.702043378,389.4571428,7.171090388,434.3238518,5.01260937,1.095947275,nan,nan,1,0,1.5744,1.4,6.146686077,5.760795593,-1.340370178,0.192989768,nan,2.8630066,2.3797383,1.17E+11,24.07378,2.0749931,107.63815,8.223549,509.02097,140.30707,9.120464,1.9390829,74.17704,3.8547897,188.78445,21.8004,6.25,0,-0.0999,-99,8.3152,0.2266,1.795,0.0476,0.6634,0.0106,-9.0701,1.4102,10.86831461
16096,34.36280546,-5.291477611,0.020190517,nan,nan,nan,nan,nan,nan,nan,nan,nan,nan,nan,nan,nan,nan,17.95682208,6.54149295,56.34821431,6.957997035,287.5487959,7.444156771,503.4157205,8.940091877,610.8262677,6.448533466,774.9297465,6.884442263,849.9096062,9.632463045,923.4365086,6.085388425,1.095947275,nan,nan,1,0,2.7088,1.4,9.247485161,6.312725544,0.570483267,0.188044923,nan,2.5376515,7.0949154,90352809013,114.3877,6.1564293,489.70663,23.668594,918.449,39.43634,42.580364,2.8671112,356.18872,22.47992,593.41925,30.185577,6.5,0,0.389,-99,2.985,0.0383,3.4966,0.0646,0.7184,0.0062,-88.1926,0.8401,11.11208
16561,34.52632528,-5.289118993,0.018682665,nan,nan,27.03571222,2.270501377,nan,nan,40.043321,3.123243961,nan,nan,nan,nan,nan,nan,14.65445286,2.662207449,24.66333235,2.629826037,41.67241306,2.348420669,86.16914474,2.26010031,131.4943609,1.540956123,149.935799,1.588378205,173.2457872,2.587700757,198.1079782,1.777510247,1.383241467,2.658669148,0.535093521,0,0,0.9744,0.7,5.658065796,4.474482536,0.867149591,0.192070122,nan,3.0028145,1.9048896,32176003031,38.07814,1.8507729,89.80018,23.112309,230.67958,49.545242,24.30879,2.245924,58.135254,26.420876,115.40233,59.46398,-2.201257862,0,-0.335,-99,5.0779,0.1491,2.2795,0.0927,0.2976,0.007,-48.7406,0.5203,10.63246043
17090,34.42213685,-5.288124991,0.020374684,nan,nan,nan,nan,nan,nan,nan,nan,nan,nan,nan,nan,15.5051277,6.404404513,5.854415775,6.586823836,18.94557032,6.674337836,68.97828254,6.008367732,118.8261127,5.990001693,197.7327593,3.953993401,331.6818689,4.574426578,406.090551,7.082051898,478.8147013,4.811109298,1.135330175,2.660590303,0.762910705,0,0,1.9424,1.4,8.716571808,5.895568848,0.724852562,0.281841515,nan,2.562375,2.2180858,95967153490,26.822927,4.073141,90.8449,5.3913918,527.6486,22.99965,13.32609,2.032693,62.847363,6.925331,166.66867,12.253548,14.94252874,1,1.5377,2.201606397,8.6589,0.4191,1.1495,0.0724,0.444,0.0147,-56.4174,1.6199,11.16887513
17729,34.38002102,-5.286846799,0.020382612,nan,nan,nan,nan,nan,nan,nan,nan,-4.891256296,4.228567182,2.027621016,2.304864162,1.196100367,2.450793726,-3.046989307,3.638297447,9.949781161,3.896400431,20.64316519,3.508523783,70.59670281,3.264608426,135.4300835,1.611100022,229.5879092,1.867905808,304.5330186,3.086714207,335.2652903,2.039243002,1.506115348,2.747427221,0.587988564,0,0,1.152,0.7,7.01107502,4.083013058,0.239491075,0.232635457,nan,3.108144,5.617895,77029963698,18.52531,3.4352155,94.33832,5.258507,419.6699,22.28003,7.379605,1.8824687,56.583458,9.520357,176.14662,6.4769363,1.09947644,0,0.2745,-99,8.4662,0.1371,0.4379,0.0293,0.2462,0.0046,-79.5819,0.4184,10.95107458
18004,34.31269078,-5.286237261,0.019030865,nan,nan,nan,nan,nan,nan,nan,nan,-1.712460322,3.511694373,-1.122299289,1.906486555,2.931229246,2.106344968,-0.420474314,2.239198896,7.085267038,2.317558345,27.69085261,2.128920984,64.02804778,1.950339205,149.9460782,1.660554232,223.113106,1.773385255,329.5594293,3.051775028,389.6898751,2.063264419,1.288572039,2.432298446,0.48571982,0,0,1.0944,0.7,5.15825367,4.831870079,-0.106519096,0.171557263,nan,2.7132962,8.0634,85695088359,13.62013,2.0952764,67.90685,4.3429146,427.38306,25.763977,4.4265594,1.5702531,43.052326,3.237543,153.49362,7.951294,36.01532567,1,1.9485,1.3280676,2.5006,0.0986,3.3627,0.2282,0.5131,0.0184,-53.3025,1.4581,11.05677554
18457,34.42014181,-5.285252138,0.020347226,nan,nan,nan,nan,nan,nan,nan,nan,nan,nan,nan,nan,-2.685897363,6.30561575,8.050158624,6.254122189,12.81423982,6.549859862,52.96975166,5.847829599,114.9484314,5.96177778,204.2890529,4.186626798,324.0071587,4.805006454,378.7415285,7.283247178,454.0509842,4.89945515,1.095947275,nan,nan,1,0,1.6464,1.4,9.14010334,4.304747105,0.190696865,0.265658193,nan,2.61582,2.8326116,86468443310,18.994755,4.431951,101.51938,5.9415894,502.27502,24.543839,5.721862,2.9362288,60.825813,6.6266365,192.50049,9.931946,9.88372093,0,0.6993,-99,10.7096,0.527,0.8732,0.0732,0.3827,0.0128,-82.8995,1.5325,11.0358836
18746,34.26427684,-5.284782279,0.018395434,nan,nan,nan,nan,nan,nan,nan,nan,-2.684888324,3.171746972,3.746818489,1.978287041,9.219003887,2.621207686,15.57377115,2.415735043,41.0831873,2.470336559,91.86244828,2.280207577,231.2881772,2.426226543,295.8013272,1.865467073,376.3883505,2.015515665,425.0758067,3.07306468,462.2719646,2.066827866,1.22677642,2.195787734,0.455412308,0,0,1.3328,0.7,5.339862347,5.034759998,1.254354954,0.135413402,nan,2.7146528,12.898645,20668087984,69.88152,3.702999,230.64352,20.676277,481.73386,29.724823,30.881866,2.4106588,121.875015,26.963379,303.0757,15.009781,41.32791328,1,-0.0805,0.215353957,1.4641,0.0164,4.2577,0.1117,0.6976,0.0081,41.5231,0.9511,10.45264716
18970,34.4067534,-5.284418729,0.020505719,nan,nan,nan,nan,nan,nan,nan,nan,-0.91641724,3.459056685,12.66419045,2.081122125,20.12339482,1.881280553,23.07599438,4.988757156,40.09102771,5.271364566,154.1600933,5.074283204,234.3813805,4.809272261,336.3943465,2.860755943,415.5288584,3.116313111,452.6502761,4.65642986,480.2102698,2.946365707,1.340954932,2.619383215,0.616994583,0,0,1.4304,0.7,6.118452072,5.6676507,1.09488225,0.17085433,nan,2.5973816,3.3013132,47282243273,69.29162,5.4215603,232.96382,12.152153,483.96188,38.270126,31.293552,3.0108585,190.28868,10.530579,331.58154,16.969437,7.619047619,0,-0.1221,-99,2.365,0.1739,8,0.7682,0.6376,0.0217,-82.7901,2.2618,10.98816638
19129,34.46191901,-5.284065233,0.019511575,nan,nan,nan,nan,nan,nan,nan,nan,nan,nan,nan,nan,53.55303157,4.344209988,53.07266482,2.752285534,65.73711885,2.77671179,83.90643392,2.441940578,123.2760204,2.214505975,147.8235861,1.390521914,132.6744027,1.332324024,146.8351846,2.193719524,161.1952804,1.586200518,1.977884042,2.935518039,0.795199824,0,0,1.4224,0.7,7.388832569,6.207078457,-0.996631444,0.356932542,nan,2.981855,1.788976,22303007811,82.71172,4.431118,108.45123,22.081852,180.26747,57.661953,65.119545,3.7394028,86.7862,18.809532,105.074394,83.86883,0.769230769,0,-1.1734,-99,7.1837,0.0938,0.7855,0.0192,0.6902,0.0068,26.1341,1.2023,10.39724307
19166,34.38163344,-5.284016305,0.020358015,nan,nan,nan,nan,nan,nan,nan,nan,-1.296912199,4.224457696,-4.598176114,2.312340309,4.026771207,2.961187358,4.141623646,4.241186684,12.80440828,4.228340491,42.61426323,3.792328316,110.5299868,3.65947841,233.6718014,2.716342052,nan,nan,598.3913563,5.58208316,697.8445414,3.956703143,1.525152616,2.713029211,0.647421371,0,0,1.4096,0.7,6.811811447,5.224954605,-1.251442075,0.249053339,nan,2.7818232,5.588282,1.82E+11,23.906937,2.7649555,121.50284,8.089096,782.79193,63.140106,9.025937,2.188714,75.47235,21.412983,251.77147,13.6184845,15.60693642,1,0.6975,1.370307875,7.3463,0.1806,1.0717,0.0392,0.4512,0.0082,4.8405,0.8928,11.39419045
19367,34.46921559,-5.283563649,0.019338401,nan,nan,nan,nan,nan,nan,nan,nan,-1.983574486,3.364612834,1.724988175,1.844841363,9.238583108,1.765516397,8.656946849,1.892890209,12.40023013,1.960142562,25.38342731,1.756260411,77.69169919,1.591219884,113.7181672,1.513108745,135.2293459,1.50560484,167.286534,2.533900195,194.8310117,1.707643142,1.256929636,2.966951378,0.480931073,0,0,0.6976,0.7,4.341475487,3.782574415,0.948185742,0.147509274,nan,3.498806,2.5850995,42278342861,36.405354,3.7654476,101.51932,6.5702744,296.17612,62.909027,17.325684,1.5056529,80.22591,7.4632645,130.07263,6.3131294,3.684210526,0,-0.4967,-99,1.8363,0.0279,2.5528,0.0999,0.7548,0.0124,-13.4143,2.0648,10.50886615
20234,34.2400418,-5.28226108,0.018212386,nan,nan,nan,nan,nan,nan,nan,nan,-18.63915633,9.000020798,12.45272401,5.537611287,nan,nan,10.54967356,7.503774286,43.46355384,7.68192307,139.1902105,7.078588958,319.9142465,7.027370784,560.3840731,4.880941264,911.9752307,5.771084308,1166.330595,9.137069044,1275.537736,6.039264582,1.312315595,2.596753944,0.958345644,0,0,3.4528,1.4,12.94073963,6.578148365,-1.193436027,0.429443619,nan,2.6506805,2.140057,2.58E+11,48.199677,12.4506645,253.08844,32.210777,1474.4717,136.52496,19.360483,3.6785908,147.13557,22.684875,497.4666,31.308075,25,1,0.6006,1.492482596,11.1868,0.4362,1.5884,0.0633,0.4007,0.0092,-9.9261,0.903,11.48947858
20325,34.34546869,-5.282042384,0.019646032,nan,nan,nan,nan,nan,nan,nan,nan,1.712265849,8.655974627,14.81044862,5.007017921,31.53633036,2.229948278,38.47677367,8.577975567,129.3993844,9.602481009,427.277513,10.17996687,815.5640338,11.46864804,1266.35308,11.45583412,1822.693556,12.67608007,2181.273899,18.81891211,2348.205845,11.80608268,1.233724065,2.357910825,0.922875838,0,0,4.0976,1.4,11.77681732,8.129875183,-0.17731531,0.354447944,nan,2.5897236,1.1831964,3.61E+11,190.19704,16.856941,754.88916,47.61728,2473.0212,130.20886,70.26191,7.01272,516.3108,56.85324,1199.7325,75.2666,5.405405405,0,0.1056,-99,21.8863,1.2344,4.5602,0.1411,0.4381,0.0067,78.8861,0.5448,11.6211907
20396,34.52150896,-5.281722786,0.018646114,nan,nan,nan,nan,nan,nan,nan,nan,nan,nan,nan,nan,nan,nan,3.535503491,2.427624661,11.47329981,2.404793376,53.34918501,2.220180602,121.6424319,2.127515283,171.2995394,1.750949662,220.4172775,1.816424264,277.0647228,2.912228532,300.6991013,2.007185992,1.223846451,2.472460815,0.413184897,0,0,0.7744,0.7,4.321600437,4.038921833,0.226301655,0.143459623,nan,2.7723217,2.8835514,48649248720,28.050535,2.5125046,128.7817,6.859108,322.4226,39.07283,8.826632,1.6770744,89.3042,4.393383,178.8399,8.329025,24.17127072,1,0.038,-0.115153375,2.0935,0.0252,2.206,0.0705,0.7032,0.0098,88.5586,1.4069,10.71021221
20739,34.34624962,-5.281201455,0.019655572,nan,nan,nan,nan,nan,nan,nan,nan,21.38741246,4.040755002,55.0044787,2.411912881,65.09643051,0.957604667,70.45115428,2.856454039,101.6678891,3.00284472,179.34515,2.844982579,218.748226,2.630106892,249.0291451,2.620460482,297.997181,2.767997304,321.7622982,4.290363087,341.6809472,2.928594425,1.43837423,2.498996665,0.546751271,0,0,1.1216,0.7,5.717729092,5.23244524,0.561890841,0.231445489,nan,2.6452682,3.8595245,20826805725,143.4101,17.019997,210.29933,13.926842,342.46594,40.548004,90.26148,10.093685,192.062,18.178406,248.501,20.25785,12.23300971,1,-0.7153,-0.934673839,5.0019,0.0464,0.4968,0.0145,0.7417,0.0067,-72.4671,1.2647,10.67390657
21084,34.37147939,-5.280650449,0.020150219,nan,nan,nan,nan,nan,nan,nan,nan,0.994568924,3.732212416,-0.801575874,1.888729666,0.648142934,2.045905125,4.159810997,3.28214238,13.27846577,3.449168717,41.77568396,3.168598703,92.41229019,3.034427031,165.323406,2.63746658,237.3426035,2.875235538,287.9539748,4.86986901,330.5836034,3.195642909,1.332313024,2.712249543,0.55193754,0,0,0.984,0.7,5.657716751,4.574666023,0.633559346,0.174413664,nan,2.6091993,1.711315,54545583829,20.250223,3.7755756,90.94385,7.2773438,337.03766,16.242691,6.8982887,1.6160362,57.572495,4.692354,162.18086,10.450897,9.217391304,0,0.3334,-99,4.2973,0.2063,0.7627,0.0789,0.8002,0.0314,-57.6479,7.8005,10.83572935
21108,34.24221763,-5.280638295,0.018267089,nan,nan,nan,nan,nan,nan,nan,nan,1.972891501,8.057606315,8.445369242,4.141875144,2.528674186,5.498337135,5.166297567,6.19710956,27.30209246,6.79764491,84.14182992,6.308291925,172.1498159,6.477094561,303.3929328,4.828382208,445.6218677,5.598030935,529.1274724,8.254022018,574.2912898,5.359885964,1.095947275,nan,nan,1,0,1.9296,1.4,7.035762787,6.29681921,0.512267888,0.222349384,nan,2.5061235,0.6518677,67104077355,35.319992,7.17638,151.84656,10.236923,584.89246,26.683472,12.7286825,2.198679,94.39126,6.9858093,270.2682,21.591461,2.105263158,0,1.4691,-99,4.4596,0.2277,2.8919,0.1517,0.7403,0.0208,76.5901,3.068,11.40706982
21970,34.42258158,-5.2790049,0.020194874,nan,nan,1.246834381,2.732917035,nan,nan,13.1115768,2.585036113,-4.049390674,3.336702966,nan,nan,1.250040099,1.658053665,0.446052288,3.974231935,6.275897908,4.165449571,10.94814098,3.694269125,24.93497258,3.145562558,60.79823988,1.56457327,128.7608801,1.934028355,178.4028228,3.143692239,215.8594603,2.270265778,1.187328163,nan,nan,1,1,1.5472,0.7,11.21464825,5.447061062,0.038745318,0.588445994,nan,2.6499848,3.2495065,51848999831,4.6988397,1.4473591,25.518831,3.337945,228.30463,11.666641,1.8714663,1.2908934,15.515849,2.1285849,59.78394,3.5630646,20,1,2.2489,-99,44.0414,8.4952,1.0199,0.1898,0.5836,0.0674,68.7747,7.1532,10.92873357
22105,34.26768414,-5.282020432,0.018451047,nan,nan,nan,nan,nan,nan,nan,nan,0.867349106,3.377925911,6.813387559,1.95772659,11.95889734,2.137676896,4.010475886,2.509111501,28.0142652,2.639818613,88.86301521,2.465267656,165.1484469,2.390461274,234.8115652,1.600474869,298.2371354,1.748747249,339.3101587,2.74495595,359.8331413,1.861770675,1.280069009,2.433081132,0.476402583,0,0,1.12,0.7,5.123878479,4.676449299,-0.77262938,0.161884497,nan,2.5640028,9.060514,42959755853,41.652557,7.6439857,160.5445,8.56823,364.6613,15.616455,16.086363,1.7112384,114.452774,6.268238,229.97052,13.518486,9.515859766,0,-0.0861,-99,2.4813,0.0333,1.1538,0.0436,0.796,0.0116,-5.9149,2.5604,10.57573603
22311,34.49408722,-5.278390626,0.018827627,nan,nan,nan,nan,nan,nan,nan,nan,nan,nan,nan,nan,nan,nan,-1.014653521,1.80397173,-1.411641546,1.814021338,2.87922684,1.600615333,2.612540791,1.457464208,11.31470079,0.871427451,33.78284373,0.915771466,47.64720778,1.59929498,63.75152924,1.168164072,1.311695148,2.813042595,0.441347992,0,0,0.4304,0.7,4.353404045,3.533952713,0.836553454,0.194355096,nan,3.41073,4.6980977,41181329054,0.9726127,0.826405,6.487021,1.058456,114.23546,5.368992,0.4201783,0.50530666,2.5095344,0.7752738,25.040655,1.301178,0,0,-99,-99,31.3577,2.1284,0.2,0.0525,0.7754,0.0661,-85.83,11.6326,10.61470036
23789,34.3435311,-5.276131724,0.019518195,nan,nan,19.82308394,4.627905085,nan,nan,67.11931084,4.61622855,-0.80878309,8.093455078,3.259642645,4.117238766,7.911342567,1.926750962,6.837280388,6.156124509,23.89186721,6.448552283,58.34258458,5.83683111,105.099268,5.877952047,188.1422209,4.162628738,275.2095689,4.516505196,327.0814606,6.935743326,358.4731071,4.584195514,1.095947275,nan,nan,1,0,1.5744,1.4,7.288519859,5.14580822,-0.80597657,0.222132991,nan,2.6732368,5.29038,39771184120,24.960733,1.697319,97.42784,5.284504,387.5185,36.046524,10.18085,2.0035415,68.56582,5.4143143,174.12762,26.62358,7.160493827,0,0.4801,-99,9.9478,0.4964,1.3416,0.0742,0.4193,0.0136,47.0871,1.3996,10.53000575
23882,34.31710276,-5.275975455,0.019077687,nan,nan,1.034865652,2.245257016,nan,nan,13.4308602,2.081091733,-3.32768135,3.460020245,-0.597823683,1.756927905,2.264150148,0.698073648,2.459143643,2.145583322,3.802084929,2.130974442,14.49973657,1.898074412,30.93652191,1.714621954,73.74210028,1.129482871,118.1877636,1.269069108,163.9501781,2.163722112,189.2239958,1.525822009,1.187328163,nan,nan,1,1,1.5152,0.7,9.309562683,4.82803297,1.1798805,0.397343163,nan,2.755063,7.317156,40228142806,6.210851,0.97457457,34.35497,2.6673088,210.22246,15.999229,2.7979472,0.76353323,20.630331,1.6945362,78.141396,4.055969,12.70096463,1,1.7191,2.067673249,14.8203,0.6358,1.0343,0.0563,0.4553,0.0121,-16.2266,1.4559,10.86570196
24183,34.34544127,-5.275767282,0.019562554,nan,nan,37.92238796,5.215782523,nan,nan,110.3237963,5.452162371,-18.13844866,9.092300073,nan,nan,16.10949893,2.242523484,16.00917666,6.927737964,34.44896911,7.096446513,110.6000459,6.723625661,173.611326,6.720295375,247.6534495,4.451751504,301.3723634,4.597128315,348.9818953,6.881917322,358.4190773,4.552831653,1.209972726,2.769535204,0.921797211,0,0,2.5424,1.4,10.01546764,6.912987709,-1.408799529,0.261051345,nan,2.7052596,2.8897452,34101750942,52.210304,4.170204,170.10129,16.845917,387.82828,42.963837,23.921001,3.015915,130.90517,11.319553,235.39494,71.6854,5.614035088,0,-0.1271,-99,10.8259,0.7463,6.265,0.2291,0.7424,0.0121,1.2138,1.6555,10.85213566
24323,34.43691094,-5.275337251,0.019907939,nan,nan,25.33051928,1.666548611,nan,nan,56.96565397,2.642169146,-7.993980194,8.314061409,2.557110583,4.418207185,15.37551787,4.715053819,9.535430076,5.520843879,16.59296374,5.455037557,39.57384867,4.908667886,96.04279002,4.924621063,173.0309378,3.319442386,199.8152956,3.203054084,240.6807445,5.186237403,246.5337957,3.492085795,1.161333343,2.832371022,0.799730985,0,0,1.8736,1.4,9.439576149,5.278555393,1.483988285,0.265010289,nan,2.8685954,2.4427617,25571139337,30.115223,5.8532143,91.70055,29.962934,283.5611,34.056618,14.504696,1.2662878,60.1194,20.96776,147.52432,85.92669,3.430656934,0,-0.131,-99,9.3297,0.6093,4.2781,0.1938,0.4572,0.0108,-5.9067,0.8753,10.93407513
24384,34.38654489,-5.275129186,0.020289372,nan,nan,1.11226707,4.088654806,2.427832075,3.604884141,-1.63049802,3.577733469,-4.61483007,5.575634023,nan,nan,-3.98112758,3.201398298,-0.310365903,3.490400914,2.3239624,3.521186635,-0.693846546,3.090748251,7.023397027,2.641397837,35.3882734,1.619161068,75.41195424,1.764210424,119.298393,3.235060745,166.4908365,2.340584399,1.972602985,4.034001382,0.904904395,0,0,0.8864,0.7,7.021381855,4.479099751,0.498543054,0.363246031,nan,3.4989805,7.1307707,70620499007,1.2607621,0.9390829,19.844374,5.4120536,314.53522,15.304077,0.19310586,0.4258091,7.6797214,2.6120872,64.47024,3.6982422,0,0,2.5041,-99,8.8336,0.8801,0.2,0.1285,0.4409,0.052,34.1457,5.3423,10.58382529
24500,34.48228198,-5.274969786,0.018979091,nan,nan,50.28146346,2.887400802,nan,nan,72.065545,2.593713892,4.940044597,3.669853846,15.34612083,2.019552303,24.83206119,2.657216567,36.03185317,2.575774399,44.61620857,2.611734745,76.53560796,2.352464711,167.6196041,2.307781898,215.5669843,1.634910052,233.6572861,1.739665208,265.5370374,2.719036499,298.6856384,1.833798967,1.334574562,2.566086412,0.570425442,0,0,1.3728,0.7,6.235607624,4.952864647,1.021646023,0.175293555,nan,3.3829696,9.562121,37990518136,83.99796,5.059597,189.69969,49.76729,387.5527,126.65967,51.582157,3.6169872,148.94331,105.07664,224.14732,16.390259,6.944444444,0,-0.3169,-99,1.962,0.0378,4.3033,0.142,0.911,0.0122,-85.1898,4.9108,10.64347653
25157,34.25181051,-5.273911263,0.018435157,nan,nan,33.97450154,3.289313209,30.29204742,5.592731283,46.23241834,2.875138871,-10.41045813,4.511443554,8.590841377,1.997234055,17.43343517,2.306485583,15.55043096,3.057550294,28.43147132,3.098133516,51.51292788,2.780404344,90.41125858,2.633149215,124.073691,1.669152392,135.8911625,1.688804816,160.6307993,2.861308613,175.3089407,2.042629654,1.64330403,2.724270567,0.607902647,0,0,1.0496,0.7,7.15106678,4.351878643,1.258594394,0.268277103,nan,3.1831853,13.251466,23158734439,46.667183,2.765852,89.79468,14.350735,203.94391,47.17836,29.484118,1.9593124,51.247963,58.907227,121.50373,13.149422,1.830065359,0,-0.5886,-99,8.6035,0.1147,0.475,0.0205,0.3847,0.0049,-19.0955,0.5193,10.52178314
26556,34.26613215,-5.272161504,0.018559783,nan,nan,91.43319152,5.037037638,nan,nan,197.5149624,5.447407142,9.033846036,8.200214198,25.528141,4.510861632,34.15465816,5.181159253,40.16917128,7.322926212,63.77903031,7.460242935,171.8187108,7.270290589,470.2759829,8.942859923,652.0568112,6.375223206,559.8244854,5.651154578,683.8777073,8.533981869,745.0937524,6.025472518,1.15595718,2.393053638,0.82077066,0,0,3.1152,1.4,9.145318031,8.03933239,-0.085035205,0.353879498,nan,3.000233,25.370605,81620846287,145.31749,17.231823,516.00684,32.537094,901.9446,118.54837,68.87389,5.6844482,352.15143,24.819748,573.106,35.36624,-87.81362007,0,0.124,-99,3.0106,0.0356,3.6706,0.0679,0.5945,0.0053,60.2064,0.5023,10.29136867
26681,34.32337252,-5.271646389,0.019152447,nan,nan,87.67880775,2.594027702,nan,nan,122.8137583,2.424148753,53.84896937,5.155892639,85.49169012,1.450258593,91.05777789,0.931008539,93.71450761,2.247705676,94.46513198,2.177937292,128.2753155,2.136724557,136.8526281,1.777191185,137.4111189,1.206661666,145.7444974,1.216493138,155.8283828,1.990786965,163.0927505,1.388286485,1.492200196,2.878123306,0.635871304,0,0,1.2416,0.7,8.047898293,3.790680647,-0.665166974,0.229878589,nan,2.8715198,11.329531,20557532253,109.0825,5.209114,127.526924,14.941708,172.86095,18.88684,91.22108,3.8827667,111.123436,17.15739,124.61001,23.060097,13.53211009,1,-1.7293,-1.119915915,6.6498,0.0822,1.4328,0.0267,0.2058,0.0023,60.2667,0.1969,10.52643356
26797,34.32492404,-5.271316434,0.019173077,nan,nan,-0.549731387,2.227840363,nan,nan,0.987525385,2.090006064,-1.320069083,2.733896656,0.124728185,0.960389017,0.959297792,0.66670914,3.479039652,1.667169398,1.044649219,1.640515415,4.241412395,1.440055648,11.0175688,1.277290758,31.35561084,0.818177701,55.58372537,0.886594055,88.62400384,1.596336424,106.5615657,1.163965731,1.267400411,2.763312084,0.431022271,0,0,0.5504,0.7,4.37528944,3.475463867,-0.706218421,0.164685911,nan,3.4974122,5.487267,35090049377,3.8644593,0.9183973,22.438791,4.972909,174.05211,55.88956,1.8546318,0.6106686,11.9174,1.5826349,49.37485,2.639923,1.712962963,0,1.5996,-99,5.3982,0.371,0.7525,0.1212,0.4385,0.0271,59.2346,2.9762,10.69645993
26965,34.37664332,-5.27127471,0.020093621,nan,nan,62.29757872,4.917060523,95.02130252,4.737242328,140.4598276,4.768229208,-1.856053168,8.74987498,nan,nan,11.68689251,5.34395828,16.29152914,6.158498202,36.15843905,6.216996152,137.6312775,5.627294616,330.8237831,5.990777182,606.1862267,4.307119198,1026.556138,5.165195011,1300.740853,7.989851723,1400.648716,5.329313964,1.169934233,2.51577912,0.880653797,0,0,3.7056,1.4,10.44780254,7.330278397,-1.548971891,0.352072023,nan,2.71279,5.8038006,93423757563,55.020782,4.605982,281.97543,26.9366,1548.5369,62.653503,17.491278,2.4970584,134.63704,9.68528,545.49457,98.21323,18.78172589,1,0.8969,1.660313035,12.3097,0.0751,0.339,0.008,0.4296,0.0028,7.9026,0.2873,11.12597981
27887,34.34240986,-5.269867937,0.019430546,nan,nan,31.50182318,4.477159479,46.3024789,8.220033312,80.92136117,4.495827469,5.583388803,8.714673547,nan,nan,6.920203791,1.947741514,-3.234999402,5.270277833,21.09892027,5.405842774,76.49319246,4.895922677,176.346497,4.991174681,401.5902064,3.80818822,635.1241933,4.720568102,858.9023964,7.476798666,994.2486465,4.948941217,1.112807261,2.412766656,0.737146523,0,0,2.8768,1.4,9.023139954,6.465458393,-0.849160731,0.246378803,nan,2.5547066,5.3765407,2.18E+11,26.399933,2.848589,151.4177,7.3796616,1067.2058,44.173767,7.800366,1.259115,85.42776,7.499691,346.5606,18.627945,15.34090909,1,1.8097,2.325633364,10.2332,1.6538,8,0.6762,0.2427,0.0115,43.2352,0.7356,11.60537218
27930,34.31091149,-5.269744359,0.018987938,nan,nan,28.26425462,4.464607049,nan,nan,46.86270906,4.446023758,-3.337205845,8.301439096,7.13055583,4.183699142,17.38243077,1.91490512,18.23078848,5.286351305,27.67771039,5.300670742,46.43034646,4.705589256,84.82850479,4.618948732,125.8004733,2.972343428,188.2238872,3.201748691,232.4496632,5.036477958,249.1134506,3.432820808,1.115698877,2.816109529,0.737105061,0,0,1.6448,1.4,7.262197018,5.896193027,-0.762724698,0.247733675,nan,2.9503388,4.5548363,37147792280,22.379517,4.864272,71.06316,13.726795,322.64392,34.85753,10.756559,2.155991,42.71881,16.128435,124.03147,23.242935,2.795031056,0,-0.7609,-99,11.6108,0.568,2.1509,0.0857,0.752,0.0183,35.9651,3.0147,10.49593366
28310,34.31460114,-5.269162784,0.019031523,nan,nan,61.57416691,4.839195781,nan,nan,96.49573791,4.682066986,-1.01091197,9.404941253,26.71624809,3.845642953,38.83610301,1.972773381,46.99525197,5.737966809,66.93366322,5.691727052,99.555524,5.078755579,140.2298267,5.11093838,193.5250687,2.995764313,209.5639612,2.875285155,248.2075847,4.632942033,268.4570307,3.264251255,1.166041171,3.01318047,0.877911031,0,0,1.8176,1.4,8.835089684,6.005093575,-0.713230193,0.310290651,nan,2.8013217,4.647404,49495553314,66.66027,2.8823185,112.814865,13.478668,319.89105,24.982162,44.651268,2.420309,78.69387,5.665661,146.61304,32.688374,10.94827586,1,-0.5687,-0.050824777,17.0923,0.7175,2.3147,0.0778,0.3958,0.0074,41.9176,0.6605,10.73452163
28576,34.40398587,-5.268695212,0.020229547,nan,nan,0.658935966,2.276820126,2.068118199,2.432467772,6.378909129,2.175194875,1.663308845,3.655041117,-0.044045509,2.312356448,0.118995554,1.378974505,-0.113815617,1.66033116,0.968209092,1.700039665,5.65167478,1.487423647,24.53366228,1.336168719,62.56960527,0.892873471,107.703622,1.033259552,149.4880896,1.688869442,167.3801935,1.170823088,1.3059259,2.755300195,0.491426,0,0,0.8112,0.7,4.59155035,4.330111504,-0.975457668,0.172052789,nan,3.1760304,0.84826124,25690327814,5.059435,1.1281826,36.746574,16.60213,215.3615,25.849686,1.2567431,0.5326448,18.970957,6.6074557,81.07867,6.127762,-0.396039604,0,1.1591,-99,5.2649,0.3525,1.9097,0.1427,0.7228,0.0311,58.758,4.5878,10.64700607
28775,34.28211691,-5.268498801,0.018709376,nan,nan,97.30093888,4.834920904,nan,nan,139.1098634,4.759569866,13.32747264,6.818978768,33.18657749,3.184232554,48.07951227,3.91650724,38.8735966,6.872485055,65.09563478,6.773770442,126.7419526,6.077777862,179.582814,6.17771792,206.7699367,3.977306274,248.1755805,3.759797223,278.4919729,6.01364791,277.4393066,4.159702847,1.180729786,2.869075667,0.863977012,0,0,1.7456,1.4,9.403357506,6.027225494,1.031534195,0.386000069,nan,2.6730692,3.9405994,27221828111,85.81803,11.96204,155.26674,16.885948,277.51056,22.320496,47.3961,4.2255974,122.093315,16.756844,184.78369,65.43237,10.70422535,1,-0.7538,-0.844391163,12.0155,0.1498,0.2,0.0122,0.5974,0.0088,-34.9032,1.0584,10.19554355
29172,34.51798379,-5.267822038,0.018530009,nan,nan,107.9586874,4.598985096,nan,nan,181.4248577,6.354057057,nan,nan,nan,nan,nan,nan,54.89306019,6.045032642,106.186824,5.955554233,187.9675947,5.642849559,272.5457164,5.750574403,381.5240883,4.146789739,421.4082511,4.143160191,522.9934367,6.244631425,554.0015783,4.113812319,1.095947275,nan,nan,1,0,2.1792,1.4,7.907055378,5.893338203,-0.351099998,0.238814394,nan,2.805003,6.13543,92466244654,137.12543,5.7089157,229.73996,38.715042,611.41626,69.07889,87.97702,4.1741753,161.42624,11.922165,284.10272,76.97508,17.68707483,1,0.0031,-0.710197108,7.0299,0.0511,0.5417,0.0118,0.459,0.003,74.4791,0.3589,11.02163637
29403,34.35178655,-5.267483269,0.019578577,nan,nan,37.44298883,4.586463171,74.21366032,8.186983254,131.2652546,5.013338048,3.498016131,6.465327829,3.937549353,2.273611763,2.356514443,1.765376686,-0.430630488,5.297123157,25.92959336,5.526235475,122.9112058,5.453128068,283.1620994,6.202854658,448.465366,4.73711101,629.0521142,5.19559616,731.4342973,7.579601207,801.2060163,4.834388531,1.095947275,nan,nan,1,0,2.4,1.4,7.224770069,6.21040535,-0.312131822,0.180113436,nan,2.6559608,9.111539,1.04E+11,50.00701,2.0221424,281.30884,14.292114,830.18774,37.433502,14.945204,1.3540559,170.44818,6.3419113,440.31555,20.706253,8.648648649,0,-0.0981,-99,3.1881,0.0871,3.7893,0.1251,0.6758,0.0107,86.1736,1.2813,11.19615408
29797,34.34507483,-5.266757701,0.019455071,nan,nan,5.309202975,4.380711232,17.23995261,7.936578205,26.91543233,4.351481413,-0.450204685,9.092430572,0.960847698,2.31118279,-4.501389515,1.801140073,7.109383333,5.313065223,9.445812875,5.317299099,39.79834254,4.740773843,86.44510435,4.779392146,164.7502898,3.140580791,319.1920901,3.81047426,434.4258983,6.223212094,505.1480347,4.139358309,1.095947275,nan,nan,1,0,1.7136,1.4,9.110329628,4.429422379,-0.726015866,0.275149361,nan,2.8845828,12.460169,1.71E+11,14.801518,2.89388,88.94857,5.1521034,668.1268,55.08307,3.9303334,1.8671298,46.418682,9.058317,188.90756,8.890823,9.166666667,0,1.7418,-99,13.612,0.2528,0.8898,0.0278,0.2689,0.0037,48.582,0.3758,11.37640537
30190,34.48002153,-5.266059819,0.0188971,nan,nan,69.16313753,2.50683056,107.2564782,4.881529855,177.4487437,2.678560015,-3.233747407,3.897454858,nan,nan,16.34510239,2.448762193,16.31418663,2.031364878,48.89402262,2.087045348,174.4716423,2.145913774,274.057411,2.110006764,348.4568616,1.587932908,460.5255201,1.752693747,521.6304092,2.693004067,566.5641263,1.784131559,1.264479323,2.178235231,0.444312129,0,0,1.3904,0.7,5.949664116,4.370733738,1.473582506,0.158498526,nan,2.5561364,7.825086,65977432090,76.22784,5.235775,267.05405,12.505028,568.0616,25.160522,30.228525,1.6995392,202.13252,9.347664,344.59027,21.633926,16.05136437,1,-0.1862,-0.421758321,3.5216,0.0501,2.6668,0.0619,0.4087,0.005,-1.8374,0.3956,10.62903196
30795,34.26623948,-5.265283199,0.018646372,nan,nan,6.597577028,2.077367132,nan,nan,10.3191853,1.905819977,-5.041988809,2.323420569,0.271002557,1.261395419,0.285172628,1.315427246,-1.816315115,2.096712126,3.250990601,2.103640099,10.70061001,1.805421712,27.7409689,1.631950676,55.3919203,1.112332438,79.54845032,1.176891533,110.024667,2.048612221,125.1021509,1.381686623,1.187328163,nan,nan,1,1,0.9616,0.7,6.618015766,4.748744965,0.503516018,0.710325386,nan,3.2027605,9.130469,31699742331,10.137264,1.2470093,37.42992,3.6173515,160.49246,15.981194,4.0034194,0.74596024,21.624247,19.543877,64.04585,5.975876,1.84,0,0.6284,-99,7.8366,0.2521,0.7004,0.0461,0.6644,0.0161,-67.38,2.7751,10.62523789
30796,34.26605117,-5.265097302,0.018647416,nan,nan,21.64777386,3.136043736,nan,nan,32.0280453,2.917197581,-6.678268977,3.385376092,4.6226418,2.127861474,7.742396387,2.166194869,2.654727235,3.100029866,10.07600056,3.145750243,24.78679114,2.740551534,55.57100385,2.512555157,105.9640402,1.648437117,132.771711,1.690343064,203.4401865,3.064303195,236.4753656,2.057162644,1.763458616,2.740938904,0.658057213,0,0,1.1568,0.7,7.136366367,5.048141003,0.870034933,0.532501352,nan,3.4825797,15.460222,60551231289,35.684902,2.3682194,81.18619,5.506668,355.05392,92.45439,17.56508,1.5468235,50.079144,3.0510597,124.446945,7.1840897,4.072948328,0,0.0175,-99,8.4573,0.1851,0.4166,0.0346,0.3287,0.0073,-40.0865,0.7398,10.61657272
31139,34.30116671,-5.26473644,0.018866026,nan,nan,210.2415365,5.21522445,243.0815893,9.676785582,262.4119502,5.336979498,87.06511372,6.502662898,122.2793354,3.698818149,149.4412279,5.17433965,140.2463603,6.241105163,168.5800409,6.350833667,271.1665463,6.095250221,365.3796505,6.369905375,451.555767,4.765179466,628.5291908,5.336243042,704.8773587,7.706313799,750.8664463,4.831190657,1.095947275,nan,nan,1,0,2.5376,1.4,8.234793663,6.105249405,0.877294123,0.158742171,nan,2.6521392,5.3986173,61219380403,227.27655,6.7257233,331.34592,39.775436,758.2785,82.45273,158.49036,12.519211,255.99986,14.080666,422.02908,24.266891,12.77777778,1,-1.4157,-1.111301884,1.8194,0.0158,3.3531,0.0744,0.4731,0.0059,60.7075,0.4179,10.57691155
31173,34.38133106,-5.265427262,0.020089467,nan,nan,129.1479915,3.300201712,137.1858172,2.82917261,164.6271334,3.010452814,27.04094092,3.609002401,87.96749206,1.975787564,118.773657,1.770705574,123.5982585,2.766264104,137.459954,2.806874039,172.3053789,2.511385744,255.0195812,2.437957336,256.0240643,1.696417566,254.8507844,1.663857353,288.1150461,2.690782449,294.8622385,1.776970865,1.570046199,2.690526232,0.638022007,0,0,1.4768,0.7,7.212199688,4.873142719,-0.241838887,0.282515695,nan,3.230686,12.854154,42243030313,168.26318,5.982689,252.91342,16.773422,310.75943,111.316216,132.1876,4.31345,193.05627,169.60204,251.16634,36.878098,8.222811671,0,-1.3895,-99,5.4476,0.0365,1.0291,0.0134,0.3147,0.002,76.1752,0.1864,10.67301409
31305,34.26445214,-5.26428519,0.018646523,nan,nan,1.839442968,1.105570051,nan,nan,2.020772119,1.104238095,-0.490171592,1.070887716,-0.281703905,0.572590156,-0.567115023,0.618351984,0.60414516,1.075619399,-0.172435944,1.147271633,1.120751849,0.971966663,4.099682679,0.772722295,13.52758071,0.525073153,23.78220693,0.56270204,40.37809022,1.04338489,55.34509409,0.780739089,1.542580717,nan,nan,1,1,0.0192,0.32,1.101094246,0.947131038,1.56712091,0.201180281,nan,3.4983337,6.81241,41199425709,7.6553183,1.4572074,25.439592,2.868291,260.92578,52.735237,3.624137,0.9058976,12.890546,2.78272,57.79635,2.7683754,2.265625,0,1.965,-99,-99,-99,7.3636,30.5459,-99,-99,15.8755,20.942,10.49883562
31306,34.26438337,-5.264304095,0.0186458,nan,nan,4.138281906,2.069845005,nan,nan,6.687754926,1.911889423,2.105774348,2.588722456,2.815167909,1.39744562,1.758047318,1.394194772,1.838253744,2.930287629,3.114095147,3.058057979,5.863101868,2.665338824,13.90190052,2.286699545,44.43578395,1.638308507,78.73018114,1.68586239,139.4515073,3.226529658,182.417713,2.275476609,1.187328163,nan,nan,1,1,0.8544,0.7,6.719014168,4.603442669,-0.16249378,0.279259836,nan,3.4952013,5.0188713,50765784783,7.9465346,1.7260585,28.391619,4.6908092,334.46332,65.1557,4.12,0.8899845,13.384077,3.4542513,68.98716,3.6998444,2.721311475,0,1.4174,-99,12.3269,2.3716,2.0779,0.3689,0.3387,0.0341,74.105,2.9466,10.69595602
31948,34.40522094,-5.263740045,0.020108657,nan,nan,144.6356055,5.12566426,276.529703,4.657667898,454.5382526,6.350297474,-11.08088463,8.647026564,17.24176642,4.291232274,30.1648096,4.240854689,38.37570288,8.093744636,106.7771255,8.906317861,416.8071632,10.10497591,714.2776269,11.8245373,898.268404,6.494760713,1126.276091,7.033446593,1248.216811,9.895056696,1340.887756,6.2603324,1.10679798,1.917651485,0.752491417,0,0,4.9008,1.4,10.11200714,9.517138481,0.173036665,0.188374054,nan,2.5758643,9.712621,1.37E+11,167.80267,5.376663,702.5365,34.485474,1365.723,64.891846,63.622326,4.139694,512.73413,19.881332,880.7238,41.50528,18.26923077,1,0.4091,0.192425226,3.4795,0.0589,5.3144,0.1026,0.4759,0.0046,48.4175,0.3401,11.30220712
32336,34.39378494,-5.262895123,0.020137499,nan,nan,16.36203462,2.486862005,26.78112723,2.269606851,37.16428977,2.362012565,-3.347421558,2.978012168,1.158901915,1.383257514,0.992652522,1.480352556,5.682319359,2.100226203,12.41317948,2.119397332,36.33932265,1.944059751,79.11186505,1.822685591,122.1875654,1.227921746,181.3857907,1.363535878,224.8200249,2.276863102,240.8631212,1.489475704,1.408969439,2.815263179,0.595456898,0,0,1.1872,0.7,6.218778133,4.496117115,0.939778209,0.207643846,nan,2.6472805,4.919205,29412329056,21.147734,1.9867744,77.82456,4.900036,248.9811,16.107841,8.387164,1.6479692,46.437637,4.1183853,120.77915,6.6777153,48.9194499,1,0.1527,1.859455392,4.7286,0.1402,0.6554,0.0492,0.6009,0.015,-27.9768,2.1849,10.70376369
32730,34.2879748,-5.263512523,0.018783489,nan,nan,12.31615957,2.208976195,15.76820386,3.933400002,24.94445122,2.058810336,0.376343748,2.689582647,1.53849202,1.275562475,3.452872865,1.402068795,6.283275535,2.282916517,6.467901567,2.269245383,24.01096882,2.000465589,44.76866868,2.006369776,76.5187905,0.904246322,139.3233455,1.067770111,178.1327054,1.793179859,214.4940154,1.215638508,1.187328163,nan,nan,1,1,1.7408,0.7,12.45285702,5.463016033,-1.324026942,0.821284414,nan,2.6165683,2.8662982,41937317216,13.490861,2.1169324,43.33828,3.389677,221.09213,14.919403,6.5454717,1.1922386,28.796883,3.519576,74.4044,4.049713,40.80188679,1,2.107,3.0999261,14.2975,0.3116,0.2,0.0296,0.2082,0.0054,16.3763,0.5003,10.91229589
32732,34.28823313,-5.262606664,0.018791277,nan,nan,115.7360731,5.719142655,192.5288518,9.87877467,281.8170154,6.055155179,0.595858505,7.362030541,9.368429097,3.372450287,26.46268819,4.253142707,39.58035465,6.740830278,83.22993481,7.086281625,246.6554724,7.123232687,455.6471778,7.565204667,706.988353,5.047373806,1041.045079,5.75838157,1235.845717,8.454504751,1375.46804,5.146417885,1.244673968,2.00091669,1.116377807,0,0,6.5904,1.4,20.68671799,9.404870033,-1.45236969,0.365407846,nan,2.5071585,4.731353,1.91E+11,112.99903,6.3772697,417.41516,22.391296,1409.1079,51.750427,47.920708,3.7578144,286.99512,17.379852,654.62396,49.37323,11.26126126,1,0.9584,0.36072745,2.0503,0.0325,4.2887,0.1108,0.4568,0.0064,-4.495,0.5243,11.55741573
33254,34.33394305,-5.261517781,0.01927063,nan,nan,84.69576767,4.564024628,97.69609128,8.1101031,143.1329158,4.58222544,3.452964251,6.417299554,25.23364483,2.226204576,31.49992312,1.363241728,33.28753062,6.602794508,53.8026308,6.688406766,133.0809334,6.215587091,202.7480482,6.301363799,277.0914375,4.176634586,381.8202964,4.43279397,447.6275037,6.829407871,463.5005526,4.523105123,1.14170118,2.57319942,0.748803842,0,0,2.0016,1.4,9.392914772,5.634675026,-0.705509484,0.308175572,nan,2.5860214,3.7657418,60370700254,70.038605,4.5288467,171.14024,12.58149,497.40515,65.79117,33.559116,2.7777824,121.135216,6.278187,259.17685,15.679985,10.90909091,1,-0.2567,0.003621371,12.6952,0.2043,0.6178,0.0232,0.4183,0.0054,44.9384,0.6391,10.94398326
33450,34.37877819,-5.26126285,0.020001799,nan,nan,29.85996628,4.460842863,44.4557689,3.828714229,63.66992804,4.28819886,-7.614469017,6.596226767,-0.358223371,2.952090822,4.775476331,3.084367146,10.6911874,6.351481341,24.50207499,6.462932887,57.36191804,5.900822212,195.3688874,6.41965417,384.5241086,5.214326267,696.9366868,6.519362166,922.0686731,10.18943687,1018.945364,6.748419556,1.095947275,nan,nan,1,0,1.8288,1.4,6.998702049,5.193757534,0.393660665,0.223205924,nan,3.2132294,9.453229,4.41E+11,52.883892,2.0275269,246.92336,20.253876,1358.746,274.7008,20.39073,1.7166405,148.44273,22.74923,524.81274,18.337189,1.028806584,0,1.1875,-99,6.5325,0.053,0.7254,0.0144,0.4232,0.0027,-73.2138,0.3291,11.27332816
33732,34.47082813,-5.260924313,0.018994339,nan,nan,50.59570661,2.858039967,54.68288142,4.804591416,75.10878234,2.644135292,6.217232228,3.058308861,25.09024626,1.74110081,37.47643519,2.042653218,32.64084684,2.833868887,44.69054778,2.926380125,75.2403647,2.607161086,111.6909645,2.423319526,139.4084428,1.672472528,147.8744985,1.696955849,171.6985925,2.890781542,176.4609593,1.93418885,1.50201313,2.989036233,0.608470562,0,0,0.944,0.7,6.45214653,4.014140606,1.366166353,0.253524062,nan,3.0674324,4.9877276,25796580473,65.69787,6.0749874,105.11828,27.35395,192.56827,74.361084,45.819103,2.2571049,90.0691,14.125061,121.982086,54.3575,-0.847457627,0,-0.8971,-99,6.8418,0.0561,0.3653,0.0156,0.2522,0.0028,-8.8298,0.2361,10.57830169
33770,34.45345085,-5.260627452,0.019332585,nan,nan,41.91841918,1.034299582,50.86284469,4.41466904,65.50312784,1.139890268,3.568458382,3.04882455,13.84588848,1.566103787,17.27806415,1.461484976,23.56789754,1.813963897,35.80434813,1.84234195,65.94161703,1.63449367,94.07510788,1.531652659,123.3425896,1.022865485,169.3563418,1.103977586,181.8425592,1.795741815,204.0299125,1.183104978,1.324612969,2.657415705,0.524995873,0,0,1.1168,0.7,5.180793762,4.708434105,-0.518405974,0.179787166,nan,2.6551428,2.451767,21310588346,49.10838,2.758276,89.95219,9.474148,204.99394,16.220085,31.056353,1.6072149,70.77355,4.607998,117.82447,13.134922,26.58536585,1,-0.9965,-1.075187663,3.2053,0.0517,0.9612,0.0286,0.7323,0.0109,-72.9145,1.9002,10.2030206
34219,34.26199904,-5.259933175,0.018684607,nan,nan,41.7099954,2.807754247,44.44331343,5.063540176,57.70697531,2.646987751,-4.870025226,3.215167349,18.21113443,1.689211883,33.5238597,1.766039495,33.0298173,2.700331495,40.38676981,2.7503253,54.91665628,2.392802373,85.59919143,2.250156355,106.4332511,1.825347486,99.78005825,1.7687883,nan,nan,139.154401,2.095110638,1.547707561,3.113478878,0.615497796,0,0,0.7808,0.7,6.582295895,3.710767746,1.229107499,0.258525342,nan,3.4652953,10.01188,23237708806,62.942905,4.61038,90.43417,10.097454,151.21854,197.93378,43.77152,1.8661652,68.00661,9.135708,96.04068,6.7185287,8.333333333,0,-1.3563,-99,6.7402,0.8881,8,0.6914,0.334,0.0135,-18.6209,0.8537,9.659357731
35255,34.424858,-5.258284104,0.019818664,nan,nan,30.5587283,0.815852072,64.89170593,4.169229188,105.4386679,1.23014935,-2.878095117,2.745714717,2.510327805,1.269894134,4.800161518,1.542322452,6.558753261,1.884316228,22.29702282,1.844003305,105.5011394,1.794841748,175.459231,1.767367062,262.3581109,1.490403766,369.897219,1.716629544,426.4883964,2.657750527,471.379233,1.739747917,1.236449529,2.200880636,0.424862595,0,0,1.1984,0.7,5.306879997,4.388789654,1.104899883,0.147806846,nan,2.525771,11.607768,51707721226,34.715786,1.46311,167.91737,8.184982,470.3373,23.23558,12.340042,1.1606598,118.17299,4.956749,252.07802,17.685966,18.03278689,1,0.8051,0.929392334,3.3403,0.0197,0.8016,0.0191,0.2159,0.0031,-45.1519,0.2096,11.04661146
35428,34.35500627,-5.258242132,0.01956032,nan,nan,290.7480061,5.788830798,314.1516999,9.4729147,327.5448202,5.826743547,98.48445123,7.702774353,202.8942225,2.447692892,235.6078698,2.105016417,223.1073649,6.495230368,249.0974775,6.450320995,350.9648629,6.142424801,432.7055567,6.210937943,374.7724014,3.601643197,430.1508473,3.631218427,453.6585058,5.403531114,458.0895664,3.508211471,1.184462837,2.512482995,0.790769925,0,0,2.6848,1.4,11.56605721,5.352894783,-1.099384308,0.324117002,nan,2.6482935,11.601823,22683650837,313.7854,17.153595,382.9108,37.133926,457.24747,56.055054,249.57704,10.400902,333.02545,18.72226,357.60425,42.39128,16.52173913,1,-1.3923,-1.223695618,9.3997,0.1138,1.3824,0.0208,0.2614,0.0021,22.6736,0.206,10.81567594
36014,34.47081018,-5.257102326,0.018920321,nan,nan,33.78190064,2.721304954,73.14963174,7.716698046,97.34347569,2.998540167,6.410375435,6.414049987,10.28902676,3.319920816,4.926238839,4.276263474,18.94962003,10.04140237,25.74443454,9.902935792,85.23072851,9.139459252,133.1143411,9.215024816,174.0519832,4.037190988,206.6697208,4.168225018,220.1553291,6.290378369,239.4529202,4.215356342,1.127549427,2.959754792,0.745806342,0,0,1.5952,1.4,8.090596199,4.905013084,0.04825459,0.208159032,nan,2.52445,3.608361,23450339740,34.60912,1.8341885,132.22801,6.863796,244.39456,10.34037,14.331313,2.8295345,100.97612,4.420204,167.79132,8.356087,3.533333333,0,0.1475,-99,1.8726,0.1772,8,1.2793,0.356,0.026,81.5128,1.7675,10.48856998
36125,34.25047743,-5.256898904,0.018637314,nan,nan,5.293557749,2.236638996,13.81184568,4.172133549,11.97948298,2.037139286,0.82173988,2.892036331,-0.957747913,1.464250168,-1.183630051,1.674163586,3.898252632,2.373489129,0.419894603,2.341598715,11.07897842,2.087016448,38.49077376,1.921205613,63.45047515,1.192533141,85.10468494,1.233331066,97.48983149,2.121812437,107.5914273,1.485589804,1.284248592,3.145585461,0.494513699,0,0,0.584,0.7,4.041265965,3.822225094,0.360343874,0.149789653,nan,3.264665,6.6086173,26071481440,12.288386,1.3297844,51.51215,2.2019558,139.45708,12.5729065,4.3877482,0.7107266,36.21042,2.301155,77.13702,4.628212,0.784313725,0,-0.2947,-99,2.0887,0.1779,4.8899,0.5767,0.7536,0.0379,-9.1195,5.7766,10.52384694
36128,34.28258676,-5.257019691,0.018836928,nan,nan,28.71816792,4.775866077,49.44885924,8.550469462,76.96037796,4.828392778,-16.51372776,7.201486088,5.961351726,3.372205008,5.774803826,4.345463515,8.742883261,7.846030036,19.82341627,7.819373116,73.03640387,7.080995685,130.7143736,7.115486722,254.9211961,3.961888267,436.8490233,4.515887781,557.6077767,7.158088888,655.129966,4.78538454,1.235465523,2.697332426,0.868138224,0,0,2.3376,1.4,11.60472965,5.578967094,-0.906570971,0.399706642,nan,2.5216684,10.116028,1.20E+11,24.112825,3.7165508,111.05103,7.4481926,667.5748,26.643646,8.719964,2.6285923,69.58016,3.7379951,224.92351,11.598373,11.82795699,1,1.9013,2.110083794,14.9393,0.4262,0.3156,0.0366,0.354,0.0111,37.5708,1.0693,11.32313597
36557,34.49608579,-5.256407137,0.018515504,nan,nan,14.17909037,2.069577683,nan,nan,42.41449741,2.723210862,-1.701771721,3.215873497,-1.570879057,1.756279249,2.678826544,2.232446887,-0.282538424,2.21505966,4.426656206,2.239451776,15.01941561,1.955568887,67.4028175,1.889843978,108.777082,1.253382011,138.9210528,1.320030221,154.3262958,2.13089042,163.1892884,1.48179948,1.187328163,nan,nan,1,1,1.936,0.7,12.48665428,5.790353775,0.840977013,0.505063862,nan,3.150884,44.72839,22819378910,21.445902,1.476862,85.557396,3.872963,199.67915,17.575119,7.1982827,0.8142576,59.675735,3.1548557,125.98901,4.5042953,0.798934754,0,0.3023,-99,4.0462,0.2611,4.959,0.2828,0.7036,0.0186,-26.0404,2.2617,10.96791628
36790,34.24262167,-5.255953514,0.018586734,nan,nan,40.84401919,2.678335317,47.3160662,4.718321231,64.41858615,2.415810879,5.10999853,2.078373953,12.1335137,1.099299421,25.9473017,1.264552299,24.46104126,3.580405574,36.69788919,3.573271094,61.89575607,3.287749221,107.4350407,3.181743284,160.2542603,1.687340577,176.5611514,1.701253722,221.5380156,2.86401312,239.9415393,1.954927287,1.430455934,2.811663443,0.628694118,0,0,1.264,0.7,6.308504105,4.953426838,-1.003006816,0.210408693,nan,3.466751,6.3749,45281905606,74.29903,3.1531754,133.17686,20.88665,316.65067,79.27451,43.414345,2.253849,91.48105,5.0436096,171.95123,12.593933,6.557377049,0,-0.8486,-99,4.5694,0.1058,1.4566,0.0453,0.6699,0.012,57.9612,1.5945,10.16682639
37098,34.5192972,-5.255379467,0.0183698,nan,nan,19.57422491,2.270151849,nan,nan,51.35125428,2.854014038,nan,nan,nan,nan,nan,nan,5.351627092,3.079561873,14.58596941,3.118212135,45.50430967,2.884459677,91.70230606,2.657573147,115.0699186,1.772100198,139.1775407,1.813252749,160.07867,2.925150957,169.3276635,2.126711895,1.235652675,2.667440331,0.416272031,0,0,0.5904,0.7,4.15358305,3.664562702,-1.350413918,0.147323438,nan,2.833549,0.7600053,24093976967,29.46413,3.0627956,96.60891,5.592045,181.75325,21.498383,12.240532,2.6189609,74.254654,15.874546,120.734665,6.371414,7.187894073,0,-0.6623,-99,1.6791,0.0552,3.2912,0.2761,0.4516,0.0179,11.5162,1.5046,10.30639444
38183,34.33831614,-5.25392123,0.01930324,nan,nan,2.13545438,1.179107553,4.749836846,2.1362816,6.580939337,1.160215359,-0.462347735,0.71591772,0.093747909,0.284928608,1.193323209,0.211939709,0.099890968,1.069166304,-0.25105287,1.103979518,1.966563603,0.900867143,12.33126114,0.854736208,19.39409581,0.428677849,34.98816426,0.483511172,41.7741914,0.916444065,53.73802574,0.665240457,1.542580717,nan,nan,1,1,0.1824,0.32,3.251156569,2.796382666,-1.024413228,0.780277576,nan,3.1602857,20.586773,39623171896,16.864172,2.2849922,49.013454,3.4439392,157.99168,22.202423,8.102971,0.9468472,30.972786,13.900457,75.15154,3.8986282,3.134796238,0,1.3829,-99,3.5594,0.1347,0.2,0.0603,0.8487,0.0392,52.6383,10.4689,10.47271501
38344,34.31124573,-5.253689158,0.018937094,nan,nan,151.4493729,5.570895197,206.6343092,6.964503766,259.542875,5.718677301,14.16768562,6.053747896,38.92666394,2.384232421,55.85628518,1.999715685,70.88432545,7.854665456,126.329189,8.166830401,267.0573675,7.670174723,401.8133649,8.337838227,471.7126302,5.941840719,634.7263693,6.481952209,706.7353513,9.518938864,760.453571,6.265915857,1.274375946,2.376335816,0.919208665,0,0,3.8096,1.4,15.74458408,5.939657688,-0.164217129,0.324966832,nan,2.6163635,8.105106,64382975373,164.47513,8.841835,365.3228,38.35849,803.3977,57.79236,93.26808,9.750221,258.8213,13.676521,451.31973,24.886978,28.03738318,1,-0.1755,0.391656576,18.6343,1.0024,4.6998,0.1382,0.4806,0.0075,74.0702,0.6174,10.77990258
38440,34.49978862,-5.263699065,0.018574685,nan,nan,69.58120943,4.383998005,nan,nan,176.1346552,6.41674081,-12.43729356,8.065087949,7.191405459,4.340476394,27.81551377,6.591656523,15.7696001,6.511076357,47.5854927,6.619316732,104.9968429,5.120501882,258.6001689,7.279482422,487.1000912,6.348604286,687.404688,6.59755554,867.0126231,10.45112372,962.0345447,6.850953974,1.095947275,nan,nan,1,1,4.7632,1.4,27.04872894,11.3171196,-0.086745933,1.47097913,nan,3.1597395,44.55808,1.74E+11,90.3414,3.3274345,246.93332,45.292374,987.34467,175.92386,49.503826,2.1207047,203.21815,21.346817,440.4817,91.39978,5.111111111,0,0.905,-99,4.8016,0.1333,4.5545,0.1027,0.8978,0.0098,42.3452,3.1482,11.59081447
38834,34.35715129,-5.253106522,0.019570088,nan,nan,4.535996713,2.155194619,11.12313703,3.240261327,15.8880228,2.444157242,2.086366206,3.177293899,1.062702898,0.913324369,0.536658616,0.735777974,-0.175903611,2.235155085,4.241857184,2.18195179,14.40675725,1.90835281,37.79118383,1.722478276,82.30116761,1.147666898,113.6713451,1.238735728,152.4884062,2.275063093,178.7144425,1.503631554,1.448878858,3.140596547,0.640165006,0,0,1.0272,0.7,6.282463074,4.133420944,0.082632393,0.227716136,nan,2.7307262,4.983595,29990304921,7.340598,1.7794816,39.729427,4.0816936,194.31517,14.136192,2.3387303,0.8087645,22.755058,3.3074722,84.57525,3.96978,19.27083333,1,1.0006,1.164886826,6.6005,0.4474,2.6057,0.1695,0.4659,0.0176,-87.8034,1.5461,10.74800714
39578,34.33658472,-5.251930138,0.019269871,nan,nan,4.669037058,4.331419438,6.790612984,7.313365154,22.97180046,4.18111496,-3.963227565,4.84037599,4.035845362,1.74016249,0.778693013,1.270757925,6.876238259,5.356678405,7.003505726,5.312810509,16.54092019,4.621202609,57.52096609,4.510948243,190.4083612,3.156570862,415.3282651,4.105961618,568.7927324,6.638350359,659.1927004,4.449553046,1.095947275,nan,nan,1,0,1.9232,1.4,7.490005493,5.512369156,-0.040056199,0.238550602,nan,2.9888847,4.487991,1.62E+11,6.104342,1.2616389,68.09075,4.4484825,916.6091,137.64066,1.9911108,1.5677185,27.497776,2.8310194,232.60512,14.05761,-4.109589041,0,1.4381,-99,10.8562,1.0272,3.5608,0.2255,0.6557,0.0233,75.9561,2.6307,11.15599042
39592,34.43701636,-5.251898521,0.019509765,nan,nan,60.3288109,0.773238327,70.49534434,4.374812349,107.2904488,1.034246941,4.084978797,2.708953491,14.26701555,1.272287214,27.62935869,1.276587127,26.04384141,2.671823726,43.12163862,2.861558424,94.01475601,2.650263001,161.5244843,2.406203742,264.1660508,1.45923456,352.6728034,1.640089402,452.7817037,2.639520301,492.2350909,1.82870579,1.323030924,2.427812803,0.508715724,0,0,1.3136,0.7,5.354717255,5.124640465,-0.345494986,0.184873507,nan,2.7371304,13.2019825,81350239224,73.35891,5.3790474,162.73901,19.744484,514.3643,54.489487,39.610153,2.224741,125.28617,8.831337,236.98592,117.011765,36.8,1,0.6018,-0.31813164,3.5267,0.0649,2.1579,0.0546,0.9081,0.0113,84.4746,4.6039,11.02167998
39706,34.46539994,-5.252022892,0.018925542,nan,nan,43.07345178,3.476397909,60.09105868,11.14708748,120.4596203,3.542973508,1.133703773,9.478980704,-4.014941268,4.489996865,-2.485578779,6.110350625,12.34161613,9.370584575,24.7686246,9.200418636,101.8085973,8.65875652,315.9612059,8.970871274,752.3132783,6.112998683,1407.963219,7.88336811,1853.760761,12.32542049,2022.908839,8.016250803,1.672831521,2.504616045,1.095509026,0,0,4.5792,1.4,12.91752243,9.256576538,0.175695449,0.907488665,nan,2.702958,9.846202,1.00E+11,53.58887,2.6602325,308.4553,32.499817,2286.79,208.52576,14.015153,2.6176333,133.80508,9.413723,706.0809,316.31012,9.393939394,0,1.5497,-99,10.3913,0.1784,1.6104,0.0278,0.5056,0.0053,79.2677,0.5548,11.4128776
39708,34.4657029,-5.251911688,0.018917372,nan,nan,17.72205325,2.295694187,41.33717649,7.2455264,73.45212668,2.442770989,6.448041835,6.138109318,-3.267954017,3.366029173,-2.157542616,4.072239697,16.18942523,6.100269147,14.38209277,6.076799579,56.24408279,5.653552313,182.0899212,6.200136768,420.2644463,3.975188074,669.3879537,4.442574998,818.7828946,6.814562586,867.4734857,4.367159533,1.095947275,nan,nan,1,0,1.7376,1.4,6.658364773,5.678507328,0.612581134,0.807304136,nan,2.9666233,11.953214,1.55E+11,29.616976,1.2246637,215.23462,11.746529,961.85724,57.875854,7.5606494,1.2404206,120.181,4.1632347,452.45175,20.204376,-0.452488688,0,1.5313,-99,2.7316,0.0569,7.3444,0.2458,0.2143,0.0042,87.2281,0.2727,11.85621331
39715,34.30965862,-5.251772452,0.018910207,nan,nan,45.8875552,3.056923005,67.61411311,3.901215722,85.2255856,2.864195997,3.829698013,2.828967151,12.88797691,1.125613831,16.88461357,0.925778073,23.70661899,2.603974587,36.11099159,2.627362798,78.93962687,2.359458945,122.0052987,2.16887326,157.4762439,1.45730477,216.4389768,1.558733535,254.8326444,2.580377659,268.7450697,1.760802936,1.647022821,2.563568019,0.628547506,0,0,1.464,0.7,8.574253082,4.381978512,0.840327978,0.263432893,nan,2.5803568,1.4442363,30622068321,51.7403,4.2642994,118.04853,7.64225,270.1177,12.825256,30.379534,2.0982656,90.579704,4.999325,155.46196,9.343826,18.77022654,1,0.1076,-0.663974839,8.2783,0.2393,1.3657,0.0477,0.3287,0.0064,-36.758,0.6197,10.6979
39792,34.51196978,-5.251537092,0.018345839,nan,nan,7.201989575,2.054691388,nan,nan,9.646301337,2.591032467,nan,nan,nan,nan,nan,nan,2.511551499,2.514373831,-2.786202836,2.521272882,11.32209485,2.262854971,53.45439856,2.085623847,84.87818137,1.314254953,108.6713989,1.343518412,122.8906448,2.225278839,135.1705719,1.499478577,1.203882211,2.716143186,0.380689876,0,0,0.4928,0.7,3.671640158,3.343930483,-1.480947375,0.134601089,nan,3.4457412,11.071831,23771346447,15.353055,1.7936935,73.17284,3.7004662,200.1339,40.669662,5.002602,0.881294,53.519783,3.237526,102.82863,4.9499626,1.512605042,0,0.3266,-99,1.6165,0.0526,3.2286,0.2725,0.6056,0.0238,28.2733,2.3264,10.99103855
40333,34.36443907,-5.250803585,0.019662898,nan,nan,89.99745839,5.016552895,107.5605459,5.983377394,134.7071351,4.739040091,7.230029761,6.590930029,29.13691865,1.97079665,53.04917561,1.783256713,47.04556275,6.606545298,77.76614869,6.538281724,116.3492141,5.83871427,169.6044367,5.944755604,286.7125062,4.199880142,323.02584,4.121849599,411.7297952,6.759598871,449.4535103,4.45945229,1.183408627,2.716881918,0.829538624,0,0,1.8496,1.4,12.51427555,4.655925274,0.149402767,0.453859595,nan,3.4970071,17.03419,1.29E+11,147.77031,9.959579,224.13776,11.73439,663.19507,185.29869,97.86523,4.052086,157.29657,17.952354,308.6847,17.704391,5.594405594,0,-1.0572,-99,10.6694,0.1419,1.2041,0.0242,0.1552,0.0019,-82.4311,0.1549,10.34039492
40590,34.36554744,-5.251064786,0.019679207,nan,nan,12.98793419,2.152765604,21.38232345,2.69316472,31.03117062,1.973901231,2.127669921,2.468211556,2.827602563,0.748132449,5.727795368,0.60230636,5.087133197,1.855954538,9.949059352,1.836753407,30.88002167,1.648208978,57.19871172,1.498072658,84.53863619,1.009255218,130.3214913,1.13997042,164.2833857,1.953208228,177.1671273,1.325041306,1.187328163,nan,nan,1,1,1.4496,0.7,6.582486629,5.971760273,1.138033867,1.458772827,nan,2.856287,2.7300541,29244825707,19.707075,1.8322039,61.276543,10.0382595,195.68143,22.186966,9.004911,1.0217006,46.60137,5.172598,92.48233,10.736942,7.107438017,0,-0.0611,-99,6.1324,0.2192,2.4712,0.0811,0.8204,0.0151,-25.6607,3.2287,10.02807184
40591,34.36525617,-5.250754783,0.019674014,nan,nan,358.4804868,5.91529519,401.8368443,7.065076067,531.5933816,6.795019211,59.8825936,6.65622498,123.5397187,2.257039619,234.1681068,2.051791217,168.7884678,6.488353105,234.4505446,6.760248525,410.3837823,6.70112577,685.140522,8.180442889,906.4819536,6.974791665,1379.820286,9.339145073,1752.216758,12.46900967,1931.047453,7.680515815,1.095947275,nan,nan,1,0,2.856,1.4,7.357364178,6.722340107,0.603843689,0.176297344,nan,2.5420785,61.415432,3.07E+11,365.66922,10.735962,654.756,32.56064,1950.9043,82.40607,211.7001,10.399704,501.49942,23.87085,856.2851,55.95984,50.34482759,1,-0.9435,-0.813482954,0.8747,0.016,8,0.3422,0.6351,0.0106,72.3228,1.0268,11.09496697
41808,34.33220531,-5.248671264,0.019192301,nan,nan,11.48261225,2.978846922,19.42928289,5.416138213,33.82481925,2.868547323,-1.767567348,2.790467776,3.207062992,1.007532192,4.79797367,0.657672492,4.791428536,3.154424419,9.483565719,3.207366351,29.48313097,2.834143908,56.42073982,2.509944063,110.6620807,1.364883928,141.8555883,1.404359214,175.9768342,2.472306105,203.1896687,1.691650039,1.669305009,2.699543111,0.618585748,0,0,1.192,0.7,7.62255764,4.305252075,-1.12541604,0.274074697,nan,2.7413423,4.3263087,27617075551,16.308123,3.1021585,57.854633,6.135729,220.32596,16.07161,7.638269,1.6895957,43.186527,5.798273,98.121254,26.099194,14.82084691,1,0.3221,0.989773511,9.4089,0.124,0.2,0.0207,0.2495,0.0042,36.528,0.3842,10.70375313
42527,34.42987845,-5.247589995,0.019571979,nan,nan,43.28845251,1.613089047,103.5507147,8.382204379,148.5173374,2.594702009,4.254392364,7.01751105,-0.579862061,2.644707745,4.341545378,3.489317355,8.52318092,6.541422626,32.1964728,6.297898089,128.2011303,5.960566307,288.8394746,6.431944114,561.3730063,5.033343213,964.1116987,6.296568038,1237.942025,9.954399767,1401.436799,6.575140085,1.232273944,2.447096975,0.903268221,0,0,3.9584,1.4,12.31648731,6.913918495,0.527504742,0.352084825,nan,2.5139174,2.6802404,2.80E+11,35.640533,1.8462048,223.99477,16.843002,1483.7946,58.22693,11.391691,2.0894022,124.573166,8.039249,477.29865,41.256836,11.7370892,1,1.2575,1.998649967,16.632,0.1932,0.4053,0.0172,0.2124,0.0025,-58.9881,0.2396,11.08355873
42590,34.39142912,-5.247344561,0.01981467,nan,nan,7.432068187,2.530120153,14.64257284,2.840719254,19.87907703,2.374818363,0.071021502,3.794543599,-1.256586399,1.702584745,4.634345803,1.64516408,2.385069317,2.632392901,3.539442562,2.567746348,18.02640303,2.280202192,47.96871781,2.043176105,125.5233836,1.343913387,221.0757823,1.595744987,349.8081712,2.795766357,415.852388,1.966528137,1.744163598,2.627788829,0.646400145,0,0,1.4032,0.7,7.976084232,4.741461754,-0.08235497,0.294760216,nan,3.4682896,6.557593,1.95E+11,23.73522,1.638691,84.99892,10.086014,662.33636,150.95486,9.180751,1.4006522,41.386536,6.7691994,193.26079,10.0336685,2.702702703,0,0.9654,-99,11.3768,0.1429,0.2,0.0158,0.3466,0.0052,84.0804,0.493,10.97149076
42685,34.50935918,-5.247330831,0.018298027,nan,nan,25.8332076,4.197006017,nan,nan,76.66463643,5.673465353,nan,nan,nan,nan,nan,nan,1.595833474,5.429132423,16.00607391,5.27768382,69.61062019,4.824229091,144.0704535,4.944837808,263.2950945,3.618124948,451.9451218,4.32167172,577.8762125,6.868865126,670.7667146,4.683063477,1.109953671,2.45105952,0.743688781,0,0,2.792,1.4,8.113116264,7.091972828,1.376098156,0.2318736,nan,2.5410712,1.9234154,1.40E+11,18.572197,3.2803736,114.15726,5.775482,709.7961,29.503906,5.0871506,1.1934373,66.6154,3.330082,230.26431,19.932335,16.04938272,1,1.9163,2.008348361,8.2558,0.3229,1.2383,0.0525,0.9,0.0221,-23.0862,10.0045,11.24198643
42895,34.28345485,-5.247031344,0.018926944,nan,nan,20.14964582,4.929414381,19.60557963,8.420239554,51.07996673,4.843652363,0.016823931,5.667360609,8.271690844,3.394496784,17.05155856,3.509608775,13.64518164,5.22329146,20.34396983,5.206134526,37.95834207,4.515214972,110.1220852,4.483075639,184.1128367,2.775836474,235.0879231,2.802029819,293.1051526,4.669152983,317.0467994,3.09403328,1.253147577,2.867460988,0.885287495,0,0,2.2528,1.4,9.124061584,6.529282093,-0.228870958,0.340136996,nan,3.0185819,3.085696,71000821149,26.257013,2.3631592,112.95786,8.411819,405.55548,63.10501,13.626594,1.9437423,73.75278,7.995434,190.72035,13.446899,-14.70238095,0,-0.1032,-99,80.1824,17.0999,7.3714,0.4862,0.6601,0.0171,79.6344,1.8402,10.9425079
42967,34.21855059,-5.246874115,0.018523857,nan,nan,nan,nan,nan,nan,nan,nan,12.94393206,5.303529657,45.65125324,3.103440177,77.85431608,4.307427461,72.26958019,8.459027902,112.5831937,7.208726963,185.6504344,6.743355149,350.8217591,7.234738974,516.5796471,5.194770311,547.533592,5.267015277,667.2090547,8.460530531,723.6227307,5.571373113,1.160192005,2.516523528,0.832297277,0,0,2.7312,1.4,9.163370132,7.460702896,1.032131672,0.31512315,nan,3.1847825,3.0473332,1.03E+11,154.81664,7.6558533,332.2182,55.711655,938.312,198.66412,80.653824,5.2705193,211.32394,12.389046,479.46448,58.13394,4.4,0,-0.6621,-99,9.1284,0.555,0.2,0.0648,0.5614,0.0417,-53.2728,5.222,11.12096627
43640,34.22732646,-5.24572504,0.018594834,nan,nan,37.53175948,4.581104906,nan,nan,61.85517905,4.285673145,-1.41875903,5.025290907,9.328821715,2.471818092,17.37468855,3.744075218,11.06277822,6.874274411,29.9699494,6.670117356,54.52691833,6.080681122,111.9313889,5.953021104,178.1110888,3.654000406,198.3200236,3.637273022,245.7307065,6.295406279,260.5014024,4.101035896,1.132705417,2.799046385,0.775135229,0,0,1.6272,1.4,8.282481194,5.787011147,-1.037115097,0.326521032,nan,3.4595866,4.061427,47040383776,50.897987,3.1120167,136.2111,17.69788,371.1502,134.46219,29.143238,2.2342367,95.348274,20.128304,192.13768,9.379509,1.481481481,0,-0.6312,-99,10.559,0.1982,0.7287,0.0266,0.5359,0.0072,37.8953,1.0124,10.54541666
43867,34.50258493,-5.245301385,0.018311191,nan,nan,43.64800464,3.262217101,nan,nan,67.26014775,4.227310733,1.702955117,4.91404081,13.07292679,2.807286001,24.81356766,3.416005125,16.45577597,3.016306289,28.95855215,2.968386682,70.55091799,2.657173311,102.3453754,2.388186322,145.1640614,1.52484116,207.1943508,1.684218896,232.0606508,2.7493927,260.6063509,1.882151545,1.890273095,2.950302628,0.694939277,0,0,1.0192,0.7,7.638173103,4.539950371,0.930867851,0.366365963,nan,2.506779,8.504469,31842413124,45.08163,4.0014687,101.389565,6.656967,256.41443,9.835587,22.900211,1.9824419,73.91632,3.6273766,139.96667,11.416779,12.29385307,1,-0.9109,0.18392979,9.4715,0.1649,0.2,0.0231,0.3444,0.0071,-35.9788,0.6769,10.46055
43967,34.31817383,-5.24532467,0.01897661,nan,nan,33.50791936,4.309135613,41.17808259,6.653635827,49.12551169,4.304579332,9.335056842,4.933639287,3.588876511,1.91365545,8.499319132,1.590239816,5.94965472,4.296602366,14.98240911,4.207983421,44.88046475,3.801266148,102.0950708,3.846771702,289.5949344,3.079269619,750.5025482,4.017224763,1339.149578,7.056162057,1845.757312,4.654702925,1.095947275,nan,nan,1,0,2.8032,1.4,7.926976681,6.483760357,1.364394665,0.152212907,nan,2.6788366,76.296814,3.99E+11,27.050978,1.585782,93.02074,7.0755196,1937.6731,68.332886,12.285446,1.8531895,46.89013,2.3416634,278.2415,18.262054,118.3246073,1,2.0834,-99,8.7965,0.7257,8,0.3466,0.6187,0.011,-12.9939,1.073,10.88033232
44020,34.37181361,-5.245114923,0.019743397,nan,nan,55.98871151,5.346853663,81.24689876,7.487017632,102.6154397,5.123660853,7.794748427,6.537876709,15.96737258,2.662382687,19.74069036,3.215389684,36.11992296,8.545611043,36.19038138,8.122719394,108.3697849,7.179562924,164.2949999,7.141992529,219.1984043,3.989540443,349.5886729,4.439594741,442.961667,7.450894487,485.0739533,4.889566228,1.299590861,2.847795828,0.924495256,0,0,2.168,1.4,13.56331253,4.856304646,0.758332789,0.448567278,nan,2.6053736,2.4962761,1.07E+11,55.260536,4.6832275,131.21213,9.893631,539.1112,29.47905,32.121544,3.6915693,94.01333,7.558464,196.26054,11.981934,9.826589595,0,0.1069,-99,19.3987,0.5621,1.0112,0.0413,0.2146,0.0043,-41.144,0.4201,10.75375911
44576,34.23047394,-5.244015405,0.018637183,nan,nan,19.36887379,2.532761831,nan,nan,34.61919237,2.260380923,-2.606408707,2.413686177,1.526098012,1.209910785,8.150576255,1.327019357,9.34058703,2.673851395,15.72513909,2.533375822,34.51487303,2.279952201,80.89679664,2.166874213,144.7229465,1.42066948,177.6236744,1.522117227,246.1606329,2.699475942,275.3437833,1.810872364,1.364859959,2.575439266,0.516127966,0,0,1.032,0.7,5.393229008,4.65418148,0.024138868,0.191830466,nan,3.4639406,4.777705,46244352284,43.57741,2.3915615,111.39207,7.9685097,393.7169,104.2,21.335783,1.6362381,71.49182,23.938732,167.93398,8.843475,5.193133047,0,-0.0907,-99,4.4275,0.1499,2.0949,0.0815,0.9229,0.019,-76.9111,9.3297,10.91018034
45103,34.35238348,-5.243135042,0.019465107,nan,nan,9.440816371,2.851899984,14.47444476,5.079326652,30.42488076,2.706308129,-7.113707981,2.682792077,0.683707525,0.875730414,3.491259632,0.63544171,3.502071774,3.015702597,12.90873751,2.907206846,25.43704585,2.608698488,64.63691194,2.387214139,143.6168742,1.696162989,203.686235,1.874624688,290.4503198,3.210098499,334.7731776,2.212728455,1.610634673,2.486404665,0.591259958,0,0,1.2912,0.7,7.211815834,4.900593758,-0.649383485,0.261990874,nan,3.199508,13.063268,72932475303,26.444572,1.8923969,80.84583,14.76812,450.8082,54.82303,11.064335,1.3606234,42.602272,2.6394367,158.57242,16.221146,1.2109375,0,0.9715,-99,7.7282,0.1681,0.6989,0.0341,0.458,0.0076,41.2945,0.966,11.05813998
45136,34.23500421,-5.243410629,0.018677503,nan,nan,57.47391968,4.965014639,nan,nan,106.4374398,5.036567703,7.29519205,6.439021076,22.79998116,4.040072257,41.01411627,4.431221087,42.5225247,11.39189894,55.27420015,10.98292216,93.40627581,9.625617625,190.870151,9.431647973,320.6844183,4.399690885,378.593913,4.773345652,498.1290345,8.089722969,576.376416,5.218375364,1.245563822,2.891279847,1.014147309,0,0,2.9568,1.4,11.2436657,6.839020729,1.495011449,0.399703963,nan,3.2180555,2.4562604,1.69E+11,84.72756,5.1074066,191.49945,79.37689,871.3761,111.7883,47.9524,3.3645992,116.704765,55.00302,310.93637,31.96315,5.856832972,0,-0.5123,-99,10.4667,0.2737,1.5231,0.0461,0.2987,0.0048,9.8435,0.4632,10.7311744
45270,34.50037942,-5.242820206,0.018289624,nan,nan,10.73352826,1.134406379,nan,nan,19.28327251,1.559362414,-1.27137911,1.287863534,1.99603749,0.801877442,3.019104136,0.971714351,5.608523199,0.871272951,7.226579474,0.884833872,19.45306383,0.756025007,27.73398127,0.646508179,42.17784707,0.471687343,64.58151138,0.525781226,73.82940619,0.937902868,86.44428587,0.703789929,1.542580717,nan,nan,1,1,0.0816,0.32,2.453022003,1.892018318,0.580372214,0.366220866,nan,2.5048695,6.660106,25241032360,23.67959,2.2305794,63.453533,4.2332783,201.63489,8.392433,11.31688,1.3273969,44.76841,2.1719246,95.17439,7.6992683,8.333333333,0,0.7554,-99,2.737,0.0935,0.2,0.0709,0.6567,0.0263,-71.0362,3.905,10.29595374
45523,34.32933121,-5.242472223,0.019125656,nan,nan,17.38165534,2.995159131,26.05530371,5.114655012,38.48584867,2.791080824,0.906506285,2.640072543,5.744164073,0.942796656,8.447880639,0.6480238,6.760736289,3.128853692,11.88801896,3.098257476,29.92131686,2.690116666,64.18960246,2.491004515,115.9735452,1.566123656,144.8816989,1.685768395,205.5457211,2.914117679,238.4665935,2.020821206,1.623696544,2.987810337,0.727279791,0,0,1.2,0.7,6.763048649,5.475635052,0.618127465,0.294821192,nan,2.7979264,6.479669,50911710352,21.788946,4.8128996,65.761024,12.985531,269.6958,22.246147,11.621589,1.4806895,48.032578,6.2768974,112.68252,74.63281,20.91898428,1,-0.2539,0.216580663,9.2633,0.6707,2.5615,0.1499,0.7212,0.0249,-33.1585,3.5518,9.925050069
45524,34.37159142,-5.242388711,0.019728421,nan,nan,35.7693815,2.407744613,46.19323086,3.1385304,63.52312892,2.261359064,0.635474493,2.570449005,14.4131287,1.070378493,20.90060277,0.705294272,16.58898643,2.658522183,33.83642216,2.641729236,59.58575595,2.348720355,106.6393211,2.209009392,137.5466663,1.473036263,143.7117942,1.469471406,167.1167936,2.473255305,176.8309531,1.647461855,1.270627981,2.700034842,0.461987645,0,0,0.7456,0.7,4.701679707,3.891786098,-1.030032039,0.170462495,nan,2.9446213,4.786884,21381914192,49.29537,4.7987785,108.489456,15.791824,194.72148,24.168304,31.289455,1.9771366,84.136894,11.428505,123.824905,31.02813,7.755102041,0,-0.582,-99,3.726,0.0791,2.0669,0.07,0.4931,0.0091,29.4897,0.7871,10.34205622
45528,34.34760677,-5.242385137,0.019393896,nan,nan,56.36882555,4.554771286,76.09030178,8.105024698,85.9694894,4.642166311,4.073532948,5.747974788,15.84877153,1.708805877,22.14232794,1.275274473,24.88085355,5.825608794,35.30022068,5.67219242,80.69314415,5.052377799,126.5434124,4.963467723,185.8138054,3.028078981,278.0707989,3.274491945,318.8605221,5.201901887,361.844503,3.573532568,1.149998334,2.773385605,0.743117162,0,0,1.7136,1.4,9.945744514,4.511664391,-0.171152756,0.331193056,nan,2.6703136,2.6685317,53665119103,52.532406,5.1364746,114.4241,9.648289,397.24335,27.136963,27.550924,2.8801842,85.953224,6.974285,169.66698,32.185608,13.95348837,1,-0.6519,0.377611294,11.6553,0.1577,0.2042,0.0167,0.3513,0.0056,76.603,0.5387,10.41890882
45827,34.37579883,-5.241847429,0.019718561,nan,nan,1.863706359,1.896737194,2.288172927,2.59233741,0.756772143,1.78061131,-1.552741491,1.87768032,0.305966621,0.744434027,0.182849483,0.573193302,-0.462092701,1.807026353,1.600855696,1.757055999,1.30608744,1.4837529,11.40276371,1.251376252,21.3050765,0.762383289,41.24772456,0.799828489,66.4641969,1.534520457,82.72388467,1.125017187,1.635362872,3.359962457,0.471612266,0,0,0.376,0.48,3.58604002,3.433730602,-1.131540895,0.165337002,nan,3.4092424,6.959208,36801267357,4.4909124,1.2069426,19.066332,1.6065044,131.59004,14.390404,1.4596992,0.6410601,13.97627,1.9251542,34.483295,1.8165302,2.628205128,0,2.1283,-99,133.9701,113.2684,5.0514,1.3582,0.787,0.0842,-29.2708,13.977,10.59894828
46213,34.49838217,-5.241305276,0.018284018,nan,nan,125.4860863,4.716886521,nan,nan,182.6469157,6.309240704,31.11413087,7.970227822,nan,nan,87.83082276,6.118048568,71.64464032,7.475587308,111.4057195,7.399245441,192.9481728,6.799183858,251.3989453,6.886738245,301.6570431,4.215916283,380.2997756,4.401510061,421.735194,6.671947921,452.9808714,4.449282969,1.109500479,2.675233296,0.725530969,0,0,1.9584,1.4,8.381289482,5.484761715,-1.385902882,0.29772674,nan,2.6611507,5.730889,50542251606,140.89067,8.732986,230.46489,17.455719,470.14264,32.732285,94.42227,13.575821,184.0075,10.950218,275.1463,54.2807,17.64705882,1,-0.7983,-0.842687506,8.1688,0.1051,0.948,0.024,0.2846,0.0031,17.0004,0.2999,10.63030961
46257,34.34038445,-5.241281641,0.019284946,nan,nan,39.94410018,4.521873847,51.50980083,8.039403568,75.49453544,4.614706145,1.845436171,5.779971065,11.05653704,1.583299698,16.45987033,1.276392129,24.38117906,7.154955316,30.19608572,7.062564424,69.08316344,6.354004585,224.7730007,6.971428189,393.1238478,4.83625049,478.2446127,4.986909772,504.0562279,7.468609205,547.1383023,4.785825504,1.118125254,2.503386349,0.768662934,0,0,2.6288,1.4,8.04984951,7.319954395,1.043063045,0.222444536,nan,3.4950638,4.3760643,1.15E+11,74.231445,3.7977028,327.35617,25.626205,708.43146,351.58087,29.832926,2.162261,221.55273,11.233078,463.14175,23.087006,0.514800515,0,-0.1702,-99,7.4595,0.537,8,0.3412,0.512,0.0093,-49.2188,0.7181,11.55766876
46299,34.47723545,-5.241287707,0.018494761,nan,nan,70.74220891,4.353959842,102.2316423,7.304006075,118.9605998,3.008526872,-0.044452613,5.773657858,34.90844392,3.198580591,47.02820329,3.98151266,28.39020018,5.600976366,59.47370312,5.486286562,105.9154556,4.918796566,164.0745472,4.838452653,264.6491982,3.334311242,325.9802591,3.502124343,421.0460196,5.771392356,439.5762508,3.712439315,1.095947275,nan,nan,1,1,2.672,1.4,10.36945724,6.777688026,-0.434997112,0.384646587,nan,2.8000298,4.981758,59221130135,41.387684,8.601635,82.901,8.389351,314.69308,35.120056,25.414804,1.3456745,61.656715,10.30567,134.39432,26.73058,8.045977011,0,-1.0568,-99,11.46,0.0761,0.2042,0.0076,0.4418,0.0035,74.7923,0.3491,10.46025607
46365,34.4701766,-5.241057825,0.018610024,nan,nan,85.88982754,2.390735866,118.5490287,7.73426844,161.4477883,2.51803504,8.638494476,5.746688678,22.1917207,3.086834961,28.84661404,3.869569654,42.26837114,6.990049586,73.7257519,7.063153664,171.8551873,6.418537037,261.8033878,6.716987889,444.5367719,4.704222981,679.7916057,5.257995727,802.051731,8.062887039,859.5756169,5.302507287,1.115581912,2.493099648,0.759990697,0,0,2.6672,1.4,8.870248795,6.547590256,-1.417119026,0.297552732,nan,2.5997612,3.3034904,78017468390,77.878876,5.9464874,225.76326,15.525436,907.76746,75.06015,42.818554,3.4760628,149.01207,8.584282,412.40396,23.241547,15.26315789,1,0.0381,0.557489825,13.4449,0.4769,1.8193,0.0589,0.4542,0.0085,-1.5858,0.8403,11.282226
46885,34.43186673,-5.239961879,0.019364644,nan,nan,7.172946354,1.445771017,8.37742206,5.410167521,12.53348135,1.932678613,-2.577004245,3.382299247,0.226268892,1.702025485,1.817874275,1.81950132,-10.88608256,4.73535306,5.174558648,4.705687579,12.74222044,4.002985694,28.293625,3.538138506,54.89278598,2.019411611,84.15650517,2.283002508,123.7801689,3.992815107,144.8299189,2.80637898,1.72262529,4.069152232,0.824793864,0,0,0.7104,0.7,6.192492962,4.146650791,0.586347044,0.261616198,nan,3.2177198,10.242733,44220908476,12.449182,1.4609175,34.890335,9.546399,196.2712,47.947075,5.8924227,0.8388636,19.176685,1.9425564,65.71769,5.7679462,1.35021097,0,0.3312,-99,27.2365,6.9037,2.6132,0.4185,0.7311,0.0625,-53.5881,9.4737,9.986987425
46996,34.35033286,-5.239813781,0.019423869,nan,nan,35.11508935,2.381314665,35.09081949,4.13271501,47.95093795,2.224449247,2.410117714,2.418683335,22.51520382,0.748072004,32.0891194,0.549386679,30.46952671,3.850852396,34.04754783,3.745772624,43.51984177,3.190054672,74.90812135,2.916908275,81.10011702,1.807076665,77.20627423,1.897718919,94.19923432,3.132054767,99.67660103,2.154643947,1.253022723,2.810145875,0.408382152,0,0,0.4464,0.7,4.605605125,2.865953207,-1.039811969,0.155651791,nan,3.2956364,4.437647,19958835847,47.601192,2.9287758,70.343346,11.533737,106.81676,33.604984,34.905117,1.9056015,49.179653,14.157406,73.1751,8.188786,5.27607362,0,-1.2546,-99,3.0282,0.0524,1.3207,0.0696,0.3128,0.0093,32.0946,0.6642,10.17966191
47170,34.24315101,-5.239717657,0.018783657,nan,nan,9.661880772,2.051223437,14.57759904,3.836094552,22.66426469,1.833311345,-1.761719499,2.272856321,-0.803847387,1.349956737,1.72305548,1.511411028,2.205804601,2.46542821,4.361114198,2.393702224,20.5652651,2.045474585,50.63433414,1.84851452,120.0055158,1.173604189,191.359831,1.331201174,281.7923056,2.444214603,331.6954817,1.614762745,1.187328163,nan,nan,1,1,1.1216,0.7,14.39499187,4.809863091,1.160164714,0.471163938,nan,2.7473602,5.461419,75567421304,12.376438,1.8539352,55.034386,6.3033295,370.6029,17.902756,4.2013044,1.1806452,31.591568,4.219714,124.14563,92.40967,33.11688312,1,1.4946,2.387236633,18.4723,4.9568,8,1.005,0.2754,0.0155,-20.854,1.0265,11.07003354
47171,34.24318983,-5.239650359,0.018784725,nan,nan,6.399557437,1.428731977,7.025167824,3.012045627,10.25786802,1.36868943,-0.414395412,1.496617004,-0.430386523,0.845204469,0.90486612,0.933145199,1.708346214,1.518196114,1.451983836,1.465121974,8.872850404,1.250337177,28.28460269,1.051101555,76.55411675,0.73880471,136.3614663,0.862545703,206.2885511,1.655159936,250.6664602,1.120803783,1.352776127,nan,nan,1,1,0.5296,0.48,6.094879627,4.631847382,1.528496981,0.426355792,nan,3.4684756,4.034567,1.62E+11,25.935087,1.6744795,93.84442,10.402424,613.8824,152.12445,10.926293,1.3699551,49.64996,12.372984,195.2501,9.601982,7.521367521,0,0.7136,-99,5.7762,0.1001,0.2139,0.0252,0.6248,0.0128,-37.8912,1.7387,11.00929651
47172,34.24325339,-5.239801504,0.018783563,nan,nan,9.99688093,1.959559498,11.55758882,3.861552866,18.02181743,1.579376522,1.988144786,2.36946742,-0.934520213,1.356605407,2.405238839,1.360461888,0.318321249,2.4281272,1.634133875,2.361806258,16.07466055,2.022157655,43.37369373,1.797842024,101.8171457,1.113996304,151.705801,1.21121588,215.3283188,2.155418219,246.7479651,1.503187432,1.187328163,nan,nan,1,1,0.9824,0.7,7.194484234,4.791445255,-0.17849867,0.506601201,nan,3.4960833,8.296586,89245727470,22.123642,1.5553942,74.940636,4.798012,347.0817,142.87338,8.798999,1.0530112,44.028114,4.03166,140.17268,6.9475403,1.954545455,0,0.5214,-99,7.3037,0.2574,0.8994,0.0555,0.4818,0.013,80.4176,1.5281,10.94031869
47321,34.34410999,-5.239478662,0.019332798,nan,nan,63.18570318,3.934057234,96.6137272,8.031753731,109.1871989,4.080438616,7.623018524,5.893210052,26.89826393,1.674809445,40.96615841,1.31812884,24.33187981,7.427901136,51.94925442,7.406939492,95.07131021,6.66885686,220.532011,7.072189477,271.4040684,4.328121141,287.9131547,4.264618464,312.0649701,6.649048345,317.7118475,4.40328532,1.14146181,2.60275106,0.758521044,0,0,2.0464,1.4,10.38216305,5.112839699,0.636643529,0.323058715,nan,3.1597693,6.8768353,37541363573,77.10857,5.027832,238.36967,10.7675705,354.25198,45.594635,37.31684,3.246912,190.57407,34.115776,268.3974,43.536354,-1.352459016,0,-0.8395,-99,6.7459,0.2386,4.7341,0.1246,0.5328,0.0072,-57.4847,0.6037,11.0057126
48900,34.38461232,-5.236188769,0.019623642,nan,nan,39.94607467,2.680664502,52.82451866,4.01947421,63.50682156,2.386413061,1.661104051,2.292772449,19.16722474,0.92986371,27.33402869,1.093396738,29.65267105,2.394248459,42.33933632,2.418716339,67.91734791,2.126942009,100.7944824,1.978214656,127.8324239,1.332387853,143.6351894,1.579571005,163.6609967,2.287547322,173.0332677,1.48709471,1.187328163,nan,nan,1,1,1.4288,0.7,10.20233822,5.814407349,0.128353775,0.620757551,nan,2.9516294,5.410333,25777158679,57.58195,7.0015335,93.89361,11.28196,193.35072,23.657745,39.492496,2.0268555,69.15075,6.0148983,107.99795,15.741241,5.745341615,0,-0.6638,-99,3.6106,0.0362,0.8414,0.0187,0.6347,0.0063,72.9043,0.8344,10.65319142
48911,34.41504487,-5.236590192,0.019529846,nan,nan,3.614055547,1.22408063,9.089825111,2.124881929,9.469773362,1.172127328,0.513411494,0.936164063,-0.071573337,0.436616601,1.304977245,0.468931047,1.228246469,0.692298308,2.417518949,0.697775535,10.34463949,0.585508501,19.3684913,0.49020772,29.22521587,0.366072042,47.80390943,0.449487828,61.58512458,0.765419398,69.68269851,0.559428246,1.542580717,nan,nan,1,1,0.1104,0.32,3.51258111,1.582119703,-0.976157844,0.409015727,nan,2.6861954,2.4575968,37888235560,9.958809,1.7406993,41.158978,2.52421,172.97658,19.994774,3.9460928,0.73745906,28.45824,1.9682951,65.19788,3.3743553,22,1,0.7517,1.60817233,3.6152,0.0545,0.2,0.0342,0.2952,0.0071,25.826,0.6493,10.10732733
48913,34.4153087,-5.236320586,0.019523853,nan,nan,5.697694746,1.658628291,8.148618851,2.902052115,11.18040194,1.501235063,-0.065535523,1.520679521,0.388031018,0.660207335,1.529221232,0.709897935,0.298438428,1.176495663,1.423074894,1.150599006,7.915855289,0.994693666,20.35902893,0.831170495,39.11329895,0.567537378,77.86262491,0.722000522,108.7516168,1.198593263,124.6149203,0.820842446,1.352776127,nan,nan,1,1,0.3376,0.48,4.471310139,2.890642405,-0.621978879,0.553869208,nan,2.9026363,3.1923532,50974601551,7.9581804,0.8134675,35.01137,2.3378162,199.66162,20.467476,2.7626197,0.99762076,23.31746,7.885282,65.90281,3.0204468,10.26315789,1,2.3165,1.617319552,6.1949,0.0818,0.2154,0.0264,0.4748,0.0083,53.0345,1.0735,10.81491718
49068,34.38555413,-5.235989598,0.019616826,nan,nan,162.7826455,5.954479881,229.7902135,8.813596957,305.0509988,5.94498125,33.65371661,5.690765264,82.32595019,2.238140502,99.49317538,2.74591657,89.94106779,7.486236438,135.2056538,7.3422303,306.6269545,7.367053281,403.733354,7.84135178,527.4223616,5.485060841,649.6160665,6.836371157,720.0221647,9.177678264,759.744314,5.647651824,1.122257452,2.478653293,0.763741566,0,0,2.6608,1.4,8.703597069,6.817772865,0.415562719,0.264072368,nan,2.6827235,3.9765732,59040681251,184.61967,10.630478,369.7862,80.03822,813.3238,85.35092,122.73993,5.4919395,310.76978,19.783386,479.29916,145.36765,10.16042781,1,-1.1043,-1.093483661,6.7661,0.0651,1.3275,0.0145,0.7042,0.0048,-73.0547,0.7475,10.50830478
49086,34.34308137,-5.235886659,0.019305162,nan,nan,23.69706598,2.330498345,52.28456754,3.1096541,77.68008517,2.340769737,0.874673205,2.305009868,0.058931635,0.680714563,3.410058952,0.475722271,6.485763511,2.840312063,12.8678968,2.825769942,72.19015996,2.640458784,142.9279054,2.545313665,228.1862052,2.192286188,324.8584125,2.432356047,383.4428195,4.018411832,411.3670982,2.537647968,1.207726108,2.291728825,0.398738313,0,0,0.8352,0.7,4.708855629,4.01803875,-1.314426064,0.127932992,nan,2.5118759,6.516788,48025210806,25.64055,1.8821173,134.53542,6.3514977,413.2293,14.938217,8.189413,1.177515,86.979416,3.184658,216.20178,10.71949,2.383790226,0,0.7317,-99,1.3513,0.0425,2.9047,0.2421,0.5616,0.0214,17.0051,2.0888,10.86508474
49812,34.23721306,-5.234674903,0.018792168,nan,nan,106.5014345,4.846064227,130.5577125,8.752354379,172.6189141,4.739484501,-2.580572207,5.992534848,44.00356872,3.194577097,76.58779239,4.112949294,80.61197294,11.05939995,93.83214283,10.75502387,160.0138391,9.59813237,283.7161478,9.740253648,347.9892033,6.142868478,367.7607408,6.030863282,417.5504814,9.659732332,442.617277,6.34014347,1.158336211,2.70787514,0.824262214,0,0,1.9248,1.4,8.762857437,6.60857439,-1.282087922,0.32573846,nan,3.1442564,6.8329678,72703016098,150.33318,9.239609,258.08432,48.175606,510.16724,161.43608,102.61778,5.0830116,191.36798,49.943115,319.01013,58.69905,2.710843373,0,-0.7809,-99,7.8481,0.071,0.4696,0.012,0.8656,0.0076,5.4334,2.5029,10.76423938
49885,34.47651241,-5.234705842,0.018408221,nan,nan,146.5265985,6.325102465,220.1582856,9.561867814,300.332742,6.63463163,8.727189069,7.583024928,37.27538353,3.952250483,54.71528767,4.983910334,57.7042375,6.37754025,99.2840252,6.245216506,279.0930056,5.916190393,394.7575746,6.045013619,554.7140291,5.073965648,750.7787852,5.493249547,847.1768328,8.465685084,922.2033294,5.742664709,1.401601929,2.381838327,1.038280425,0,0,4.424,1.4,14.00843239,8.478035927,-0.774964869,0.436991143,nan,2.5035303,1.1096113,1.07E+11,123.79147,13.492088,340.53146,46.4368,978.24884,56.94464,64.63218,4.641506,256.36926,12.257622,492.6791,40.412415,7.425742574,0,0.3712,-99,67.0152,8.1887,8,0.3144,0.5074,0.0085,49.0918,0.6955,11.26882069
50556,34.25589411,-5.233867482,0.018957854,nan,nan,28.11991724,3.82088047,57.22980703,7.735566122,82.82123869,3.981299742,-8.035913655,4.661670652,2.750605176,2.144885333,4.758690467,2.57018183,-1.241535007,9.05939405,26.13156149,9.179950672,88.29248964,8.517591325,285.5946774,10.49250918,523.1159227,8.784005821,708.2573035,9.818685713,866.1241687,14.87249561,939.2971694,9.992553067,1.095947275,nan,nan,1,0,2.2256,1.4,7.996081829,6.096122742,0.577096522,0.196127455,nan,3.233917,16.973608,1.83E+11,78.142075,2.81102,391.4197,13.461166,1220.2625,96.71222,23.802263,1.7262774,256.39114,47.994156,617.99615,38.742126,-0.147275405,0,1.1594,-99,4.3528,0.0569,3.1483,0.0642,0.2247,0.0027,-47.1811,0.1907,12.04054526
50650,34.4792202,-5.233621952,0.018363132,nan,nan,1435.737781,9.989082948,1852.108516,16.12115319,2194.16648,11.53408719,79.99970513,7.598177214,271.7388675,4.708778011,526.3013419,6.585172144,586.2473867,9.996228294,1228.313201,11.88730679,2061.147527,12.54127342,2945.68766,14.61108854,4663.541951,13.18737461,6026.772689,14.95907858,6905.241204,21.31325447,6884.457477,12.03612634,1.382308311,1.860207999,1.078910556,0,0,11.3392,1.4,16.95641899,12.39920235,0.832800925,0.374334304,nan,2.6750796,40.414207,6.00E+11,1747.6443,80.698,2782.3223,140.99548,7032.427,805.6682,1035.2992,42.88391,2296.651,143.00476,4080.9033,1574.9097,77.10280374,1,0.2448,-0.984899828,20.8448,0.5222,8,0.0886,0.9695,0.0041,30.883,4.1065,12.18142195
50863,34.42781474,-5.232847036,0.019289661,nan,nan,48.73599931,2.999968383,78.38955015,7.86487133,142.9770724,3.769366286,-11.09635445,5.988857652,2.360730821,2.845672619,3.643864569,3.083974121,2.839010061,8.863487468,30.36393591,8.707150237,130.7357434,8.758065377,248.2448172,9.626465655,423.0804532,5.20100844,641.5955783,5.930493218,770.8785549,9.072776876,841.8915808,5.782524069,1.095947275,nan,nan,1,0,2.168,1.4,6.767382145,6.484237194,0.622306406,0.197789536,nan,2.6175787,5.382646,87389003840,50.7226,2.5279312,229.82054,11.072838,870.6456,92.71292,18.596443,2.481392,153.58124,6.6319504,394.6077,23.144379,6.280193237,0,0.7061,-99,4.4547,0.252,3.5964,0.1942,0.7842,0.0211,-59.6994,3.5307,10.93405835
51122,34.25891054,-5.232332814,0.019001049,nan,nan,20.85074192,2.398795961,32.63757745,4.346810983,61.55828626,2.385433658,-3.490942808,2.283774664,1.576005918,1.193937489,8.040932731,1.310701153,10.16059255,3.579915677,16.43467579,3.452890175,51.6419478,3.183565067,168.6559494,3.351049104,277.5644608,3.884840841,371.0928426,2.995624385,473.1631688,5.56306295,526.9479236,3.26436296,1.338846525,2.640897061,0.558067268,0,0,1.1424,0.7,5.829108238,4.787932873,-0.96912396,0.190243698,nan,3.1409767,5.9190993,1.18E+11,48.49066,2.3191166,212.7024,13.301979,662.61725,143.5162,18.082071,1.5994396,148.75555,6.7521286,299.09814,115.27482,4.06504065,0,0.5922,-99,4.9025,0.0601,0.8228,0.0259,0.4837,0.0053,48.2973,0.6213,10.88388275
51369,34.42600255,-5.232127234,0.019305318,nan,nan,42.02749912,4.487559081,73.25299995,7.844192613,95.71699638,4.729888608,-7.528166264,4.51066435,1.194432115,2.591168417,4.760696789,3.041073282,6.078083345,6.417497872,28.04732058,6.887314959,88.97742555,5.970496802,195.8091434,6.61162046,344.6125034,4.7545906,545.1286406,5.621692135,654.2613013,8.369868888,734.930018,5.534698154,1.095947275,nan,nan,1,0,2.1184,1.4,8.615818977,5.374014378,-1.474097371,0.23629708,nan,2.6488173,3.3813102,1.04E+11,38.826694,2.8639107,185.72118,13.510895,778.78644,86.65918,13.429872,1.3905706,114.19009,7.2316856,331.31436,19.711334,21.28712871,1,0.7231,0.758668063,5.6685,0.2257,2.7929,0.1136,0.4333,0.0099,0.9134,0.8361,11.14261719
52031,34.31541511,-5.230763012,0.019105637,nan,nan,185.4733356,5.479347707,220.5254635,9.182554554,277.2982121,5.570217061,11.99369508,5.493340864,81.73395577,2.706206884,132.8847145,2.00106779,128.0991964,7.491396963,186.4629979,7.452618977,262.3254111,6.758195508,400.8151893,7.11558375,481.5290891,4.535623978,453.4708811,4.374700464,532.8026072,6.726171793,550.920241,4.51240555,1.22481695,2.593609394,0.834899563,0,0,2.3584,1.4,9.727981567,6.657583237,-1.332719088,0.292907089,nan,3.1583438,17.248623,55074149151,242.23044,8.612953,334.0245,66.83229,625.97925,130.73787,175.45448,6.008583,255.91275,41.837288,406.3148,70.563644,2.790697674,0,-0.7487,-99,8.5344,0.3975,3.9961,0.1255,0.8733,0.0144,11.612,3.894,11.02373914
52732,34.38585129,-5.22940803,0.019558789,nan,nan,47.43562701,2.479505496,60.41987728,4.182990794,70.89344107,2.331293863,3.068627192,2.078159568,18.33368641,0.945609095,32.65589024,1.065922523,37.26499504,2.678792547,42.85425596,2.580829594,68.30476909,2.268205556,117.8148024,2.222305031,149.6318427,1.466989971,149.3412959,1.679674853,176.5523873,2.4273784,188.1293616,1.605807481,1.279051834,2.576035345,0.457265948,0,0,0.7936,0.7,5.044472694,3.903896809,-0.15817453,0.184481676,nan,3.1754203,5.4217167,22244990630,69.76977,2.8338127,111.09806,24.575943,210.33623,43.11315,45.68224,2.4304657,79.7123,12.576706,134.45267,20.236656,4.184100418,0,-0.6935,-99,4.0092,0.0328,0.632,0.0166,0.4625,0.004,72.8176,0.4339,10.54328577
52932,34.4254432,-5.229272357,0.019259497,nan,nan,133.3704866,4.926335953,204.0646372,8.643912471,256.9172076,5.20042244,13.3176634,8.765616322,36.57580856,3.276302643,45.87403005,3.860261235,58.85253237,7.25404545,103.8065387,7.210949062,240.635064,7.210454983,344.233122,7.937629122,454.3476566,5.564950436,596.0062957,5.894464085,641.9707188,8.507701118,691.4036449,5.546202295,1.095947275,nan,nan,1,0,1.9616,1.4,6.460562229,6.222145081,-1.545414329,0.206186542,nan,2.5832016,3.2565653,65349848507,141.49907,8.299545,326.99872,17.612183,689.7576,42.308716,82.48881,7.13237,262.99722,11.293694,434.95856,22.146988,18.13471503,1,0.1078,-0.733920536,3.9742,0.0536,2.0184,0.0377,0.6942,0.007,50.8553,0.9176,11.05327671
53869,34.2317663,-5.227667252,0.018826618,nan,nan,30.3821049,2.839559742,35.84680513,5.579203377,48.58925049,2.640411006,-1.201328131,2.661852269,3.792828265,1.512628035,6.34109871,1.592396958,14.80992706,4.614535874,14.10338877,4.601857099,46.87856357,3.971486566,91.91630967,3.603957726,167.231511,1.730761775,280.612717,2.03461187,370.2192858,3.494103079,403.7998682,2.301837964,1.589125668,2.621964674,0.571983201,0,0,1.1808,0.7,7.773387909,3.826331139,-0.505054891,0.252145991,nan,2.654121,6.0831237,61950176638,34.076942,2.238121,89.521324,6.254627,420.48312,29.384384,16.013163,1.698091,55.272816,4.165882,161.71489,14.985809,28.45238095,1,1.0144,1.145289273,10.5104,0.2689,0.2,0.0378,0.2453,0.008,58.2297,0.7223,10.97473224
54077,34.27414897,-5.227447974,0.019097336,nan,nan,16.12789704,1.153098317,20.54837969,2.252042706,38.24516352,1.255468728,1.66102335,0.978153416,3.126968285,0.562354818,6.78871291,0.766349474,9.285336205,1.308259111,14.91578417,1.338474585,35.96108285,1.15887756,100.3103437,1.05981364,141.3100034,0.944517487,169.121352,0.909869044,214.7116241,1.655345861,231.864073,1.198520928,1.542580717,nan,nan,1,1,0.2,0.32,6.747972488,1.85228467,0.086495087,0.246254482,nan,3.1005878,1.2015431,4.60E+11,85.58134,3.7396927,355.51996,165.99443,-4034.9387,44810.65,40.63391,2.698248,231.7203,55.82334,647.47656,3190.6213,9.036144578,0,0.3138,-99,3.5075,0.0535,2.2692,0.0571,0.6568,0.0082,10.1855,0.965,10.95154961
54079,34.27416517,-5.227292421,0.019098347,nan,nan,6.071654241,1.144868401,7.517064782,2.225411989,15.20755722,1.185879877,-2.604485822,0.984099221,0.542486886,0.561182373,2.677260392,0.605107544,4.505697095,1.306768748,4.725467799,1.284535182,14.60249932,1.131165513,38.41415019,0.968944999,46.79845899,0.802769721,53.25486198,0.822306318,61.46734428,1.481814537,61.97716924,1.030889151,1.542580717,nan,nan,1,1,0.2096,0.32,7.104629517,1.895286322,-0.090377316,0.382314909,3.222,3.1948128,8.7844715,39361229197,57.053436,2.3912811,203.82013,49.270905,769.6325,793.63306,24.49578,2.0880585,122.84581,20.812141,382.968,526.2335,2.057613169,0,0.0695,-99,3.1521,0.0468,2.3084,0.0626,0.6963,0.0091,15.783,1.1683,10.53335553
54115,34.35725859,-5.227265039,0.019480917,nan,nan,13.94388005,2.840106884,16.60826455,4.834936736,26.27319909,2.01432369,-2.139546002,3.207283625,8.628957349,0.789212556,10.20698216,0.693411215,4.1157339,2.888226656,4.926073198,2.831836764,20.77436357,2.468622405,48.75360666,2.241071697,86.70394809,1.37374548,105.1887729,1.435640531,136.1175963,2.547590673,152.5440627,1.737776193,1.487506166,2.377408734,0.487944518,0,0,0.872,0.7,6.64138937,3.964188099,-0.474803209,0.246894159,nan,2.8667667,13.189835,22434578060,15.82733,1.423243,53.669548,9.127747,175.28125,20.006836,8.422786,1.4368792,37.307568,4.5113335,88.16133,8.633656,9.745127436,0,-0.9383,-99,7.8217,0.17,0.4368,0.0352,0.3625,0.0079,57.9541,0.8332,10.38625883
54280,34.29376568,-5.226989755,0.019126393,nan,nan,17.33589563,2.213082383,26.54813845,4.2078663,35.60386145,2.147701718,-4.445771316,2.629033305,5.030369365,1.343153797,7.879015663,1.364963179,7.030238688,2.406941559,16.135783,2.349287312,31.06019037,2.131687716,119.1419984,2.127740754,197.4751712,1.552653816,215.9796868,1.562129158,251.1885945,2.601432872,277.0955872,1.777706402,1.242675221,2.533759863,0.471751555,0,0,0.9888,0.7,5.141748428,4.213713169,0.615196109,0.134969931,nan,3.4097998,9.208918,41677610388,43.473648,6.103218,161.50885,31.282753,363.4005,164.00488,19.47769,1.260004,116.05675,19.71556,209.86908,10.021545,4.272727273,0,0.0451,-99,1.2386,0.0168,2.7028,0.095,0.9013,0.0122,-78.4875,4.8619,10.91053818
54741,34.4225904,-5.226552226,0.01925288,nan,nan,78.34704369,5.033774789,103.9315256,9.484608732,144.2455091,5.013345753,nan,nan,22.5016851,3.176505278,29.58126209,3.986281338,37.28446838,7.254005265,45.0381028,7.258434689,125.9062665,6.686110085,200.3883288,6.982201576,321.7460408,4.716414212,470.9307063,5.116227786,555.5810383,7.922149615,606.6943676,5.146981636,1.200223838,2.596115994,0.915766605,0,0,3.0224,1.4,11.70706654,6.642833233,1.52596736,0.417163271,nan,2.5156138,0.8412085,77068702165,63.061752,7.537903,181.30432,12.327118,627.50507,35.221222,36.49487,2.833973,128.27371,6.194481,289.34625,39.418655,3.95480226,0,-0.7934,-99,8.0712,0.1923,1.0895,0.0343,0.6648,0.0111,16.268,1.7063,10.88116555
55391,34.35553341,-5.225420541,0.019450612,nan,nan,203.1970567,5.734734149,239.9929328,9.571085703,304.4962433,5.877525758,23.48708076,7.836639896,84.10604581,1.741950454,131.1726352,1.722492599,54.5347499,8.266385287,110.3378214,8.08128782,241.3070161,7.472869958,366.6550517,7.626551427,463.4641402,4.690127934,559.7497499,4.894377152,628.8590202,7.678709316,655.5582672,5.098539041,1.341792939,2.949467956,1.172445934,0,0,3.5056,1.4,11.02261925,8.959700584,0.98548162,0.512076366,nan,2.739903,72.29703,38024337361,145.65173,5.109413,311.89044,31.313309,723.06476,89.06442,61.228157,5.2521534,240.68898,21.21193,414.06082,85.44125,9.139784946,0,-1.1712,-99,12.2767,0.1163,0.6118,0.012,0.8159,0.0062,-16.6601,1.6835,10.45350486
55608,34.40002374,-5.226815686,0.019450854,nan,nan,243.2655123,6.943697273,340.5727972,12.82728087,424.134437,6.955084148,14.3000795,7.793158498,65.51810217,4.00804948,97.58336606,4.399441253,106.0158508,11.2560278,163.1792957,11.03743485,406.862531,10.20853818,571.3945503,10.41237513,771.2336507,6.682435251,1044.016933,7.160964488,1153.678657,10.88505166,1264.028542,7.164818499,1.703425678,2.553412066,1.197516361,0,0,4.9872,1.4,19.74108315,6.963541031,-1.450979948,0.739558066,nan,2.5871983,4.3765016,1.24E+11,234.67566,14.951515,528.8391,39.450714,1271.7623,81.526794,118.58701,7.496475,401.26007,18.929245,741.7793,54.508087,16.98113208,1,0.1059,-0.602271557,16.8478,0.1119,0.5001,0.0096,0.2593,0.0016,-4.9907,0.1573,11.34214183
55629,34.43978606,-5.22493885,0.018928082,nan,nan,110.4738649,2.342907475,137.6163314,6.447589398,158.3128455,2.658603579,30.58662476,5.295979587,74.50035562,2.032905083,98.85640533,2.363773171,102.1494928,4.136411068,113.7431855,4.006611714,164.6324976,3.57827255,222.4539297,3.324837093,230.3067529,2.147570467,227.2038169,2.134128287,249.9393307,3.492396164,253.7506639,2.258573967,1.79204273,2.89950668,0.713300116,0,0,1.4272,0.7,9.510016441,3.977361917,0.868409336,0.288519577,nan,3.0729327,8.851326,20866628760,154.05852,4.82666,213.70073,45.250237,269.35062,76.87372,111.25058,4.041874,174.35101,135.12575,214.21667,39.04065,-3.370786517,0,-1.3105,-99,10.2689,0.1485,1.4875,0.0282,0.1595,0.0019,-38.9406,0.1544,10.49627705
56633,34.45545491,-5.223301547,0.018560177,nan,nan,38.39391874,2.919904861,39.42899053,5.245406648,69.5194546,2.774227798,11.00480454,5.236823802,19.55975887,1.745354283,25.8341655,1.963879153,26.45453282,3.021524478,37.88012657,2.959553939,64.8405698,2.614539722,94.26219203,2.504692473,148.3006323,1.692906791,193.1163949,1.815661742,246.7449383,3.177322608,264.3032903,2.000400939,1.563154057,2.48077781,0.615559677,0,0,1.3664,0.7,7.622203827,5.048519611,-0.981247306,0.233990648,nan,2.8081658,7.994029,31612519981,46.921715,2.837801,96.67743,16.758293,282.29114,33.278008,34.31032,2.7551298,84.007545,5.387493,130.53955,127.1291,10.37037037,1,-0.978,-0.865917837,5.9509,0.1963,2.2264,0.0811,0.4774,0.0102,41.7267,0.8968,10.28675596
56864,34.44820601,-5.223215664,0.018725084,nan,nan,602.993274,7.13348634,604.5613132,10.71199021,659.9310982,7.008295098,289.8191797,8.209420298,380.6737058,3.281064971,471.7119933,4.152715928,328.6927605,8.737897539,418.7976123,9.001370093,598.9161968,8.490518452,799.7222033,9.68056487,1026.792426,7.145834661,1246.32219,7.503209009,1500.245547,11.15404677,1666.21377,6.744390054,1.114855606,2.008281652,0.764699042,0,0,4.6544,1.4,11.97782135,7.565437317,1.516026616,0.193428783,nan,2.5096095,41.001102,2.30E+11,610.3757,23.278717,805.40125,49.670197,1683.9126,65.03479,413.14215,23.765076,655.4584,28.910492,987.01013,59.130524,44.06779661,1,1.6685,-1.205892649,-99,-99,8,0.4906,0.7571,0.0176,21.671,2.364,10.93288529
56997,34.45272826,-5.222793184,0.01861656,nan,nan,49.71027457,3.590456287,66.96535186,6.358238337,94.33856936,3.420038495,11.70892011,6.17721696,23.56016957,2.231496743,27.7722184,2.357625028,28.50896304,3.672935545,43.64874471,3.600652733,84.77478034,3.230872018,124.6621086,2.953754224,197.5761516,1.982653711,257.0796896,2.112171351,313.4639576,3.650463685,352.83258,2.366841197,1.934564023,2.657810313,0.686129097,0,0,1.4976,0.7,10.14070415,4.10748148,-0.77865231,0.317047225,nan,2.6825426,2.7989435,53506384494,58.90065,3.241127,124.95096,12.413513,371.00107,31.35286,37.85593,6.8927107,103.46596,7.0800095,190.71153,51.059723,23.76237624,1,0.1088,-0.223252856,11.863,0.1335,0.4973,0.0188,0.2266,0.0027,44.3925,0.2476,10.8567129
58109,34.38400033,-5.220907403,0.019520064,nan,nan,31.33630775,3.166765869,51.94922416,5.633106629,68.12567079,2.944308064,0.983909824,3.937115308,6.876383903,1.926372433,13.06065858,1.387024338,15.07207861,4.072006548,26.01643931,3.927865326,59.64360056,3.5187121,127.6906246,3.295199106,215.3267916,2.004146916,240.529874,2.488451807,288.4715305,3.453761187,318.2117272,2.316936376,1.746197433,2.178546506,0.653241287,0,0,1.4192,0.7,11.61033058,4.840040684,0.009642272,0.327680336,nan,2.9565628,3.535239,36370648913,53.661922,6.196579,129.82579,7.6631126,368.939,41.490967,26.08075,3.275858,86.28336,24.259201,201.95222,132.03152,6.228070175,0,-0.0746,-99,10.1546,0.552,2.9097,0.1259,0.488,0.0121,-65.0593,1.0649,10.74549139
58162,34.28986479,-5.220834151,0.019187825,nan,nan,55.86410218,4.557786032,nan,nan,113.4456705,4.595267162,-0.332636052,6.192409318,16.92387024,3.368253854,28.52367879,3.602075506,30.94904885,9.118229049,53.11164168,8.82308708,83.53128796,8.166314494,209.1545442,8.973462233,344.1230907,6.21271541,404.5997803,6.484802474,513.431291,10.74359225,549.1030759,6.87657592,1.098392634,2.672564601,0.708540737,0,0,1.68,1.4,6.878407001,6.386536121,-1.260776043,0.246988813,nan,3.212215,1.2854841,97271340858,90.54519,4.0105743,224.60791,30.029,685.46045,156.39874,47.620804,2.6304455,131.08284,7.310459,353.27243,31.493896,2.099236641,0,-0.7165,-99,10.8438,1.2218,8,0.4725,0.6835,0.0161,35.57,1.7689,10.9104981
58285,34.42217773,-5.220704676,0.019156852,nan,nan,63.78588584,4.87095676,123.9568895,8.701228121,195.2000977,5.460479366,-17.10858135,8.769575098,8.125030996,2.973625795,6.890266598,3.63249221,2.969222573,7.502371768,28.85385744,7.571362938,156.3951786,7.670126001,291.7449783,8.56028543,422.1218875,6.250936716,546.7589532,6.629783084,614.580474,9.723615595,654.7211728,6.184508553,1.095947275,nan,nan,1,0,2.0032,1.4,6.571522236,6.239801407,-1.460009933,0.151904042,nan,2.5157228,9.470359,64485775173,61.419502,2.4637508,284.3177,12.789032,648.4452,28.463348,19.977444,1.7146301,196.3673,6.589714,400.43585,18.956299,2.926829268,0,0.1102,-99,1.3617,0.0212,3.258,0.1324,0.4642,0.0098,-71.8685,0.7618,11.01698844
58588,34.23251855,-5.220236479,0.018905988,nan,nan,122.8078812,4.924488835,251.49845,8.877271729,387.2902298,5.771903128,-9.680307011,6.085741011,2.98147493,2.938007655,19.15689432,3.671287438,16.18563492,7.184296347,100.2363328,7.454179511,370.8976498,8.254562094,645.2311227,9.481374498,873.8253793,7.174618569,1131.645831,7.872856549,1298.852858,11.40012504,1380.619177,7.060797356,1.095947275,nan,nan,1,0,3.912,1.4,9.894536972,7.466659069,-0.309081256,0.176075651,nan,2.502357,6.8587966,1.48E+11,137.62337,4.537758,605.4781,27.552246,1381.6259,51.139893,47.324657,2.726513,421.41727,14.360413,837.36224,54.348755,7.203389831,0,0.6217,-99,2.7354,0.0283,4.6666,0.0901,0.2707,0.0036,75.2021,0.2081,11.33455572
58679,34.299604,-5.220295862,0.019197339,nan,nan,450.2150125,5.087519026,nan,nan,600.4332264,5.343278738,203.9955659,6.896821072,360.6220675,4.157612682,422.0265229,4.590280128,419.5583141,8.432401705,448.2040358,8.150955672,595.0471615,7.641299764,709.2125847,7.684118061,734.5539237,4.674796571,718.1535026,4.482088849,791.0138429,6.737905111,808.3252434,4.315741974,1.095947275,nan,nan,1,0,1.5712,1.4,8.64368248,5.069434643,-0.264137208,0.438427202,nan,2.9458852,11.439961,66289704460,381.11118,62.798767,449.13504,200.25095,611.0994,84.36566,297.8276,12.10759,417.02524,52.81314,475.94064,218.37439,13.7254902,1,-1.5604,-1.119570465,7.5841,0.0558,0.7199,0.0133,0.4035,0.0025,73.5131,0.287,11.24123863
58680,34.29956853,-5.220129163,0.019199089,nan,nan,509.2594439,5.99149452,nan,nan,688.6390992,6.334263495,233.627621,7.926139441,407.3208629,4.424603555,487.0848345,5.065698707,483.009945,9.640181532,514.0360716,9.544556789,678.9007397,8.789302312,804.1890038,8.714775009,826.5794914,5.399489159,797.2733274,5.162797717,881.9470031,7.85838803,896.8760517,5.050578662,1.2259661,2.469437822,0.774362822,0,0,2.0256,1.4,11.19522762,5.489589691,-1.518762827,0.522843903,nan,3.1511445,22.620821,99807471341,731.7478,25.099426,732.03296,30.591736,955.7665,294.77887,589.68317,19.804626,646.4546,27.405518,746.1021,93.15747,11.34020619,1,-1.6024,-1.132914068,9.4851,0.176,2.807,0.0544,0.2128,0.0023,8.3372,0.1819,11.21049709
58749,34.29700366,-5.220116661,0.019198615,nan,nan,15.51033901,2.123670856,nan,nan,27.72340778,1.953375709,1.032180893,2.495298296,5.31609521,1.295434459,8.156902874,1.416767653,6.606709387,2.375116072,13.25104376,2.353630938,23.76548916,2.011508336,45.75619084,1.755244805,75.99690199,1.064918546,92.77495778,1.114125767,126.2954317,1.991248122,144.6105833,1.372357911,1.187328163,nan,nan,1,1,1.4288,0.7,8.646250725,5.606468678,-0.586573958,0.673339087,nan,3.1940753,3.4848235,33766069228,25.6444,1.485817,48.526485,2.8027039,192.82234,38.30819,14.350451,1.3625154,32.27993,1.9685163,74.9721,9.127815,4.393305439,0,-0.3977,-99,11.5228,0.165,0.2,0.0162,0.4668,0.0078,52.0408,0.8351,9.896190587
58961,34.36050311,-5.219633628,0.019465822,nan,nan,18.8612337,2.397159687,34.48110915,4.386864896,59.30352311,2.342745389,3.247809506,2.949044588,1.906077912,0.720894402,2.399430368,0.598630452,4.034517351,5.230728565,1.486481022,5.400874802,61.06553867,4.835698124,112.7157144,4.410564013,168.8124336,1.728420276,229.5884393,1.910041769,261.7431891,3.090945843,280.1083615,1.997661458,1.333882125,2.851202135,0.598225058,0,0,1.1328,0.7,5.738427162,4.794687748,1.310441375,0.179351262,nan,2.5702274,9.50213,31924974328,20.800098,1.9609184,107.27729,6.6052437,288.532,11.856033,6.41754,1.057714,69.422356,3.741314,161.45627,8.317604,2.684563758,0,0.1631,-99,2.6216,0.16,2.0221,0.2596,0.7316,0.0408,-30.3673,6.2084,10.69775872
59154,34.31790652,-5.21920649,0.019276572,nan,nan,25.64324851,2.287679728,34.69103617,4.035171292,58.85303592,2.202580849,1.886160913,2.92179981,6.126641448,0.851308131,12.45972778,0.627579171,10.82732533,3.356707055,20.38421663,3.506298486,60.25904781,3.219218529,149.1976117,3.065360628,173.1155881,1.960132503,185.0479353,2.035812085,210.3133364,3.481911532,222.4471905,2.205490782,1.227314866,2.609614647,0.432725173,0,0,0.7248,0.7,4.200246811,4.091445446,1.453565717,0.128905943,nan,3.101054,7.555472,26764384863,48.06975,2.4134197,163.15118,7.883438,247.25911,53.994408,21.473541,2.6663227,131.87851,6.8818893,180.44739,40.04901,4.803921569,0,-0.1542,-99,0.6914,0.0272,8,0.7993,0.4821,0.021,78.4915,1.5578,11.07793411
59166,34.45890428,-5.219481082,0.018426887,nan,nan,59.62050615,4.769546521,78.47386983,8.196907978,95.80636008,4.707292347,-8.332908165,10.46596988,18.28085459,3.673733334,19.48619175,4.162589853,26.01465648,7.485084543,38.68498734,7.369203983,95.79055152,6.489597577,133.4640898,6.273352104,205.5611609,3.602491033,306.4791328,3.828912553,360.9825543,6.174801919,416.4467748,4.175285468,1.214411511,3.012558818,0.888454805,0,0,1.96,1.4,10.98700714,4.947664261,-0.87119633,0.391415866,nan,2.5952544,3.9714842,73407551226,48.782852,4.597641,120.041824,6.6502457,445.76645,26.415878,24.949598,2.7458687,84.83659,5.0153503,189.8435,11.228409,20.26845638,1,-0.0232,0.821233361,12.6552,0.236,0.2432,0.024,0.337,0.0073,50.2711,0.7017,10.83767655
59728,34.34750149,-5.218379111,0.019317229,nan,nan,32.33118306,2.780251717,61.31683492,5.103282903,108.6906348,2.704397377,1.823631691,3.650749632,6.645572666,0.805199133,9.817607041,0.683705956,11.84944596,4.667366255,22.17270588,4.482565903,98.3523966,4.127749773,167.1537275,4.003510344,232.2367296,2.664917299,300.0272125,2.810753201,336.1827022,4.56919758,360.1159382,3.152736763,1.535241242,2.562511477,0.640355959,0,0,1.4704,0.7,8.689695358,4.49145174,1.083273888,0.215999228,nan,2.636467,3.9280136,40680501849,42.41668,2.3736458,167.02998,8.887894,366.63336,28.425568,17.463928,1.6716738,126.58511,4.6907578,232.04407,11.71434,17.54716981,1,0.2745,-0.742130807,5.314,0.2003,1.6378,0.0822,0.4521,0.0126,-24.83,1.1845,10.84873521
59867,34.34098771,-5.218165181,0.019323905,nan,nan,126.769277,3.094958959,151.9607204,5.463196563,180.8936347,2.971081549,32.124819,2.053255821,84.69352591,0.791066699,110.4474458,0.878538123,113.2843101,3.481301226,131.1172579,3.439848163,183.0450841,3.114778659,265.4404774,2.922571438,275.0891077,1.916222836,256.1964239,1.861344736,279.1919063,3.052662097,294.04268,2.020703007,1.538905025,2.558443713,0.625811754,0,0,1.4336,0.7,7.592528343,4.925261497,0.943501949,0.231369385,nan,3.0847719,5.822053,20229710700,169.92702,13.546471,257.75726,58.43457,313.82532,76.189674,127.96228,4.711788,205.4519,161.69778,242.99646,43.60179,-10.62176166,0,-1.2226,-99,6.0429,0.0757,1.728,0.0296,0.3365,0.0031,-50.2147,0.2768,10.53291726
59988,34.37061369,-5.217972317,0.019510759,nan,nan,215.3523387,5.301226113,295.8327626,9.307180212,393.6298583,5.347555261,39.21347227,6.02473845,99.48754968,1.70037491,134.0687899,1.579726148,121.2781124,8.291596765,161.0932728,8.061932567,366.2320049,7.739282914,448.5286472,7.694602084,512.4907721,4.60739764,599.288318,4.615463189,633.385612,7.086860849,664.2061319,4.560114839,1.215098901,2.492004979,0.907232248,0,0,3.1968,1.4,10.34559917,8.006883621,0.53621155,0.394111758,nan,2.6145794,7.921518,56031390044,231.41281,13.010338,426.43286,29.89116,682.7325,58.126007,144.09306,12.154442,386.1023,21.086075,495.1602,26.589981,9.375,0,-0.8846,-99,10.9924,0.1284,0.8311,0.0169,0.5359,0.0043,-62.7342,0.6021,10.81627113
60010,34.32908554,-5.217824027,0.019321236,nan,nan,57.71690671,2.737160839,72.08346104,4.836872985,85.83110128,2.577475398,4.535853943,3.053409408,26.00782065,0.782440765,42.43226984,0.709866936,36.87469362,4.238455838,61.35386799,4.327046049,83.9719861,3.753866134,142.6451466,3.491754749,174.7631601,2.212901682,176.8196504,2.238280084,204.1479412,3.783513269,219.9394877,2.515078526,1.42961707,2.692724812,0.549716332,0,0,0.9056,0.7,5.37473774,4.846364498,1.061554909,0.224881614,nan,3.141275,5.0218315,26654462498,83.96962,3.3765907,130.90054,34.903103,246.07726,48.708862,57.751957,2.8276234,95.77573,14.291069,154.0983,45.435024,2.767857143,0,-0.7804,-99,4.8851,0.0752,0.502,0.0262,0.7253,0.0109,-75.0628,1.9759,10.68103251
60215,34.40362284,-5.217366558,0.019366818,nan,nan,15.69225548,2.723141872,3.875103228,4.90155967,21.36366751,2.417856002,2.252784701,3.151261851,10.18088848,1.48205423,15.04932861,1.417406429,16.73786372,3.04721375,16.01342321,3.040727703,17.58255489,2.585594115,26.52854552,2.180261732,53.60165145,1.313336256,79.39425997,1.677221255,108.0393299,2.421958472,113.0197369,1.638869741,1.510383509,2.802997961,0.538666433,0,0,0.632,0.7,5.55921793,4.152030945,0.722604275,0.287807146,nan,3.4965692,11.341539,34464477855,21.690504,1.8743906,41.73788,7.862648,148.82745,39.563625,15.484895,1.3570151,24.939737,3.4847393,73.53296,3.9471207,0.528541226,0,-1.5701,-99,2.8047,0.0859,0.5387,0.0682,0.5294,0.0223,79.6368,2.4161,10.51646545
60327,34.35777128,-5.217210537,0.019431848,nan,nan,13.86021205,2.169864445,34.05371942,4.540118623,51.22048808,2.415641853,-3.450682819,3.162297611,0.905604469,0.766050013,1.852445622,0.629233238,-0.325146271,3.911558905,10.94990709,3.801486859,43.26236867,3.384031876,100.7321741,3.344570115,189.1103831,2.338278333,318.540437,2.691774887,389.5664686,4.428822919,439.3260475,2.945880152,1.410189024,2.472083769,0.52081038,0,0,1.0624,0.7,6.26215601,4.429850101,-0.086642914,0.209042703,nan,2.5780551,3.3394759,56944496498,17.398354,1.7170367,97.614235,5.240963,443.2887,26.856522,5.416802,1.0345366,60.0532,3.2146626,182.04196,9.09742,10.57692308,1,0.6371,0.745191582,6.4845,0.291,0.6192,0.0698,0.5546,0.021,83.7908,2.8524,10.93659358
61775,34.45482338,-5.214855402,0.01845795,nan,nan,28.96732446,2.810112832,34.2828632,5.154393964,50.71094118,2.62369431,1.257579791,5.158066457,0.944733125,1.455910324,4.511814003,1.546832939,-1.843449687,4.094077572,14.09038706,4.114865838,50.4900574,3.642124056,131.5436249,3.600868657,243.3907652,2.536242364,415.9595951,3.043505063,544.7878378,5.519798128,583.0050711,3.296333509,1.53799522,2.695773871,0.649543859,0,0,1.4048,0.7,7.270458698,4.990777969,-0.285067648,0.240606067,nan,2.711337,10.859673,29370247081,33.308453,2.8194618,137.6124,8.139633,630.1654,27.170105,12.328786,1.7613301,68.33291,6.1771107,252.96886,12.056648,21.77419355,1,0.9063,1.930117596,-99,-99,6.4495,1096.8357,-99,-99,-89.3527,4.472,11.12254673
62678,34.31635854,-5.213132659,0.019364683,nan,nan,3.014811775,2.983780256,nan,nan,18.54333714,3.291888415,-0.901730913,3.792481354,3.572098943,1.386897086,3.159004766,0.903714819,1.813140667,4.835752551,5.514113983,4.58594521,15.09316499,4.165281209,24.53946826,3.563239879,53.0043159,2.071296882,84.58687936,2.174141302,124.471301,3.978856951,141.775042,2.809245773,1.693270907,3.259034986,0.622180542,0,0,0.6128,0.7,7.310371399,3.115985155,0.949849129,0.279311569,nan,2.7571573,4.4080663,35124669606,8.3952465,1.5499012,27.605848,3.2388496,155.8269,16.068764,3.9471803,1.3194572,21.18079,2.5790129,54.42421,15.338655,7.321428571,0,1.2884,-99,11.1876,0.4,0.2,0.0596,0.2096,0.0108,-40.5413,0.9399,10.63146185
62745,34.23494136,-5.213166983,0.018988677,nan,nan,22.79871592,4.726616802,39.38375289,8.114111062,61.76007532,4.600292049,7.01828787,5.226568092,-2.658674123,2.684855893,0.691888285,3.37236307,-2.27540225,11.21432738,8.970209161,10.75529861,71.66319885,9.366827556,113.8971153,9.299790187,225.2394545,5.415933696,378.5876288,6.166186311,489.7361116,10.2585675,562.1283746,6.805439968,1.198118376,2.904830066,0.845060485,0,0,1.904,1.4,10.22725105,5.171960831,-1.412444234,0.3401571,nan,2.501221,5.5024962,1.16E+11,13.241114,3.2457175,92.11374,5.645153,590.89996,23.389984,3.1210327,1.5945055,54.293316,3.5320072,190.35704,11.00103,6.85483871,0,1.7981,-99,45.4601,10.7472,2.4935,0.3553,0.4027,0.026,5.3154,2.4123,11.26359538
63215,34.29597357,-5.212802138,0.019278656,nan,nan,7.609044579,1.601810187,nan,nan,16.61260264,1.474840959,-0.764049909,1.71156557,2.362735241,0.952453549,2.646715325,0.900036073,3.553692886,2.130628022,5.034359297,2.079737441,15.03363307,1.819682065,30.07955669,1.525270057,52.10947703,1.082165216,79.57840452,1.284208973,104.0457516,2.049434826,121.6731383,1.392767396,1.352776127,nan,nan,1,1,0.2672,0.48,4.635794163,2.723895788,-0.865720987,0.488457546,nan,2.7039392,0.56344366,22721990832,13.150929,1.5121164,46.352757,8.535723,165.35486,172.41377,6.59611,3.1047294,34.20463,2.7937489,77.47297,12.781788,13.48747592,1,0.9866,0.464219294,4.1678,0.1778,0.658,0.0832,0.6382,0.0256,29.6391,3.7601,10.28109104
63216,34.29599528,-5.212597643,0.019281877,nan,nan,31.61793428,2.196713182,nan,nan,52.42288286,2.042280766,4.816411893,2.575784111,14.94093879,1.271712701,17.2349402,1.464538323,24.01907423,3.557877548,28.35213394,3.563495394,51.71896398,3.0674183,68.49463629,2.823828716,110.6720428,1.711098931,144.787569,1.799227054,192.1364188,3.181476596,224.5027838,2.122967363,1.187328163,nan,nan,1,1,1.488,0.7,11.63657951,5.172597408,-1.257782936,0.537704914,nan,2.685279,6.1479926,41413712036,37.794083,3.3962536,67.148186,4.493208,234.70413,18.564163,25.824486,1.9546824,55.986027,4.7248955,100.335335,29.515465,26.34408602,1,0.1584,0.149645332,8.4856,0.2671,1.2083,0.0575,0.3653,0.0079,12.7322,0.8515,10.53153213
64041,34.45190816,-5.210599993,0.018472584,nan,nan,29.05259521,4.362444923,60.52472669,7.700207024,84.50124426,4.485919887,-3.469188406,10.13305023,-1.620840003,2.58033552,5.509133149,3.096009691,5.960562529,9.693864051,25.72192955,9.533735292,64.86212437,8.593828678,152.1923292,9.009124911,295.6734651,6.047557047,499.4687053,7.268127806,649.6943671,11.70835611,716.4085961,7.377281663,1.111469775,2.653925117,0.741485755,0,0,2.0304,1.4,7.545972824,6.46536541,-0.723380446,0.230197909,nan,2.5841086,2.4030502,1.38E+11,26.75827,3.1700354,133.46768,7.084152,778.9466,29.907715,8.683185,1.1311979,79.11867,3.326931,265.33932,16.402946,10.35714286,1,1.0173,1.203229719,6.9439,0.6247,1.7889,0.1748,0.6007,0.0358,51.1729,4.0513,11.26274672
64146,34.41783055,-5.210375299,0.019056482,nan,nan,88.94943853,4.709559129,115.8155929,8.405380912,160.9089466,4.589283814,4.030145032,6.118592625,nan,nan,42.35655738,3.56649044,43.0530104,10.2471851,82.65345257,10.17888306,155.136987,9.406902567,207.8948442,9.477808956,269.4275594,6.105200441,356.6834279,6.345364389,377.422429,9.559701548,415.8314307,6.201191737,1.144868301,2.602915339,0.737201078,0,0,1.7696,1.4,9.443609238,5.308769226,0.226454362,0.305279822,nan,2.6270323,1.7283541,46870628318,87.97346,5.823738,183.83556,13.535004,437.45792,29.312592,53.542427,7.8290043,150.15567,7.8968964,255.09021,14.883347,7.276995305,0,-0.2816,-99,11.4449,0.4221,1.5444,0.0566,0.5238,0.0117,-73.0825,1.2909,10.77809719
64200,34.44041926,-5.210206735,0.018698057,nan,nan,5.994680873,2.601031027,0.394306948,4.347338203,6.750328166,2.409922836,nan,nan,1.329242489,1.449732991,-0.889663687,1.628807798,0.640469055,2.844194648,1.958770458,2.739257781,3.759399393,2.356679885,15.35546225,2.086217673,34.35293123,1.151893067,74.76492207,1.280957041,105.8476497,2.296427284,135.9630942,1.553134838,1.427055275,3.065267096,0.561167129,0,0,0.6656,0.7,4.817238808,4.348401546,-0.413062125,0.220790932,nan,3.1907587,5.4193525,61894866929,5.111991,1.4327998,22.309593,1.887106,204.1876,14.478905,2.164693,1.1459941,11.956248,6.3096213,52.300774,1.9595947,1.866666667,0,2.1744,-99,5.3466,0.283,0.2,0.0797,0.5751,0.0365,72.9622,4.4002,10.87130791
64287,34.22854753,-5.210093572,0.018914645,nan,nan,103.2787227,3.015394377,130.390217,5.386344764,160.5981253,3.01998291,30.86346355,3.295567226,54.21966818,1.536695445,61.89908476,1.537039435,74.16269049,4.866087444,82.77622172,4.781425,173.4909875,4.35830285,198.0510153,3.939108677,226.2936342,2.519149518,278.3846165,2.675029564,290.185351,4.319791914,312.7915483,2.854328469,1.52101976,2.678350685,0.585414922,0,0,1.1488,0.7,7.631019115,3.912822723,0.958555162,0.225060514,nan,2.5884712,4.201853,24173428796,113.915474,6.9716682,193.49203,12.595177,311.0895,20.7538,78.40461,4.832859,172.44067,9.378273,225.56792,12.609032,10.82995951,1,-0.9455,-0.999444596,5.9893,0.1122,1.3672,0.0385,0.2772,0.0043,-38.1765,0.3953,10.72503688
64765,34.45716692,-5.209154595,0.018374827,nan,nan,72.29243594,4.643464466,97.74998194,8.040727034,121.5233182,4.734029721,8.700145476,10.95264105,29.93320656,2.779617448,53.03720011,3.379107548,52.67396988,10.99312846,80.30689691,10.27583842,109.4035309,9.464890697,188.8064968,9.429480423,300.3511899,6.045596987,330.2793122,6.21075211,428.7500283,9.921221665,468.8675804,6.384663881,1.114469351,2.881348185,0.756395674,0,0,1.6528,1.4,7.204238415,5.978586674,1.430567145,0.250604379,nan,3.1968036,6.578988,91868364919,104.70096,3.7796402,177.43814,30.47927,645.4186,96.311035,64.055016,2.977356,125.130585,5.969761,275.96646,29.852768,4.797979798,0,-0.8875,-99,6.0645,0.1468,0.7323,0.0559,0.4996,0.0149,18.8993,1.4283,10.52987957
64863,34.37219897,-5.20885056,0.019500621,nan,nan,75.64758989,2.805311245,94.42571734,4.009321437,120.9280612,2.654174199,17.88150433,2.910245589,45.53449923,0.925397781,60.8826514,0.934112102,67.90357286,3.170962411,78.64140627,3.110708457,120.0773614,2.808460762,169.0008947,2.563576229,193.9994786,1.774451683,192.3956049,1.789689737,213.0511048,2.927773331,226.9369752,1.887711599,1.449517088,2.852485266,0.608839102,0,0,1.0768,0.7,6.566507339,4.336145401,0.106911108,0.217853241,nan,2.9761941,6.868504,23730682429,100.62113,10.223251,164.24469,29.590889,249.37877,32.844658,75.035866,3.0487137,147.3892,20.77412,163.76476,101.5342,1.169590643,0,-1.0696,-99,5.5763,0.0603,1.2202,0.0199,0.375,0.0034,83.8739,0.3248,10.57399104
65060,34.32708023,-5.208564719,0.019465263,nan,nan,38.17466816,3.001783208,58.15288546,5.159737057,71.60393549,2.874862167,3.025710291,3.481033467,10.25192763,1.139392085,13.3130648,0.832611082,15.03419425,4.844813286,37.29253526,4.718355122,78.55200737,4.129859795,161.7822467,3.997322445,246.8863817,2.648067086,409.0497762,3.15867724,532.7508073,5.366167819,582.1494687,3.49498193,1.633129656,2.973900208,0.73908324,0,0,1.5344,0.7,7.827721596,4.931494713,-1.331716895,0.262261016,nan,2.6434877,6.7551017,89934510834,48.757298,4.056925,151.7792,11.196678,601.97986,38.688416,25.361341,6.0419292,85.39058,8.06868,240.81638,16.224594,30.32786885,1,0.3458,1.081190759,10.4432,0.4182,0.2899,0.0729,0.4293,0.0235,17.6754,2.6161,11.12094102
65168,34.47666921,-5.208347431,0.018024229,41.20151429,1.818087217,67.43087893,2.566708829,124.3758506,4.490428368,188.6813737,2.710232576,-0.183500906,3.701460879,11.03225778,1.536396706,22.30994694,1.643773583,30.02013651,3.782703013,49.8021388,3.901514976,168.5410245,3.84453639,314.9145709,3.94608364,502.2630687,3.272921094,704.287114,3.81394912,849.36025,6.081487431,936.6703535,3.740312807,1.314184043,2.208995559,0.507373238,0,0,1.488,0.7,6.373281002,5.173475266,-1.517790794,0.175073489,nan,2.7141469,2.041834,1.23E+11,94.51815,5.2161217,319.6811,38.069595,977.076,97.727264,42.951057,2.060009,235.6501,19.182854,493.86203,207.4172,17.29323308,1,0.4595,-0.002170372,3.1824,0.0792,4.658,0.1485,0.727,0.0098,-3.5374,1.3565,10.94378519
65956,34.24286799,-5.207692232,0.019081711,nan,nan,58.21592529,2.250734441,51.92586921,3.953827983,67.63086739,2.097827559,7.403098556,2.326621286,32.4099812,1.518132427,47.46878435,1.471109692,47.48190696,2.611443516,58.70421417,2.576042686,71.30715493,2.21919683,114.4984207,2.08191141,128.4095871,1.277323491,132.006131,1.282257402,152.2821769,2.167751147,156.8344161,1.433266613,1.187328163,nan,nan,1,1,1.4192,0.7,6.551665783,6.04002142,0.590227902,0.282351864,nan,3.4597483,9.288037,21556287549,79.16169,3.217327,121.62306,7.050514,178.82736,84.66823,57.372803,2.207367,105.59633,18.57862,130.90405,7.2530785,4.47761194,0,-1.2627,-99,5.8012,0.0493,0.6436,0.0154,0.4499,0.0032,-73.824,0.401,10.49914754
66457,34.4022087,-5.205795999,0.019346885,nan,nan,90.30770318,5.577188008,112.231547,9.736728404,158.044741,5.685312655,-3.360497405,5.415535024,23.23352615,2.982829125,24.51362914,3.650824222,23.40703903,9.935090874,50.70710332,9.695056211,150.1148091,9.00003255,207.3517603,9.116669327,290.1276944,5.704858233,385.5904638,5.998826571,418.814578,9.019658677,451.663027,5.952574391,1.319873908,2.920250391,0.842555624,0,0,1.8656,1.4,9.9909935,5.207488537,-0.758430541,0.365218422,nan,2.5005379,5.8224697,45051130055,84.387985,5.4245834,207.05743,23.912872,450.74368,21.392288,40.264305,3.4508533,154.29158,6.093918,277.97476,21.587418,2.512562814,0,-1.0222,-99,9.184,0.3275,2.0047,0.0721,0.3775,0.0079,55.0297,0.7002,10.74479149
66487,34.2409204,-5.20557352,0.019075677,nan,nan,5.357879284,2.535237745,9.45202944,4.466691049,17.35870821,2.283141655,-1.387558714,2.634891014,0.503948883,1.527488982,1.577572487,1.523561484,-2.145344586,3.303964815,8.54481359,3.229657942,15.33286207,2.78616827,47.53093708,2.487656352,109.3711866,1.882194019,156.0020417,2.066107622,211.15663,3.611200665,236.1536935,2.480983712,1.392387192,2.798984094,0.53651067,0,0,0.8144,0.7,5.587179661,4.110013485,1.494341493,0.204122018,nan,3.2097006,4.0487742,44733418130,15.6793785,1.5185385,66.71685,4.0471992,300.64816,28.68547,6.0909367,1.5383189,35.271645,19.309761,128.46591,10.647598,0,0,0.0821,-99,6.3226,2.7566,0.9182,0.6774,0.9948,0.3213,39.0033,2761.7244,10.77190083
66628,34.41695936,-5.205290156,0.019061545,nan,nan,70.04237622,3.152901869,99.87204975,5.469236857,121.4840169,2.831812219,10.01970748,3.127816329,22.16337067,1.762062386,29.13254138,1.769240382,33.67684822,4.641982309,56.0856079,4.556387489,125.0824684,4.260236826,168.6195028,4.016891413,218.2521453,2.658312165,274.8209218,2.786043932,295.9330081,4.546879615,317.7078705,2.940221923,1.613845703,2.901027548,0.700495716,0,0,1.3808,0.7,8.258453369,4.412539005,-0.732117653,0.255196073,nan,2.5067666,1.6986167,26360328963,72.78812,4.803589,166.81302,21.69902,314.54364,14.102158,42.476315,4.2708397,131.1117,6.6496887,213.81506,15.516815,6.513761468,0,0.0148,-99,3.4122,1.298,0.4844,0.5419,0.6031,0.2416,46.4776,33.5151,10.77911743
66786,34.26257345,-5.205089943,0.019180212,nan,nan,54.70902292,4.573444549,76.14020792,7.48592579,120.4159231,4.62584286,11.60690837,5.537833328,5.5154445,2.657457443,17.67786663,2.945257643,18.18789073,10.41636838,26.8092328,10.11920899,120.4263288,9.429710439,239.7880677,9.446005791,520.6861204,6.641754908,842.5471273,8.102218751,1073.921654,12.98384144,1201.104674,8.431553144,1.127694159,2.587190626,0.798803302,0,0,2.4272,1.4,8.405434608,7.088309765,1.539015412,0.303181135,nan,2.7123694,8.182678,1.83E+11,36.019028,5.406045,206.30775,11.161903,1414.9724,123.96088,12.7303505,1.7758336,121.00685,11.371273,486.5089,26.944077,7.096774194,0,1.4614,-99,9.0531,0.1354,0.6343,0.0232,0.7155,0.009,23.2429,1.6486,11.61312094
67512,34.26221151,-5.203471894,0.019188172,nan,nan,20.01733076,2.483017629,25.67544732,4.006731364,42.22657349,2.351474379,-2.199595395,2.030815387,1.445257821,1.19855453,2.758147819,1.280318217,7.987778615,3.914163284,14.87009543,3.84441923,42.88569143,3.421203449,101.4584685,3.275273399,258.2199038,2.433533771,473.9556172,3.052442417,646.4134856,5.233516242,747.2027059,3.506460603,1.297268226,2.486461257,0.507416697,0,0,1.1472,0.7,5.200955391,5.004526615,1.077348232,0.183799314,nan,2.682643,4.0972342,1.60E+11,25.608088,2.6904135,101.30827,9.715439,793.8145,60.94333,10.516025,1.8276644,53.878475,5.3826046,251.30104,36.155235,29.6875,1,2.1812,1.450125139,3.3255,0.0799,0.4475,0.0464,0.7953,0.0202,-18.9385,4.3021,11.45464925
67518,34.26322528,-5.203436464,0.019192734,nan,nan,25.50774879,2.528288835,35.22925461,4.193841736,58.95364443,2.59929947,6.35180788,2.18690396,6.432780023,1.495129398,13.22159685,1.429660626,16.31543817,4.273716849,28.22729491,4.035235359,61.37988527,3.628230807,101.1246654,3.317725041,134.2890625,2.068482259,158.2348016,2.140169809,187.0837855,3.605015053,196.2270997,2.38368444,1.354206217,3.196005628,0.596805725,0,0,0.8016,0.7,5.315617561,4.099936962,-0.789153099,0.191629801,nan,2.8749406,10.485256,26768635537,37.908333,3.162571,106.88458,7.511223,213.04686,23.451164,22.582447,1.7249441,88.64997,4.6399612,139.26965,81.49986,6.742857143,0,-0.2818,-99,4.0808,0.1453,2.0501,0.1194,0.5549,0.017,42.2217,1.6675,10.17269692
68077,34.46375847,-5.202293118,0.018214385,33.7630684,3.893343668,63.95071071,5.052207277,107.7171633,8.658920029,149.8450601,5.165220877,-31.02570944,10.11445413,8.315940019,3.083393169,23.84993157,3.600576207,17.55525292,11.42744139,46.5225032,11.3315397,149.8264357,10.45341785,220.9038171,10.42916774,319.3046764,6.306842596,435.1441411,6.660519307,489.4712377,10.41634776,536.3364178,6.989827226,1.230108522,2.576163591,0.889865058,0,0,2.6816,1.4,10.59687805,7.037258625,1.549468517,0.336994738,nan,2.6529744,12.342517,52909554472,65.04777,4.424629,202.99872,14.86235,585.6382,48.341553,26.803778,2.1362572,150.97247,10.777382,301.84848,25.467865,13.08016878,1,-0.011,0.014115166,21.3453,1.9054,2.7537,0.16,0.6869,0.0223,1.8522,2.936,11.13834475
68212,34.35619102,-5.201797238,0.019531622,nan,nan,30.44049148,3.114489541,41.46499126,4.537656191,61.80029534,2.680201345,2.396300472,2.009842855,11.80957241,0.699719883,18.20538326,0.604479917,19.35960749,3.285480321,26.18157854,3.236224697,53.2224529,2.924301775,90.58014634,2.708494806,151.2866848,1.752274428,186.2252191,1.818176093,232.6246696,2.976916951,256.9660701,2.080946337,1.404900159,2.60086144,0.501217632,0,0,0.8784,0.7,6.14222002,3.778965235,-0.717890859,0.203906275,nan,2.868804,4.0776124,44614910715,40.685204,3.4647121,88.7361,25.64296,291.01752,55.246315,25.169155,3.5674047,74.14416,13.831915,128.18999,22.145283,12.63858093,1,-0.6907,-0.812388969,5.7679,0.1105,0.966,0.0392,0.3865,0.0061,47.3359,0.6667,10.35844178
68466,34.26524941,-5.201239786,0.019214325,nan,nan,180.3831513,4.60198899,263.9771664,8.291603876,329.6623732,4.825657357,1.569433941,5.776154239,39.16952472,3.226150997,65.05417919,3.695164969,63.49249755,10.43051552,137.864996,10.6128176,332.6983962,10.7913148,505.5406777,11.9774931,744.0083215,9.19577429,1160.803845,11.18470945,1470.549125,17.10320823,1622.017047,10.70656213,1.095947275,nan,nan,1,0,2.5632,1.4,9.21564579,6.140629292,-0.354310155,0.219428357,nan,2.59172,7.907866,2.84E+11,155.49014,7.6794205,439.17123,21.588058,1784.9224,83.3587,71.044624,5.6398277,303.99744,13.365128,683.61383,43.16458,29.26208651,1,0.5527,0.190268829,8.5473,0.407,2.0246,0.1013,0.4431,0.0126,65.4766,1.2978,11.34445776
68629,34.40425969,-5.200802195,0.019303005,nan,nan,41.40489068,4.148488841,60.15146935,8.924943565,108.0033215,4.066884514,3.858025943,6.135206343,-3.069546838,3.347821038,2.962462241,3.566733252,15.07576774,11.26414136,28.68305314,10.7652993,98.6601591,9.926501996,186.7366299,9.885689241,281.5632287,6.026071638,369.0583906,6.255998343,414.1929741,9.814446284,443.7987352,6.379369483,1.215374981,3.005268299,0.923148773,0,0,2.1568,1.4,10.05171204,5.867010593,0.449998409,0.324532888,nan,2.5752568,2.8172722,56426360002,41.377872,3.1854553,172.64828,9.237442,465.4821,20.652786,14.6546135,2.2723918,116.337425,5.762474,266.56027,16.055061,3.181818182,0,-0.1641,-99,-99,-99,4.3177,3150.4927,-99,-99,26.2574,415.3072,10.99584351
68846,34.32985193,-5.200347468,0.019610047,nan,nan,46.07108151,2.207806055,45.06567535,3.720526917,58.08888535,2.00057083,10.48233333,1.873404854,18.85513689,0.82303391,30.58745314,0.92429628,30.07059951,3.509710409,42.35161637,3.42137149,61.98562225,3.004544962,101.678343,2.756103721,115.5174053,1.801962306,143.666108,1.890226252,160.0188619,3.267088014,169.7840471,2.112775432,1.187328163,nan,nan,1,1,0.9408,0.7,9.486318588,3.840393305,1.495281339,0.76521357,nan,3.1368046,16.036917,27468792370,56.271576,2.4139214,104.97925,19.227322,192.78969,50.107162,42.531017,2.1564655,75.2066,25.702976,127.72487,12.701969,2.302158273,0,-1.1192,-99,10.66,0.1872,0.6923,0.0303,0.2746,0.0045,-0.9423,0.423,10.0219198
69169,34.43050051,-5.199252213,0.018746255,nan,nan,2.31286955,2.894515114,6.149980783,4.935930161,6.800325138,2.676984747,nan,nan,-0.4613668,1.745092618,0.154292476,1.696821218,-1.305997946,4.768861209,-10.01804211,4.405809,-1.624642776,3.858988642,17.76084346,3.315827573,75.16356259,1.931960849,166.2957365,2.250582185,294.1792025,4.29034856,378.2486734,2.9461047,1.597891024,2.972374714,0.637824884,0,0,0.9456,0.7,6.484171391,4.438347816,-1.321363211,0.269271115,nan,3.4885774,12.423579,1.62E+11,5.935892,1.2263114,46.82935,9.443834,715.8236,33.942993,1.4761747,0.49005967,16.16919,5.7826304,140.33794,5.943512,2.291220557,0,2.4876,-99,2.0819,11.6175,0.2445,3.8785,-99,-99,22.3477,473.8244,11.39821139
69251,34.39477443,-5.198951078,0.019453049,nan,nan,81.14432133,2.77226531,98.72922876,3.420896081,113.458069,2.643652036,23.11778248,2.078677311,59.36816291,1.084027378,77.72552379,1.325532444,76.7003744,4.5753086,90.15948701,4.367139725,121.9881266,3.875830928,167.5811768,3.576963335,186.7067062,2.317443027,185.4865219,2.184958123,219.4231377,3.604448221,225.5767466,2.454904954,1.399934828,2.74690068,0.541584742,0,0,0.888,0.7,6.159674644,3.944293022,-0.319444686,0.238720327,nan,3.0981498,7.713313,35989522387,111.650665,9.026047,153.37877,41.68525,250.3076,133.36604,84.14408,3.371914,118.07675,21.294025,160.61563,66.82156,2.352941176,0,-1.3332,-99,2.4616,0.1351,1.7825,0.2552,0.4901,0.0357,61.8657,2.8953,10.72446594
69562,34.37212234,-5.197900828,0.019532441,nan,nan,75.65630111,4.763242077,103.2784254,7.661702157,139.2217971,4.850956883,-2.408928657,5.648098663,13.44944902,2.064850563,27.0175378,2.263545854,13.791279,8.523487522,53.03793131,8.242344235,126.4721634,7.736089643,233.9196015,8.110629629,445.6622797,7.193149738,644.6109522,8.144024968,887.7430954,13.11183365,974.1704545,8.503747676,1.095947275,nan,nan,1,0,2.0608,1.4,6.997560501,6.609505653,-1.257804632,0.218061298,nan,2.7356863,11.190606,1.95E+11,88.90628,5.35458,225.39119,18.140984,1083.4143,113.30875,44.6357,5.531309,147.75734,12.539658,398.6466,64.49956,14.89361702,1,-0.0933,0.154149143,4.7211,0.0889,2.3113,0.064,0.5772,0.0088,43.1459,0.8719,10.86073027
72504,34.4500128,-5.169491227,0.018380598,nan,nan,15.32268471,2.126572477,16.79346753,3.813714822,24.62644935,1.998928534,nan,nan,6.331244758,1.231637167,9.939686137,1.213305415,8.454597259,3.506662309,12.87338493,3.339830127,29.10111918,2.906945811,49.87167485,2.682994032,74.74920806,1.612877643,91.41478099,1.595354977,111.7240441,2.831310177,124.2421033,1.859426968,1.187328163,nan,nan,1,1,0.856,0.7,7.121800423,3.863157034,0.610242069,0.397734688,nan,3.0399158,3.5709174,25915121918,21.760405,1.3346682,54.99169,24.445156,147.78058,29.140987,13.269644,2.021665,39.84547,29.889744,73.91112,17.720684,0.288461538,0,-0.8368,-99,8.7203,0.1556,0.288,0.0297,0.3679,0.0081,-57.6541,0.817,10.03618525
72955,34.33821238,-5.166200649,0.01994738,nan,nan,5.573760792,2.140686957,11.6885928,2.750811021,15.76793148,2.064548449,1.370700672,2.301040512,0.69495683,1.219527884,-0.641996905,1.503682342,7.046516556,3.463737422,11.44750542,3.373422746,17.01883598,2.942514175,59.75880285,2.699371601,97.7683383,1.690165046,137.7779337,1.80056766,158.9525083,2.934542761,182.0451562,1.901688534,1.187328163,nan,nan,1,0,0.4064,0.7,3.415066481,3.1681602,1.305795908,0.130941097,nan,3.3864558,9.734608,58312637977,19.888142,1.7534885,82.981285,4.7206955,243.91472,25.39019,7.565293,1.3397312,58.97001,12.18589,126.37023,6.4706,1.705882353,0,0.0081,-99,1.7151,0.0384,0.814,0.0816,0.6204,0.0169,-67.2261,2.1535,10.81999171
74227,34.36098442,-5.156979247,0.020056548,nan,nan,3.331659738,1.269740153,6.0102149,2.309964167,5.305944002,1.218422412,0.239980701,0.949593465,1.121577314,0.534073501,1.697800729,0.575616015,2.227803209,1.257909083,3.62701692,1.267460623,4.302051271,1.070890668,10.61149784,0.863641665,10.1214486,0.642262302,9.138748776,0.594407694,10.2930361,1.111655897,10.5610549,0.837833924,1.713114745,3.679752064,0.273067824,0,0,0.0688,0.32,2.140301943,1.608084679,0.057693016,0.113048698,nan,3.4991827,0.94741046,1.46E+11,3.1077485,2.1620207,24.828201,12.004902,346.12192,1048.8782,1.8777982,0.9482158,8.947344,2.7465348,83.96727,106.88605,1.568627451,0,-0.1446,-99,1.3608,0.2527,0.5768,0.7628,0.5876,0.1757,-42.0562,18.4864,10.1643576
74487,34.33989174,-5.155327639,0.019953744,nan,nan,67.13316958,2.674545022,96.31632635,4.60552865,132.0428574,2.696996967,-1.257193867,2.799043395,14.581384,1.587411131,29.4952191,2.018863806,32.36602757,2.835918298,55.61908,2.867978976,125.3950785,2.691326612,198.9212423,2.558031508,276.1977145,1.874302815,311.9952337,1.883226662,368.1357623,2.948471319,379.6671911,1.943602762,1.409095564,2.601760022,0.580476816,0,0,1.3712,0.7,5.690176487,5.467509747,-1.125403643,0.318433418,nan,2.7349198,8.55422,29105388309,89.057045,5.2811813,200.77988,14.141167,385.36203,37.731827,48.191772,4.998461,158.26512,10.621765,262.71335,62.921814,17.70538244,1,-0.2922,0.448031916,4.1429,0.0327,0.9441,0.0144,0.7548,0.0052,41.6961,0.9771,10.70353952
74724,34.3631581,-5.153532561,0.020025471,nan,nan,60.3305392,4.3105768,58.66946707,7.309542591,83.13403594,4.201652702,10.17352545,5.01158727,24.80853849,2.646692018,30.03583207,2.922611113,33.14823313,9.382294386,48.99012292,8.966355335,74.4820765,8.104863431,120.8004021,8.037635362,152.6475281,4.906588443,232.1202157,5.095961569,276.0635682,8.066444262,308.7611526,5.197467792,1.095947275,nan,nan,1,0,1.5616,1.4,11.54378128,4.356080532,0.666559219,0.429830459,nan,2.5829601,2.274224,64572078341,48.114494,2.8700142,109.01332,8.7838745,362.7188,20.475616,30.608656,3.3057766,77.23897,7.077606,152.51427,9.014153,11.88481675,1,-0.2242,0.748401884,-99,-99,3.2929,94.9553,-99,-99,-20.6565,406.9371,10.45390156
74870,34.4276654,-5.152417394,0.018977477,nan,nan,23.01059448,4.566044162,nan,nan,65.23671162,4.455508388,-13.9993789,9.032241248,8.81511867,3.315267055,7.08352589,3.918510985,-20.69630874,10.570354,16.99267885,10.49559619,48.74130281,9.45976394,199.4125808,10.16357538,391.7533952,7.9627392,566.0143657,8.860704988,nan,nan,839.2103279,9.057159909,1.189938397,2.757165628,0.926012657,0,0,2.7472,1.4,10.04860115,7.015886307,-0.691988945,0.238541921,nan,3.068858,18.223667,1.80E+11,34.800045,4.185071,242.04944,12.750275,1153.4375,153.04013,10.080527,2.2420948,136.1461,6.0869293,457.1405,17.592346,-16.96252465,0,0.7807,-99,4.1429,0.2233,1.2356,0.1682,0.4945,0.0306,65.3426,2.8746,11.39212746
75377,34.33668063,-5.147562811,0.019926611,24.48840317,3.973946543,36.29604595,4.251695949,33.66365476,7.229783032,77.43180487,4.070847873,-0.779508329,4.998984988,4.251350992,2.491869682,10.80397995,2.96020367,3.461582354,8.652447275,17.00079795,8.686429379,60.49689362,7.796623901,109.8339751,7.844139355,179.2729717,5.202676858,224.9713839,5.14189961,nan,nan,283.540764,5.371202181,1.095947275,nan,nan,1,1,3.0256,1.4,15.38659668,7.712282658,0.920603693,1.179159632,nan,2.7269022,4.657047,28783030662,16.742857,1.7035828,57.279865,3.8721123,190.44563,15.915207,8.8221035,1.4877801,44.340595,2.5431995,96.00598,12.326031,5.490196078,0,0.2662,-99,17.1469,0.555,1.0925,0.0407,0.5437,0.0108,-25.6106,1.4073,10.85593621
75419,34.45161114,-5.147210449,0.018400485,nan,nan,25.69196034,4.130334376,nan,nan,43.3040616,3.754669175,-1.584669807,7.865846537,7.016294897,2.946597486,6.011889386,2.921548626,21.30547028,5.948462574,19.33483046,5.803768406,54.43729452,5.352139136,83.56139992,4.833519506,121.8744792,3.073778948,178.8725011,3.401691429,231.1079081,5.475479278,248.3864591,3.726091469,2.292474834,2.988981293,0.763991848,0,0,1.2032,0.7,10.53773117,3.874930859,-1.002657175,0.378763223,nan,2.6471827,7.94198,42673630615,33.57488,4.4089737,78.6744,5.7756004,257.37646,17.083458,17.111908,2.3015103,51.619568,3.160822,119.45376,11.112331,12.59541985,1,0.1114,0.397557962,0.9795,0.5751,0.2,4.1755,0.3281,0.7719,-56.5105,31.566,10.62449723
75644,34.33008657,-5.144588144,0.01988412,67.49984014,2.450089711,72.55831053,2.931954457,75.09683517,4.945085942,98.27862138,2.676529478,9.073423445,3.255374082,43.02568226,1.752198319,62.6847667,2.122350627,60.39933224,3.979791836,72.65482527,4.129641823,93.0058997,3.751406048,150.3076934,3.485050919,169.9226327,2.522905138,178.6798708,2.478451881,205.6100908,3.973240201,219.0181919,2.615069689,1.543815432,3.193973342,0.673812704,0,0,0.9616,0.7,6.654909611,4.179782391,0.739008546,0.256035789,1.0639,3.1652436,7.256596,40527047192,91.57135,4.0873985,143.64098,31.056461,242.47787,110.18364,71.25086,2.6618881,121.116844,120.82757,159.90941,28.170753,18.78453039,1,0.5935,-99,6.235,0.2721,0.7671,0.0929,0.1709,0.0099,-53.1312,0.772,10.08165493